maturity_days,strike_over_forward,scenario,fee_bps,rebalance_days,contrast,batch,n_paths,difference
63,0.9,reference,0,1,Heston_minus_BS,0,512,0.14841116883143007
63,0.9,reference,0,1,Heston_minus_BS,1,512,0.1304531464073513
63,0.9,reference,0,1,Heston_minus_BS,2,512,0.139059051196966
63,0.9,reference,0,1,Heston_minus_BS,3,512,0.16825502247640528
63,0.9,reference,0,1,Heston_minus_BS,4,512,0.13258446592643675
63,0.9,reference,0,1,Heston_minus_BS,5,512,0.1255590138562319
63,0.9,reference,0,1,Heston_minus_BS,6,512,0.09523286226214035
63,0.9,reference,0,1,Heston_minus_BS,7,512,0.11383286168791706
63,0.9,reference,0,1,Adjusted_minus_Heston,0,512,-0.1735885330217889
63,0.9,reference,0,1,Adjusted_minus_Heston,1,512,-0.15552206765037574
63,0.9,reference,0,1,Adjusted_minus_Heston,2,512,-0.1704825305965283
63,0.9,reference,0,1,Adjusted_minus_Heston,3,512,-0.207418887478781
63,0.9,reference,0,1,Adjusted_minus_Heston,4,512,-0.15746103134406858
63,0.9,reference,0,1,Adjusted_minus_Heston,5,512,-0.13815704176323323
63,0.9,reference,0,1,Adjusted_minus_Heston,6,512,-0.09107734878479723
63,0.9,reference,0,1,Adjusted_minus_Heston,7,512,-0.1288198176862199
63,0.9,reference,0,5,Heston_minus_BS,0,512,0.18340939072315723
63,0.9,reference,0,5,Heston_minus_BS,1,512,0.15329284141101585
63,0.9,reference,0,5,Heston_minus_BS,2,512,0.16333190832672073
63,0.9,reference,0,5,Heston_minus_BS,3,512,0.2111503655332609
63,0.9,reference,0,5,Heston_minus_BS,4,512,0.15897627819085725
63,0.9,reference,0,5,Heston_minus_BS,5,512,0.1376652740837415
63,0.9,reference,0,5,Heston_minus_BS,6,512,0.09723900202380661
63,0.9,reference,0,5,Heston_minus_BS,7,512,0.1474081125595539
63,0.9,reference,0,5,Adjusted_minus_Heston,0,512,-0.23051896380608414
63,0.9,reference,0,5,Adjusted_minus_Heston,1,512,-0.1825368463154698
63,0.9,reference,0,5,Adjusted_minus_Heston,2,512,-0.20321192894691026
63,0.9,reference,0,5,Adjusted_minus_Heston,3,512,-0.2775048385812341
63,0.9,reference,0,5,Adjusted_minus_Heston,4,512,-0.1952611952069201
63,0.9,reference,0,5,Adjusted_minus_Heston,5,512,-0.15583577060892057
63,0.9,reference,0,5,Adjusted_minus_Heston,6,512,-0.08735274897557374
63,0.9,reference,0,5,Adjusted_minus_Heston,7,512,-0.17638322070844167
63,0.9,reference,5,1,Heston_minus_BS,0,512,0.15240669578077157
63,0.9,reference,5,1,Heston_minus_BS,1,512,0.1349666691318022
63,0.9,reference,5,1,Heston_minus_BS,2,512,0.14291957667772232
63,0.9,reference,5,1,Heston_minus_BS,3,512,0.1736064799834685
63,0.9,reference,5,1,Heston_minus_BS,4,512,0.12920508963056415
63,0.9,reference,5,1,Heston_minus_BS,5,512,0.12352035117268714
63,0.9,reference,5,1,Heston_minus_BS,6,512,0.08882889475930555
63,0.9,reference,5,1,Heston_minus_BS,7,512,0.11375192522192655
63,0.9,reference,5,1,Adjusted_minus_Heston,0,512,-0.1777033533260186
63,0.9,reference,5,1,Adjusted_minus_Heston,1,512,-0.16032194977774228
63,0.9,reference,5,1,Adjusted_minus_Heston,2,512,-0.1739418498764333
63,0.9,reference,5,1,Adjusted_minus_Heston,3,512,-0.2140267016134691
63,0.9,reference,5,1,Adjusted_minus_Heston,4,512,-0.14907184562930892
63,0.9,reference,5,1,Adjusted_minus_Heston,5,512,-0.1324345844088447
63,0.9,reference,5,1,Adjusted_minus_Heston,6,512,-0.07754964433242637
63,0.9,reference,5,1,Adjusted_minus_Heston,7,512,-0.12539959452942895
63,0.9,reference,5,5,Heston_minus_BS,0,512,0.1782200009805813
63,0.9,reference,5,5,Heston_minus_BS,1,512,0.1496484136403442
63,0.9,reference,5,5,Heston_minus_BS,2,512,0.15795501384250754
63,0.9,reference,5,5,Heston_minus_BS,3,512,0.20660037491658742
63,0.9,reference,5,5,Heston_minus_BS,4,512,0.14907418293563238
63,0.9,reference,5,5,Heston_minus_BS,5,512,0.12864834143893578
63,0.9,reference,5,5,Heston_minus_BS,6,512,0.08451225712391786
63,0.9,reference,5,5,Heston_minus_BS,7,512,0.13966253464254053
63,0.9,reference,5,5,Adjusted_minus_Heston,0,512,-0.21979345952769377
63,0.9,reference,5,5,Adjusted_minus_Heston,1,512,-0.17414143949048505
63,0.9,reference,5,5,Adjusted_minus_Heston,2,512,-0.19153791134874343
63,0.9,reference,5,5,Adjusted_minus_Heston,3,512,-0.2678948897385618
63,0.9,reference,5,5,Adjusted_minus_Heston,4,512,-0.1763284432809052
63,0.9,reference,5,5,Adjusted_minus_Heston,5,512,-0.1386925584676646
63,0.9,reference,5,5,Adjusted_minus_Heston,6,512,-0.06362175632279275
63,0.9,reference,5,5,Adjusted_minus_Heston,7,512,-0.1607832764873975
63,0.9,reference,10,1,Heston_minus_BS,0,512,0.154829546060126
63,0.9,reference,10,1,Heston_minus_BS,1,512,0.1377864944681642
63,0.9,reference,10,1,Heston_minus_BS,2,512,0.14515644482881673
63,0.9,reference,10,1,Heston_minus_BS,3,512,0.17741470177528085
63,0.9,reference,10,1,Heston_minus_BS,4,512,0.12401270631545
63,0.9,reference,10,1,Heston_minus_BS,5,512,0.11988590329498859
63,0.9,reference,10,1,Heston_minus_BS,6,512,0.08068766753230572
63,0.9,reference,10,1,Heston_minus_BS,7,512,0.11191116272048549
63,0.9,reference,10,1,Adjusted_minus_Heston,0,512,-0.17895540292277892
63,0.9,reference,10,1,Adjusted_minus_Heston,1,512,-0.1620273520234412
63,0.9,reference,10,1,Adjusted_minus_Heston,2,512,-0.17441376073378756
63,0.9,reference,10,1,Adjusted_minus_Heston,3,512,-0.21778501330681738
63,0.9,reference,10,1,Adjusted_minus_Heston,4,512,-0.13740834410998792
63,0.9,reference,10,1,Adjusted_minus_Heston,5,512,-0.12383655248071818
63,0.9,reference,10,1,Adjusted_minus_Heston,6,512,-0.06088337650884984
63,0.9,reference,10,1,Adjusted_minus_Heston,7,512,-0.11876496040027448
63,0.9,reference,10,5,Heston_minus_BS,0,512,0.1728475117591473
63,0.9,reference,10,5,Heston_minus_BS,1,512,0.14583099905827682
63,0.9,reference,10,5,Heston_minus_BS,2,512,0.1523809041305788
63,0.9,reference,10,5,Heston_minus_BS,3,512,0.20188743840111317
63,0.9,reference,10,5,Heston_minus_BS,4,512,0.1389372704763202
63,0.9,reference,10,5,Heston_minus_BS,5,512,0.11946045403605579
63,0.9,reference,10,5,Heston_minus_BS,6,512,0.07156095410404528
63,0.9,reference,10,5,Heston_minus_BS,7,512,0.13168863903975025
63,0.9,reference,10,5,Adjusted_minus_Heston,0,512,-0.20868794176573124
63,0.9,reference,10,5,Adjusted_minus_Heston,1,512,-0.16537675596796866
63,0.9,reference,10,5,Adjusted_minus_Heston,2,512,-0.17944767856412286
63,0.9,reference,10,5,Adjusted_minus_Heston,3,512,-0.25794169301508846
63,0.9,reference,10,5,Adjusted_minus_Heston,4,512,-0.15692729248487108
63,0.9,reference,10,5,Adjusted_minus_Heston,5,512,-0.12120298527189183
63,0.9,reference,10,5,Adjusted_minus_Heston,6,512,-0.03944343479929591
63,0.9,reference,10,5,Adjusted_minus_Heston,7,512,-0.1447167928576738
63,0.9,kappa_minus20,0,1,Heston_minus_BS,0,512,0.16409587861015745
63,0.9,kappa_minus20,0,1,Heston_minus_BS,1,512,0.14532305196692402
63,0.9,kappa_minus20,0,1,Heston_minus_BS,2,512,0.1535682525798453
63,0.9,kappa_minus20,0,1,Heston_minus_BS,3,512,0.1865618157270895
63,0.9,kappa_minus20,0,1,Heston_minus_BS,4,512,0.1467599976511883
63,0.9,kappa_minus20,0,1,Heston_minus_BS,5,512,0.14118805338038043
63,0.9,kappa_minus20,0,1,Heston_minus_BS,6,512,0.10765085928382254
63,0.9,kappa_minus20,0,1,Heston_minus_BS,7,512,0.12758640015710354
63,0.9,kappa_minus20,0,1,Adjusted_minus_Heston,0,512,-0.18861920039772165
63,0.9,kappa_minus20,0,1,Adjusted_minus_Heston,1,512,-0.16963993753700232
63,0.9,kappa_minus20,0,1,Adjusted_minus_Heston,2,512,-0.18343801609596666
63,0.9,kappa_minus20,0,1,Adjusted_minus_Heston,3,512,-0.22248444738021653
63,0.9,kappa_minus20,0,1,Adjusted_minus_Heston,4,512,-0.1702664799011321
63,0.9,kappa_minus20,0,1,Adjusted_minus_Heston,5,512,-0.15024916975585673
63,0.9,kappa_minus20,0,1,Adjusted_minus_Heston,6,512,-0.10044992775524336
63,0.9,kappa_minus20,0,1,Adjusted_minus_Heston,7,512,-0.1415279245495643
63,0.9,kappa_minus20,0,5,Heston_minus_BS,0,512,0.20318770115743262
63,0.9,kappa_minus20,0,5,Heston_minus_BS,1,512,0.171292093381702
63,0.9,kappa_minus20,0,5,Heston_minus_BS,2,512,0.1820299346879694
63,0.9,kappa_minus20,0,5,Heston_minus_BS,3,512,0.23336425750473283
63,0.9,kappa_minus20,0,5,Heston_minus_BS,4,512,0.1786332215371386
63,0.9,kappa_minus20,0,5,Heston_minus_BS,5,512,0.15462072541441946
63,0.9,kappa_minus20,0,5,Heston_minus_BS,6,512,0.11287666339546441
63,0.9,kappa_minus20,0,5,Heston_minus_BS,7,512,0.16425425337360547
63,0.9,kappa_minus20,0,5,Adjusted_minus_Heston,0,512,-0.2499985606524524
63,0.9,kappa_minus20,0,5,Adjusted_minus_Heston,1,512,-0.19965048028093613
63,0.9,kappa_minus20,0,5,Adjusted_minus_Heston,2,512,-0.220182954624557
63,0.9,kappa_minus20,0,5,Adjusted_minus_Heston,3,512,-0.29680063919692856
63,0.9,kappa_minus20,0,5,Adjusted_minus_Heston,4,512,-0.21214810919368304
63,0.9,kappa_minus20,0,5,Adjusted_minus_Heston,5,512,-0.16969011447805632
63,0.9,kappa_minus20,0,5,Adjusted_minus_Heston,6,512,-0.09836504428894242
63,0.9,kappa_minus20,0,5,Adjusted_minus_Heston,7,512,-0.19340261840209116
63,0.9,kappa_minus20,5,1,Heston_minus_BS,0,512,0.1685254358559812
63,0.9,kappa_minus20,5,1,Heston_minus_BS,1,512,0.15022967999711703
63,0.9,kappa_minus20,5,1,Heston_minus_BS,2,512,0.157714801138984
63,0.9,kappa_minus20,5,1,Heston_minus_BS,3,512,0.19241978777535723
63,0.9,kappa_minus20,5,1,Heston_minus_BS,4,512,0.1430759802835836
63,0.9,kappa_minus20,5,1,Heston_minus_BS,5,512,0.13879945227538176
63,0.9,kappa_minus20,5,1,Heston_minus_BS,6,512,0.10117351346499676
63,0.9,kappa_minus20,5,1,Heston_minus_BS,7,512,0.12778606463910958
63,0.9,kappa_minus20,5,1,Adjusted_minus_Heston,0,512,-0.19331970973467416
63,0.9,kappa_minus20,5,1,Adjusted_minus_Heston,1,512,-0.17502397236576633
63,0.9,kappa_minus20,5,1,Adjusted_minus_Heston,2,512,-0.18746361646155246
63,0.9,kappa_minus20,5,1,Adjusted_minus_Heston,3,512,-0.22970317496591386
63,0.9,kappa_minus20,5,1,Adjusted_minus_Heston,4,512,-0.16165057282295026
63,0.9,kappa_minus20,5,1,Adjusted_minus_Heston,5,512,-0.14447016105886676
63,0.9,kappa_minus20,5,1,Adjusted_minus_Heston,6,512,-0.08661324318283184
63,0.9,kappa_minus20,5,1,Adjusted_minus_Heston,7,512,-0.13830933209904256
63,0.9,kappa_minus20,5,5,Heston_minus_BS,0,512,0.19783276836702207
63,0.9,kappa_minus20,5,5,Heston_minus_BS,1,512,0.16748327474922767
63,0.9,kappa_minus20,5,5,Heston_minus_BS,2,512,0.17643081534266886
63,0.9,kappa_minus20,5,5,Heston_minus_BS,3,512,0.22842589903168525
63,0.9,kappa_minus20,5,5,Heston_minus_BS,4,512,0.16804297821272746
63,0.9,kappa_minus20,5,5,Heston_minus_BS,5,512,0.14471051934439288
63,0.9,kappa_minus20,5,5,Heston_minus_BS,6,512,0.09952818209111669
63,0.9,kappa_minus20,5,5,Heston_minus_BS,7,512,0.15605989936107006
63,0.9,kappa_minus20,5,5,Adjusted_minus_Heston,0,512,-0.2390670161716611
63,0.9,kappa_minus20,5,5,Adjusted_minus_Heston,1,512,-0.19114289065911932
63,0.9,kappa_minus20,5,5,Adjusted_minus_Heston,2,512,-0.20831027683733658
63,0.9,kappa_minus20,5,5,Adjusted_minus_Heston,3,512,-0.28692183835008905
63,0.9,kappa_minus20,5,5,Adjusted_minus_Heston,4,512,-0.1924949162474458
63,0.9,kappa_minus20,5,5,Adjusted_minus_Heston,5,512,-0.1519185991968014
63,0.9,kappa_minus20,5,5,Adjusted_minus_Heston,6,512,-0.07380932552220426
63,0.9,kappa_minus20,5,5,Adjusted_minus_Heston,7,512,-0.17736177244607884
63,0.9,kappa_minus20,10,1,Heston_minus_BS,0,512,0.17157147423153343
63,0.9,kappa_minus20,10,1,Heston_minus_BS,1,512,0.1536393195594889
63,0.9,kappa_minus20,10,1,Heston_minus_BS,2,512,0.1604354582341698
63,0.9,kappa_minus20,10,1,Heston_minus_BS,3,512,0.19693791605712446
63,0.9,kappa_minus20,10,1,Heston_minus_BS,4,512,0.1377576865232374
63,0.9,kappa_minus20,10,1,Heston_minus_BS,5,512,0.13498342287876608
63,0.9,kappa_minus20,10,1,Heston_minus_BS,6,512,0.0931437988104469
63,0.9,kappa_minus20,10,1,Heston_minus_BS,7,512,0.12643442944884176
63,0.9,kappa_minus20,10,1,Adjusted_minus_Heston,0,512,-0.19502811206101672
63,0.9,kappa_minus20,10,1,Adjusted_minus_Heston,1,512,-0.177170592830332
63,0.9,kappa_minus20,10,1,Adjusted_minus_Heston,2,512,-0.18836929269632235
63,0.9,kappa_minus20,10,1,Adjusted_minus_Heston,3,512,-0.233945189621518
63,0.9,kappa_minus20,10,1,Adjusted_minus_Heston,4,512,-0.14961299184376456
63,0.9,kappa_minus20,10,1,Adjusted_minus_Heston,5,512,-0.13568821346068016
63,0.9,kappa_minus20,10,1,Adjusted_minus_Heston,6,512,-0.06949596976176645
63,0.9,kappa_minus20,10,1,Adjusted_minus_Heston,7,512,-0.13173322209536076
63,0.9,kappa_minus20,10,5,Heston_minus_BS,0,512,0.19238086954364184
63,0.9,kappa_minus20,10,5,Heston_minus_BS,1,512,0.163586730914678
63,0.9,kappa_minus20,10,5,Heston_minus_BS,2,512,0.17072267587468015
63,0.9,kappa_minus20,10,5,Heston_minus_BS,3,512,0.22341289621820115
63,0.9,kappa_minus20,10,5,Heston_minus_BS,4,512,0.15730417072730174
63,0.9,kappa_minus20,10,5,Heston_minus_BS,5,512,0.13470737223542023
63,0.9,kappa_minus20,10,5,Heston_minus_BS,6,512,0.08604049248709036
63,0.9,kappa_minus20,10,5,Heston_minus_BS,7,512,0.14772235533394643
63,0.9,kappa_minus20,10,5,Adjusted_minus_Heston,0,512,-0.22775151913478434
63,0.9,kappa_minus20,10,5,Adjusted_minus_Heston,1,512,-0.18226427865645772
63,0.9,kappa_minus20,10,5,Adjusted_minus_Heston,2,512,-0.19601999750592145
63,0.9,kappa_minus20,10,5,Adjusted_minus_Heston,3,512,-0.2766984214820061
63,0.9,kappa_minus20,10,5,Adjusted_minus_Heston,4,512,-0.1723690185677574
63,0.9,kappa_minus20,10,5,Adjusted_minus_Heston,5,512,-0.1337976133238482
63,0.9,kappa_minus20,10,5,Adjusted_minus_Heston,6,512,-0.048803438086081605
63,0.9,kappa_minus20,10,5,Adjusted_minus_Heston,7,512,-0.16085125517157994
63,0.9,kappa_plus20,0,1,Heston_minus_BS,0,512,0.1347555700371696
63,0.9,kappa_plus20,0,1,Heston_minus_BS,1,512,0.11755725458246517
63,0.9,kappa_plus20,0,1,Heston_minus_BS,2,512,0.12643694485542795
63,0.9,kappa_plus20,0,1,Heston_minus_BS,3,512,0.1522015027015483
63,0.9,kappa_plus20,0,1,Heston_minus_BS,4,512,0.12021010371280053
63,0.9,kappa_plus20,0,1,Heston_minus_BS,5,512,0.11189030758998031
63,0.9,kappa_plus20,0,1,Heston_minus_BS,6,512,0.08450439043144048
63,0.9,kappa_plus20,0,1,Heston_minus_BS,7,512,0.10197491195316244
63,0.9,kappa_plus20,0,1,Adjusted_minus_Heston,0,512,-0.16033791794303048
63,0.9,kappa_plus20,0,1,Adjusted_minus_Heston,1,512,-0.14309145400463716
63,0.9,kappa_plus20,0,1,Adjusted_minus_Heston,2,512,-0.15901786441329738
63,0.9,kappa_plus20,0,1,Adjusted_minus_Heston,3,512,-0.19407232314519657
63,0.9,kappa_plus20,0,1,Adjusted_minus_Heston,4,512,-0.14613032210807084
63,0.9,kappa_plus20,0,1,Adjusted_minus_Heston,5,512,-0.12745927993079992
63,0.9,kappa_plus20,0,1,Adjusted_minus_Heston,6,512,-0.08301277214311673
63,0.9,kappa_plus20,0,1,Adjusted_minus_Heston,7,512,-0.11772003139952741
63,0.9,kappa_plus20,0,5,Heston_minus_BS,0,512,0.16619222122266952
63,0.9,kappa_plus20,0,5,Heston_minus_BS,1,512,0.13760323659449114
63,0.9,kappa_plus20,0,5,Heston_minus_BS,2,512,0.1470585791618879
63,0.9,kappa_plus20,0,5,Heston_minus_BS,3,512,0.1916029278231301
63,0.9,kappa_plus20,0,5,Heston_minus_BS,4,512,0.14169610226221563
63,0.9,kappa_plus20,0,5,Heston_minus_BS,5,512,0.12285604361667476
63,0.9,kappa_plus20,0,5,Heston_minus_BS,6,512,0.08367012322529002
63,0.9,kappa_plus20,0,5,Heston_minus_BS,7,512,0.1328913655983999
63,0.9,kappa_plus20,0,5,Adjusted_minus_Heston,0,512,-0.21335524339946438
63,0.9,kappa_plus20,0,5,Adjusted_minus_Heston,1,512,-0.1674300552849436
63,0.9,kappa_plus20,0,5,Adjusted_minus_Heston,2,512,-0.1882625858819161
63,0.9,kappa_plus20,0,5,Adjusted_minus_Heston,3,512,-0.26031646789747714
63,0.9,kappa_plus20,0,5,Adjusted_minus_Heston,4,512,-0.18026273740917803
63,0.9,kappa_plus20,0,5,Adjusted_minus_Heston,5,512,-0.14366595376292762
63,0.9,kappa_plus20,0,5,Adjusted_minus_Heston,6,512,-0.07793420661690142
63,0.9,kappa_plus20,0,5,Adjusted_minus_Heston,7,512,-0.16141743784110546
63,0.9,kappa_plus20,5,1,Heston_minus_BS,0,512,0.138377236316515
63,0.9,kappa_plus20,5,1,Heston_minus_BS,1,512,0.12173400806934928
63,0.9,kappa_plus20,5,1,Heston_minus_BS,2,512,0.1300555757664949
63,0.9,kappa_plus20,5,1,Heston_minus_BS,3,512,0.15712267948897307
63,0.9,kappa_plus20,5,1,Heston_minus_BS,4,512,0.11713063863916778
63,0.9,kappa_plus20,5,1,Heston_minus_BS,5,512,0.11018624658302785
63,0.9,kappa_plus20,5,1,Heston_minus_BS,6,512,0.07819632600005177
63,0.9,kappa_plus20,5,1,Heston_minus_BS,7,512,0.10166547084029216
63,0.9,kappa_plus20,5,1,Adjusted_minus_Heston,0,512,-0.1639347520095968
63,0.9,kappa_plus20,5,1,Adjusted_minus_Heston,1,512,-0.14736957082715427
63,0.9,kappa_plus20,5,1,Adjusted_minus_Heston,2,512,-0.16197278776225343
63,0.9,kappa_plus20,5,1,Adjusted_minus_Heston,3,512,-0.20014127177694646
63,0.9,kappa_plus20,5,1,Adjusted_minus_Heston,4,512,-0.13796579073257761
63,0.9,kappa_plus20,5,1,Adjusted_minus_Heston,5,512,-0.12181454132839695
63,0.9,kappa_plus20,5,1,Adjusted_minus_Heston,6,512,-0.06979107374046481
63,0.9,kappa_plus20,5,1,Adjusted_minus_Heston,7,512,-0.11414004236236391
63,0.9,kappa_plus20,5,5,Heston_minus_BS,0,512,0.16117658753142045
63,0.9,kappa_plus20,5,5,Heston_minus_BS,1,512,0.1341240562916313
63,0.9,kappa_plus20,5,5,Heston_minus_BS,2,512,0.14190555853183234
63,0.9,kappa_plus20,5,5,Heston_minus_BS,3,512,0.18742865002292963
63,0.9,kappa_plus20,5,5,Heston_minus_BS,4,512,0.13243820455855082
63,0.9,kappa_plus20,5,5,Heston_minus_BS,5,512,0.11467578277068258
63,0.9,kappa_plus20,5,5,Heston_minus_BS,6,512,0.07153408864004623
63,0.9,kappa_plus20,5,5,Heston_minus_BS,7,512,0.12557891008277894
63,0.9,kappa_plus20,5,5,Adjusted_minus_Heston,0,512,-0.2028437547365041
63,0.9,kappa_plus20,5,5,Adjusted_minus_Heston,1,512,-0.15915466322407473
63,0.9,kappa_plus20,5,5,Adjusted_minus_Heston,2,512,-0.17679586984458873
63,0.9,kappa_plus20,5,5,Adjusted_minus_Heston,3,512,-0.25098193980353245
63,0.9,kappa_plus20,5,5,Adjusted_minus_Heston,4,512,-0.1620202622158364
63,0.9,kappa_plus20,5,5,Adjusted_minus_Heston,5,512,-0.12713358699661897
63,0.9,kappa_plus20,5,5,Adjusted_minus_Heston,6,512,-0.054990661361894545
63,0.9,kappa_plus20,5,5,Adjusted_minus_Heston,7,512,-0.14625106324754378
63,0.9,kappa_plus20,10,1,Heston_minus_BS,0,512,0.14025545912197138
63,0.9,kappa_plus20,10,1,Heston_minus_BS,1,512,0.1240374076232176
63,0.9,kappa_plus20,10,1,Heston_minus_BS,2,512,0.13187137463285029
63,0.9,kappa_plus20,10,1,Heston_minus_BS,3,512,0.16031657848574954
63,0.9,kappa_plus20,10,1,Heston_minus_BS,4,512,0.11207441657195576
63,0.9,kappa_plus20,10,1,Heston_minus_BS,5,512,0.10673419764089949
63,0.9,kappa_plus20,10,1,Heston_minus_BS,6,512,0.06998288254711985
63,0.9,kappa_plus20,10,1,Heston_minus_BS,7,512,0.09940664328936148
63,0.9,kappa_plus20,10,1,Adjusted_minus_Heston,0,512,-0.16478430924220783
63,0.9,kappa_plus20,10,1,Adjusted_minus_Heston,1,512,-0.14867941035222215
63,0.9,kappa_plus20,10,1,Adjusted_minus_Heston,2,512,-0.1620589562024311
63,0.9,kappa_plus20,10,1,Adjusted_minus_Heston,3,512,-0.20347481172060497
63,0.9,kappa_plus20,10,1,Adjusted_minus_Heston,4,512,-0.12665957962132118
63,0.9,kappa_plus20,10,1,Adjusted_minus_Heston,5,512,-0.11340968758643033
63,0.9,kappa_plus20,10,1,Adjusted_minus_Heston,6,512,-0.05355796884119521
63,0.9,kappa_plus20,10,1,Adjusted_minus_Heston,7,512,-0.10747449283227745
63,0.9,kappa_plus20,10,5,Heston_minus_BS,0,512,0.15590046181858408
63,0.9,kappa_plus20,10,5,Heston_minus_BS,1,512,0.1303949950407243
63,0.9,kappa_plus20,10,5,Heston_minus_BS,2,512,0.13647631313496938
63,0.9,kappa_plus20,10,5,Heston_minus_BS,3,512,0.18301143524474067
63,0.9,kappa_plus20,10,5,Heston_minus_BS,4,512,0.12286747490200652
63,0.9,kappa_plus20,10,5,Heston_minus_BS,5,512,0.10625334876561274
63,0.9,kappa_plus20,10,5,Heston_minus_BS,6,512,0.059096462646161516
63,0.9,kappa_plus20,10,5,Heston_minus_BS,7,512,0.117961657841659
63,0.9,kappa_plus20,10,5,Adjusted_minus_Heston,0,512,-0.1919552392944332
63,0.9,kappa_plus20,10,5,Adjusted_minus_Heston,1,512,-0.1505111575155743
63,0.9,kappa_plus20,10,5,Adjusted_minus_Heston,2,512,-0.16491397938423713
63,0.9,kappa_plus20,10,5,Adjusted_minus_Heston,3,512,-0.24130401154364434
63,0.9,kappa_plus20,10,5,Adjusted_minus_Heston,4,512,-0.14331286874182422
63,0.9,kappa_plus20,10,5,Adjusted_minus_Heston,5,512,-0.11025628780596003
63,0.9,kappa_plus20,10,5,Adjusted_minus_Heston,6,512,-0.031602430314747576
63,0.9,kappa_plus20,10,5,Adjusted_minus_Heston,7,512,-0.1306205435012237
63,0.9,theta_minus20,0,1,Heston_minus_BS,0,512,0.17722845650653452
63,0.9,theta_minus20,0,1,Heston_minus_BS,1,512,0.15830693619252648
63,0.9,theta_minus20,0,1,Heston_minus_BS,2,512,0.16643694919152646
63,0.9,theta_minus20,0,1,Heston_minus_BS,3,512,0.2009969420620743
63,0.9,theta_minus20,0,1,Heston_minus_BS,4,512,0.15993954750077904
63,0.9,theta_minus20,0,1,Heston_minus_BS,5,512,0.15580368926227436
63,0.9,theta_minus20,0,1,Heston_minus_BS,6,512,0.12031810764513641
63,0.9,theta_minus20,0,1,Heston_minus_BS,7,512,0.1383756401905334
63,0.9,theta_minus20,0,1,Adjusted_minus_Heston,0,512,-0.20697180271375837
63,0.9,theta_minus20,0,1,Adjusted_minus_Heston,1,512,-0.18630079003225283
63,0.9,theta_minus20,0,1,Adjusted_minus_Heston,2,512,-0.2011372381370626
63,0.9,theta_minus20,0,1,Adjusted_minus_Heston,3,512,-0.24110703712939227
63,0.9,theta_minus20,0,1,Adjusted_minus_Heston,4,512,-0.1869999318409261
63,0.9,theta_minus20,0,1,Adjusted_minus_Heston,5,512,-0.16889010330117232
63,0.9,theta_minus20,0,1,Adjusted_minus_Heston,6,512,-0.12010240700394803
63,0.9,theta_minus20,0,1,Adjusted_minus_Heston,7,512,-0.15917098004043895
63,0.9,theta_minus20,0,5,Heston_minus_BS,0,512,0.21817357621062744
63,0.9,theta_minus20,0,5,Heston_minus_BS,1,512,0.19062792406668033
63,0.9,theta_minus20,0,5,Heston_minus_BS,2,512,0.20148149383705977
63,0.9,theta_minus20,0,5,Heston_minus_BS,3,512,0.24976485253417066
63,0.9,theta_minus20,0,5,Heston_minus_BS,4,512,0.19726513084172853
63,0.9,theta_minus20,0,5,Heston_minus_BS,5,512,0.16912240590157218
63,0.9,theta_minus20,0,5,Heston_minus_BS,6,512,0.129333097861976
63,0.9,theta_minus20,0,5,Heston_minus_BS,7,512,0.18168637297614051
63,0.9,theta_minus20,0,5,Adjusted_minus_Heston,0,512,-0.26908390547727573
63,0.9,theta_minus20,0,5,Adjusted_minus_Heston,1,512,-0.21689686269033978
63,0.9,theta_minus20,0,5,Adjusted_minus_Heston,2,512,-0.23877910887773107
63,0.9,theta_minus20,0,5,Adjusted_minus_Heston,3,512,-0.3160806049332236
63,0.9,theta_minus20,0,5,Adjusted_minus_Heston,4,512,-0.22824508532533905
63,0.9,theta_minus20,0,5,Adjusted_minus_Heston,5,512,-0.19109166503284342
63,0.9,theta_minus20,0,5,Adjusted_minus_Heston,6,512,-0.11973712888401518
63,0.9,theta_minus20,0,5,Adjusted_minus_Heston,7,512,-0.21237055116222397
63,0.9,theta_minus20,5,1,Heston_minus_BS,0,512,0.1828034638659996
63,0.9,theta_minus20,5,1,Heston_minus_BS,1,512,0.16495776250133537
63,0.9,theta_minus20,5,1,Heston_minus_BS,2,512,0.17229118857994197
63,0.9,theta_minus20,5,1,Heston_minus_BS,3,512,0.208308041454699
63,0.9,theta_minus20,5,1,Heston_minus_BS,4,512,0.15717930061125257
63,0.9,theta_minus20,5,1,Heston_minus_BS,5,512,0.15385929818713956
63,0.9,theta_minus20,5,1,Heston_minus_BS,6,512,0.1142689496679536
63,0.9,theta_minus20,5,1,Heston_minus_BS,7,512,0.13996995547828606
63,0.9,theta_minus20,5,1,Adjusted_minus_Heston,0,512,-0.21199095330260442
63,0.9,theta_minus20,5,1,Adjusted_minus_Heston,1,512,-0.19172939342678763
63,0.9,theta_minus20,5,1,Adjusted_minus_Heston,2,512,-0.2052671458330978
63,0.9,theta_minus20,5,1,Adjusted_minus_Heston,3,512,-0.24858435976989365
63,0.9,theta_minus20,5,1,Adjusted_minus_Heston,4,512,-0.17895905729267036
63,0.9,theta_minus20,5,1,Adjusted_minus_Heston,5,512,-0.16383179736151418
63,0.9,theta_minus20,5,1,Adjusted_minus_Heston,6,512,-0.10694359599150424
63,0.9,theta_minus20,5,1,Adjusted_minus_Heston,7,512,-0.15623447187591138
63,0.9,theta_minus20,5,5,Heston_minus_BS,0,512,0.21273736203947458
63,0.9,theta_minus20,5,5,Heston_minus_BS,1,512,0.18733088273297874
63,0.9,theta_minus20,5,5,Heston_minus_BS,2,512,0.19638281037237904
63,0.9,theta_minus20,5,5,Heston_minus_BS,3,512,0.24480087917248117
63,0.9,theta_minus20,5,5,Heston_minus_BS,4,512,0.1865317978674089
63,0.9,theta_minus20,5,5,Heston_minus_BS,5,512,0.15854217597843756
63,0.9,theta_minus20,5,5,Heston_minus_BS,6,512,0.11544713303963242
63,0.9,theta_minus20,5,5,Heston_minus_BS,7,512,0.17365398532860785
63,0.9,theta_minus20,5,5,Adjusted_minus_Heston,0,512,-0.25879691525186754
63,0.9,theta_minus20,5,5,Adjusted_minus_Heston,1,512,-0.208839247665782
63,0.9,theta_minus20,5,5,Adjusted_minus_Heston,2,512,-0.2273945903345873
63,0.9,theta_minus20,5,5,Adjusted_minus_Heston,3,512,-0.30687589772814156
63,0.9,theta_minus20,5,5,Adjusted_minus_Heston,4,512,-0.2093857715959195
63,0.9,theta_minus20,5,5,Adjusted_minus_Heston,5,512,-0.1743344342882755
63,0.9,theta_minus20,5,5,Adjusted_minus_Heston,6,512,-0.09610092655996656
63,0.9,theta_minus20,5,5,Adjusted_minus_Heston,7,512,-0.1969828142584545
63,0.9,theta_minus20,10,1,Heston_minus_BS,0,512,0.18716602448633804
63,0.9,theta_minus20,10,1,Heston_minus_BS,1,512,0.1703022664560907
63,0.9,theta_minus20,10,1,Heston_minus_BS,2,512,0.17692237046601456
63,0.9,theta_minus20,10,1,Heston_minus_BS,3,512,0.21447587558458384
63,0.9,theta_minus20,10,1,Heston_minus_BS,4,512,0.15294389720493037
63,0.9,theta_minus20,10,1,Heston_minus_BS,5,512,0.15063170700981035
63,0.9,theta_minus20,10,1,Heston_minus_BS,6,512,0.10681905761686092
63,0.9,theta_minus20,10,1,Heston_minus_BS,7,512,0.14019498232479063
63,0.9,theta_minus20,10,1,Adjusted_minus_Heston,0,512,-0.21397034030555617
63,0.9,theta_minus20,10,1,Adjusted_minus_Heston,1,512,-0.1938664966433558
63,0.9,theta_minus20,10,1,Adjusted_minus_Heston,2,512,-0.20622195442201233
63,0.9,theta_minus20,10,1,Adjusted_minus_Heston,3,512,-0.25303173138293933
63,0.9,theta_minus20,10,1,Adjusted_minus_Heston,4,512,-0.1674473553004842
63,0.9,theta_minus20,10,1,Adjusted_minus_Heston,5,512,-0.15572576344468608
63,0.9,theta_minus20,10,1,Adjusted_minus_Heston,6,512,-0.0904538016102111
63,0.9,theta_minus20,10,1,Adjusted_minus_Heston,7,512,-0.14988613561567735
63,0.9,theta_minus20,10,5,Heston_minus_BS,0,512,0.20728821044182294
63,0.9,theta_minus20,10,5,Heston_minus_BS,1,512,0.1840369163004751
63,0.9,theta_minus20,10,5,Heston_minus_BS,2,512,0.1912709115718552
63,0.9,theta_minus20,10,5,Heston_minus_BS,3,512,0.23985056100824026
63,0.9,theta_minus20,10,5,Heston_minus_BS,4,512,0.17573313187002004
63,0.9,theta_minus20,10,5,Heston_minus_BS,5,512,0.1479441827694309
63,0.9,theta_minus20,10,5,Heston_minus_BS,6,512,0.10150183252602699
63,0.9,theta_minus20,10,5,Heston_minus_BS,7,512,0.16556653246050884
63,0.9,theta_minus20,10,5,Adjusted_minus_Heston,0,512,-0.24808496294956234
63,0.9,theta_minus20,10,5,Adjusted_minus_Heston,1,512,-0.200367047072948
63,0.9,theta_minus20,10,5,Adjusted_minus_Heston,2,512,-0.21554852432396876
63,0.9,theta_minus20,10,5,Adjusted_minus_Heston,3,512,-0.2972844391832641
63,0.9,theta_minus20,10,5,Adjusted_minus_Heston,4,512,-0.19001217789295033
63,0.9,theta_minus20,10,5,Adjusted_minus_Heston,5,512,-0.15718852606864905
63,0.9,theta_minus20,10,5,Adjusted_minus_Heston,6,512,-0.07197312160491552
63,0.9,theta_minus20,10,5,Adjusted_minus_Heston,7,512,-0.1810833226225786
63,0.9,theta_plus20,0,1,Heston_minus_BS,0,512,0.1250990005352495
63,0.9,theta_plus20,0,1,Heston_minus_BS,1,512,0.10789481469512358
63,0.9,theta_plus20,0,1,Heston_minus_BS,2,512,0.11688735470136238
63,0.9,theta_plus20,0,1,Heston_minus_BS,3,512,0.14133273036060157
63,0.9,theta_plus20,0,1,Heston_minus_BS,4,512,0.11022409244291127
63,0.9,theta_plus20,0,1,Heston_minus_BS,5,512,0.10048584232853569
63,0.9,theta_plus20,0,1,Heston_minus_BS,6,512,0.07493999564870894
63,0.9,theta_plus20,0,1,Heston_minus_BS,7,512,0.09437083354680548
63,0.9,theta_plus20,0,1,Adjusted_minus_Heston,0,512,-0.14241236960561976
63,0.9,theta_plus20,0,1,Adjusted_minus_Heston,1,512,-0.12663583625109326
63,0.9,theta_plus20,0,1,Adjusted_minus_Heston,2,512,-0.1416246281606254
63,0.9,theta_plus20,0,1,Adjusted_minus_Heston,3,512,-0.17582106859953694
63,0.9,theta_plus20,0,1,Adjusted_minus_Heston,4,512,-0.12961073378152255
63,0.9,theta_plus20,0,1,Adjusted_minus_Heston,5,512,-0.10902062712705868
63,0.9,theta_plus20,0,1,Adjusted_minus_Heston,6,512,-0.06381263537284534
63,0.9,theta_plus20,0,1,Adjusted_minus_Heston,7,512,-0.10034921996243337
63,0.9,theta_plus20,0,5,Heston_minus_BS,0,512,0.15527238135859256
63,0.9,theta_plus20,0,5,Heston_minus_BS,1,512,0.12236301499127611
63,0.9,theta_plus20,0,5,Heston_minus_BS,2,512,0.13184328513553936
63,0.9,theta_plus20,0,5,Heston_minus_BS,3,512,0.17918831193319826
63,0.9,theta_plus20,0,5,Heston_minus_BS,4,512,0.12694005441507492
63,0.9,theta_plus20,0,5,Heston_minus_BS,5,512,0.1120051241984185
63,0.9,theta_plus20,0,5,Heston_minus_BS,6,512,0.07085106143318855
63,0.9,theta_plus20,0,5,Heston_minus_BS,7,512,0.11937974074294234
63,0.9,theta_plus20,0,5,Adjusted_minus_Heston,0,512,-0.19459809030118358
63,0.9,theta_plus20,0,5,Adjusted_minus_Heston,1,512,-0.15031693736252977
63,0.9,theta_plus20,0,5,Adjusted_minus_Heston,2,512,-0.16993334105436092
63,0.9,theta_plus20,0,5,Adjusted_minus_Heston,3,512,-0.24127345576450898
63,0.9,theta_plus20,0,5,Adjusted_minus_Heston,4,512,-0.16420444657800193
63,0.9,theta_plus20,0,5,Adjusted_minus_Heston,5,512,-0.12261336543455517
63,0.9,theta_plus20,0,5,Adjusted_minus_Heston,6,512,-0.05700751531068271
63,0.9,theta_plus20,0,5,Adjusted_minus_Heston,7,512,-0.14270400332924482
63,0.9,theta_plus20,5,1,Heston_minus_BS,0,512,0.1277498962933049
63,0.9,theta_plus20,5,1,Heston_minus_BS,1,512,0.11051170674756544
63,0.9,theta_plus20,5,1,Heston_minus_BS,2,512,0.11898595156057343
63,0.9,theta_plus20,5,1,Heston_minus_BS,3,512,0.1449920498522374
63,0.9,theta_plus20,5,1,Heston_minus_BS,4,512,0.10634935627375741
63,0.9,theta_plus20,5,1,Heston_minus_BS,5,512,0.09846284979277908
63,0.9,theta_plus20,5,1,Heston_minus_BS,6,512,0.06831381391388924
63,0.9,theta_plus20,5,1,Heston_minus_BS,7,512,0.09283603646898911
63,0.9,theta_plus20,5,1,Adjusted_minus_Heston,0,512,-0.14569432959433673
63,0.9,theta_plus20,5,1,Adjusted_minus_Heston,1,512,-0.13084395727455841
63,0.9,theta_plus20,5,1,Adjusted_minus_Heston,2,512,-0.14445378255056276
63,0.9,theta_plus20,5,1,Adjusted_minus_Heston,3,512,-0.18162532059918357
63,0.9,theta_plus20,5,1,Adjusted_minus_Heston,4,512,-0.12089933645478337
63,0.9,theta_plus20,5,1,Adjusted_minus_Heston,5,512,-0.10269774224343423
63,0.9,theta_plus20,5,1,Adjusted_minus_Heston,6,512,-0.04994089625282825
63,0.9,theta_plus20,5,1,Adjusted_minus_Heston,7,512,-0.09648025676931138
63,0.9,theta_plus20,5,5,Heston_minus_BS,0,512,0.15041021538952137
63,0.9,theta_plus20,5,5,Heston_minus_BS,1,512,0.11846566762768726
63,0.9,theta_plus20,5,5,Heston_minus_BS,2,512,0.12628620469186339
63,0.9,theta_plus20,5,5,Heston_minus_BS,3,512,0.1751146656804613
63,0.9,theta_plus20,5,5,Heston_minus_BS,4,512,0.11787428808676209
63,0.9,theta_plus20,5,5,Heston_minus_BS,5,512,0.10454578052897145
63,0.9,theta_plus20,5,5,Heston_minus_BS,6,512,0.05928687731322656
63,0.9,theta_plus20,5,5,Heston_minus_BS,7,512,0.11197669224962012
63,0.9,theta_plus20,5,5,Adjusted_minus_Heston,0,512,-0.18347875548678153
63,0.9,theta_plus20,5,5,Adjusted_minus_Heston,1,512,-0.14160666018481935
63,0.9,theta_plus20,5,5,Adjusted_minus_Heston,2,512,-0.15799241529827832
63,0.9,theta_plus20,5,5,Adjusted_minus_Heston,3,512,-0.23130036913734314
63,0.9,theta_plus20,5,5,Adjusted_minus_Heston,4,512,-0.14521849616989374
63,0.9,theta_plus20,5,5,Adjusted_minus_Heston,5,512,-0.10513681131277984
63,0.9,theta_plus20,5,5,Adjusted_minus_Heston,6,512,-0.03319832259786917
63,0.9,theta_plus20,5,5,Adjusted_minus_Heston,7,512,-0.12691602702830435
63,0.9,theta_plus20,10,1,Heston_minus_BS,0,512,0.12847155636819044
63,0.9,theta_plus20,10,1,Heston_minus_BS,1,512,0.11104985861391266
63,0.9,theta_plus20,10,1,Heston_minus_BS,2,512,0.11906518597004308
63,0.9,theta_plus20,10,1,Heston_minus_BS,3,512,0.14671457271646743
63,0.9,theta_plus20,10,1,Heston_minus_BS,4,512,0.10032288918755758
63,0.9,theta_plus20,10,1,Heston_minus_BS,5,512,0.09453179523960248
63,0.9,theta_plus20,10,1,Heston_minus_BS,6,512,0.05961432981426751
63,0.9,theta_plus20,10,1,Heston_minus_BS,7,512,0.089154648666857
63,0.9,theta_plus20,10,1,Adjusted_minus_Heston,0,512,-0.14627162671673974
63,0.9,theta_plus20,10,1,Adjusted_minus_Heston,1,512,-0.13213219170974527
63,0.9,theta_plus20,10,1,Adjusted_minus_Heston,2,512,-0.14446329869708466
63,0.9,theta_plus20,10,1,Adjusted_minus_Heston,3,512,-0.18474157135641034
63,0.9,theta_plus20,10,1,Adjusted_minus_Heston,4,512,-0.10909059996812814
63,0.9,theta_plus20,10,1,Adjusted_minus_Heston,5,512,-0.09365478092929057
63,0.9,theta_plus20,10,1,Adjusted_minus_Heston,6,512,-0.033102568934864116
63,0.9,theta_plus20,10,1,Adjusted_minus_Heston,7,512,-0.08957415693599208
63,0.9,theta_plus20,10,5,Heston_minus_BS,0,512,0.1452017498093064
63,0.9,theta_plus20,10,5,Heston_minus_BS,1,512,0.11422600240127578
63,0.9,theta_plus20,10,5,Heston_minus_BS,2,512,0.12035557860493386
63,0.9,theta_plus20,10,5,Heston_minus_BS,3,512,0.17070819034229337
63,0.9,theta_plus20,10,5,Heston_minus_BS,4,512,0.10841079777759186
63,0.9,theta_plus20,10,5,Heston_minus_BS,5,512,0.0967670816654645
63,0.9,theta_plus20,10,5,Heston_minus_BS,6,512,0.047338989788076734
63,0.9,theta_plus20,10,5,Heston_minus_BS,7,512,0.10417887111930263
63,0.9,theta_plus20,10,5,Adjusted_minus_Heston,0,512,-0.17201804089146655
63,0.9,theta_plus20,10,5,Adjusted_minus_Heston,1,512,-0.13256610170992028
63,0.9,theta_plus20,10,5,Adjusted_minus_Heston,2,512,-0.1456742975708943
63,0.9,theta_plus20,10,5,Adjusted_minus_Heston,3,512,-0.22102080866182167
63,0.9,theta_plus20,10,5,Adjusted_minus_Heston,4,512,-0.12580396084856407
63,0.9,theta_plus20,10,5,Adjusted_minus_Heston,5,512,-0.08734949058354691
63,0.9,theta_plus20,10,5,Adjusted_minus_Heston,6,512,-0.008980318522105221
63,0.9,theta_plus20,10,5,Adjusted_minus_Heston,7,512,-0.11069995302792325
63,0.9,xi_minus20,0,1,Heston_minus_BS,0,512,0.11891511357025711
63,0.9,xi_minus20,0,1,Heston_minus_BS,1,512,0.1059893513396352
63,0.9,xi_minus20,0,1,Heston_minus_BS,2,512,0.11308611865109647
63,0.9,xi_minus20,0,1,Heston_minus_BS,3,512,0.14018995965317188
63,0.9,xi_minus20,0,1,Heston_minus_BS,4,512,0.10773496207562311
63,0.9,xi_minus20,0,1,Heston_minus_BS,5,512,0.10419572553556239
63,0.9,xi_minus20,0,1,Heston_minus_BS,6,512,0.07749660518817854
63,0.9,xi_minus20,0,1,Heston_minus_BS,7,512,0.09261717295450415
63,0.9,xi_minus20,0,1,Adjusted_minus_Heston,0,512,-0.1456248012564314
63,0.9,xi_minus20,0,1,Adjusted_minus_Heston,1,512,-0.131380186681105
63,0.9,xi_minus20,0,1,Adjusted_minus_Heston,2,512,-0.14309159952091516
63,0.9,xi_minus20,0,1,Adjusted_minus_Heston,3,512,-0.1742854782377189
63,0.9,xi_minus20,0,1,Adjusted_minus_Heston,4,512,-0.13423443642791374
63,0.9,xi_minus20,0,1,Adjusted_minus_Heston,5,512,-0.11860242218836017
63,0.9,xi_minus20,0,1,Adjusted_minus_Heston,6,512,-0.0801275185252295
63,0.9,xi_minus20,0,1,Adjusted_minus_Heston,7,512,-0.10877988340330322
63,0.9,xi_minus20,0,5,Heston_minus_BS,0,512,0.14971632239749025
63,0.9,xi_minus20,0,5,Heston_minus_BS,1,512,0.12349231716075344
63,0.9,xi_minus20,0,5,Heston_minus_BS,2,512,0.13232449733746154
63,0.9,xi_minus20,0,5,Heston_minus_BS,3,512,0.1755685830856504
63,0.9,xi_minus20,0,5,Heston_minus_BS,4,512,0.13009463485895376
63,0.9,xi_minus20,0,5,Heston_minus_BS,5,512,0.11243220644854937
63,0.9,xi_minus20,0,5,Heston_minus_BS,6,512,0.08088774569362092
63,0.9,xi_minus20,0,5,Heston_minus_BS,7,512,0.11512153119565627
63,0.9,xi_minus20,0,5,Adjusted_minus_Heston,0,512,-0.1917168198420946
63,0.9,xi_minus20,0,5,Adjusted_minus_Heston,1,512,-0.15365091413965726
63,0.9,xi_minus20,0,5,Adjusted_minus_Heston,2,512,-0.16897787246026563
63,0.9,xi_minus20,0,5,Adjusted_minus_Heston,3,512,-0.23081956069712328
63,0.9,xi_minus20,0,5,Adjusted_minus_Heston,4,512,-0.16466703075637612
63,0.9,xi_minus20,0,5,Adjusted_minus_Heston,5,512,-0.13247381013498286
63,0.9,xi_minus20,0,5,Adjusted_minus_Heston,6,512,-0.07684926275215381
63,0.9,xi_minus20,0,5,Adjusted_minus_Heston,7,512,-0.14733273986683937
63,0.9,xi_minus20,5,1,Heston_minus_BS,0,512,0.12132167160663068
63,0.9,xi_minus20,5,1,Heston_minus_BS,1,512,0.10932726780639042
63,0.9,xi_minus20,5,1,Heston_minus_BS,2,512,0.11569980047523437
63,0.9,xi_minus20,5,1,Heston_minus_BS,3,512,0.14424749905653775
63,0.9,xi_minus20,5,1,Heston_minus_BS,4,512,0.10480524080107731
63,0.9,xi_minus20,5,1,Heston_minus_BS,5,512,0.1020036231238336
63,0.9,xi_minus20,5,1,Heston_minus_BS,6,512,0.07162657929764629
63,0.9,xi_minus20,5,1,Heston_minus_BS,7,512,0.09237433810010068
63,0.9,xi_minus20,5,1,Adjusted_minus_Heston,0,512,-0.14888510192472765
63,0.9,xi_minus20,5,1,Adjusted_minus_Heston,1,512,-0.13524928713244708
63,0.9,xi_minus20,5,1,Adjusted_minus_Heston,2,512,-0.1458927926877373
63,0.9,xi_minus20,5,1,Adjusted_minus_Heston,3,512,-0.17962663250187166
63,0.9,xi_minus20,5,1,Adjusted_minus_Heston,4,512,-0.12750478260395604
63,0.9,xi_minus20,5,1,Adjusted_minus_Heston,5,512,-0.11403445340114983
63,0.9,xi_minus20,5,1,Adjusted_minus_Heston,6,512,-0.06934082626009562
63,0.9,xi_minus20,5,1,Adjusted_minus_Heston,7,512,-0.10601622102506528
63,0.9,xi_minus20,5,5,Heston_minus_BS,0,512,0.14446328115713358
63,0.9,xi_minus20,5,5,Heston_minus_BS,1,512,0.11964411489999487
63,0.9,xi_minus20,5,5,Heston_minus_BS,2,512,0.12709140508840158
63,0.9,xi_minus20,5,5,Heston_minus_BS,3,512,0.17106201691781936
63,0.9,xi_minus20,5,5,Heston_minus_BS,4,512,0.12147631078968754
63,0.9,xi_minus20,5,5,Heston_minus_BS,5,512,0.10389591052287846
63,0.9,xi_minus20,5,5,Heston_minus_BS,6,512,0.06951176509085344
63,0.9,xi_minus20,5,5,Heston_minus_BS,7,512,0.10802044566891929
63,0.9,xi_minus20,5,5,Adjusted_minus_Heston,0,512,-0.18315015792649258
63,0.9,xi_minus20,5,5,Adjusted_minus_Heston,1,512,-0.14706003842810744
63,0.9,xi_minus20,5,5,Adjusted_minus_Heston,2,512,-0.1597653568905685
63,0.9,xi_minus20,5,5,Adjusted_minus_Heston,3,512,-0.2232460771466927
63,0.9,xi_minus20,5,5,Adjusted_minus_Heston,4,512,-0.14956574911777074
63,0.9,xi_minus20,5,5,Adjusted_minus_Heston,5,512,-0.11886459856214218
63,0.9,xi_minus20,5,5,Adjusted_minus_Heston,6,512,-0.05794010166396272
63,0.9,xi_minus20,5,5,Adjusted_minus_Heston,7,512,-0.13490105314159523
63,0.9,xi_minus20,10,1,Heston_minus_BS,0,512,0.12272526579878996
63,0.9,xi_minus20,10,1,Heston_minus_BS,1,512,0.11160217652834584
63,0.9,xi_minus20,10,1,Heston_minus_BS,2,512,0.11730160317788971
63,0.9,xi_minus20,10,1,Heston_minus_BS,3,512,0.14734752362083475
63,0.9,xi_minus20,10,1,Heston_minus_BS,4,512,0.10073170448897373
63,0.9,xi_minus20,10,1,Heston_minus_BS,5,512,0.0988005190802946
63,0.9,xi_minus20,10,1,Heston_minus_BS,6,512,0.06466847740728023
63,0.9,xi_minus20,10,1,Heston_minus_BS,7,512,0.09103611397976713
63,0.9,xi_minus20,10,1,Adjusted_minus_Heston,0,512,-0.1497497462160165
63,0.9,xi_minus20,10,1,Adjusted_minus_Heston,1,512,-0.13653169124729464
63,0.9,xi_minus20,10,1,Adjusted_minus_Heston,2,512,-0.146196796477393
63,0.9,xi_minus20,10,1,Adjusted_minus_Heston,3,512,-0.18258332995384846
63,0.9,xi_minus20,10,1,Adjusted_minus_Heston,4,512,-0.11804251541869272
63,0.9,xi_minus20,10,1,Adjusted_minus_Heston,5,512,-0.10705784511216572
63,0.9,xi_minus20,10,1,Adjusted_minus_Heston,6,512,-0.05593838890236452
63,0.9,xi_minus20,10,1,Adjusted_minus_Heston,7,512,-0.10057094906945485
63,0.9,xi_minus20,10,5,Heston_minus_BS,0,512,0.13915676459927998
63,0.9,xi_minus20,10,5,Heston_minus_BS,1,512,0.1157569436744314
63,0.9,xi_minus20,10,5,Heston_minus_BS,2,512,0.1218074250816018
63,0.9,xi_minus20,10,5,Heston_minus_BS,3,512,0.16652424486873785
63,0.9,xi_minus20,10,5,Heston_minus_BS,4,512,0.11278021233880292
63,0.9,xi_minus20,10,5,Heston_minus_BS,5,512,0.09531651454190948
63,0.9,xi_minus20,10,5,Heston_minus_BS,6,512,0.05806300418495181
63,0.9,xi_minus20,10,5,Heston_minus_BS,7,512,0.10084534514700227
63,0.9,xi_minus20,10,5,Adjusted_minus_Heston,0,512,-0.17425447412963618
63,0.9,xi_minus20,10,5,Adjusted_minus_Heston,1,512,-0.14015018249065375
63,0.9,xi_minus20,10,5,Adjusted_minus_Heston,2,512,-0.15019644153614858
63,0.9,xi_minus20,10,5,Adjusted_minus_Heston,3,512,-0.21537407779449158
63,0.9,xi_minus20,10,5,Adjusted_minus_Heston,4,512,-0.1340645426320203
63,0.9,xi_minus20,10,5,Adjusted_minus_Heston,5,512,-0.10495387042283649
63,0.9,xi_minus20,10,5,Adjusted_minus_Heston,6,512,-0.03864962400063413
63,0.9,xi_minus20,10,5,Adjusted_minus_Heston,7,512,-0.12207151644982947
63,0.9,xi_plus20,0,1,Heston_minus_BS,0,512,0.18311489176400203
63,0.9,xi_plus20,0,1,Heston_minus_BS,1,512,0.1594961689778642
63,0.9,xi_plus20,0,1,Heston_minus_BS,2,512,0.16960117529143526
63,0.9,xi_plus20,0,1,Heston_minus_BS,3,512,0.20157618780321657
63,0.9,xi_plus20,0,1,Heston_minus_BS,4,512,0.16168110433001284
63,0.9,xi_plus20,0,1,Heston_minus_BS,5,512,0.1518076679507953
63,0.9,xi_plus20,0,1,Heston_minus_BS,6,512,0.11719774525191323
63,0.9,xi_plus20,0,1,Heston_minus_BS,7,512,0.1395637824836394
63,0.9,xi_plus20,0,1,Adjusted_minus_Heston,0,512,-0.1998892664692692
63,0.9,xi_plus20,0,1,Adjusted_minus_Heston,1,512,-0.1778444228438978
63,0.9,xi_plus20,0,1,Adjusted_minus_Heston,2,512,-0.1960960597038365
63,0.9,xi_plus20,0,1,Adjusted_minus_Heston,3,512,-0.23815649750839277
63,0.9,xi_plus20,0,1,Adjusted_minus_Heston,4,512,-0.17812469606048764
63,0.9,xi_plus20,0,1,Adjusted_minus_Heston,5,512,-0.15524025646744555
63,0.9,xi_plus20,0,1,Adjusted_minus_Heston,6,512,-0.09998070251024566
63,0.9,xi_plus20,0,1,Adjusted_minus_Heston,7,512,-0.14762317485924914
63,0.9,xi_plus20,0,5,Heston_minus_BS,0,512,0.22259355221101773
63,0.9,xi_plus20,0,5,Heston_minus_BS,1,512,0.1886816276869757
63,0.9,xi_plus20,0,5,Heston_minus_BS,2,512,0.20019383045378436
63,0.9,xi_plus20,0,5,Heston_minus_BS,3,512,0.2524147604256849
63,0.9,xi_plus20,0,5,Heston_minus_BS,4,512,0.1928532858197476
63,0.9,xi_plus20,0,5,Heston_minus_BS,5,512,0.16809685020512205
63,0.9,xi_plus20,0,5,Heston_minus_BS,6,512,0.11868958862420093
63,0.9,xi_plus20,0,5,Heston_minus_BS,7,512,0.18523438108715304
63,0.9,xi_plus20,0,5,Adjusted_minus_Heston,0,512,-0.2676248882067961
63,0.9,xi_plus20,0,5,Adjusted_minus_Heston,1,512,-0.20954474854978522
63,0.9,xi_plus20,0,5,Adjusted_minus_Heston,2,512,-0.23622673894916674
63,0.9,xi_plus20,0,5,Adjusted_minus_Heston,3,512,-0.32160273587571325
63,0.9,xi_plus20,0,5,Adjusted_minus_Heston,4,512,-0.22319192966867513
63,0.9,xi_plus20,0,5,Adjusted_minus_Heston,5,512,-0.17708651300023734
63,0.9,xi_plus20,0,5,Adjusted_minus_Heston,6,512,-0.09634672151080824
63,0.9,xi_plus20,0,5,Adjusted_minus_Heston,7,512,-0.20432684307901455
63,0.9,xi_plus20,5,1,Heston_minus_BS,0,512,0.18894970285428234
63,0.9,xi_plus20,5,1,Heston_minus_BS,1,512,0.16548058150791956
63,0.9,xi_plus20,5,1,Heston_minus_BS,2,512,0.1749995920049141
63,0.9,xi_plus20,5,1,Heston_minus_BS,3,512,0.20851226797830721
63,0.9,xi_plus20,5,1,Heston_minus_BS,4,512,0.15805151961177305
63,0.9,xi_plus20,5,1,Heston_minus_BS,5,512,0.15007509078451498
63,0.9,xi_plus20,5,1,Heston_minus_BS,6,512,0.11038702810073467
63,0.9,xi_plus20,5,1,Heston_minus_BS,7,512,0.13993252901331557
63,0.9,xi_plus20,5,1,Adjusted_minus_Heston,0,512,-0.20496259309790674
63,0.9,xi_plus20,5,1,Adjusted_minus_Heston,1,512,-0.18362842652960032
63,0.9,xi_plus20,5,1,Adjusted_minus_Heston,2,512,-0.2002654738277848
63,0.9,xi_plus20,5,1,Adjusted_minus_Heston,3,512,-0.2460946603873383
63,0.9,xi_plus20,5,1,Adjusted_minus_Heston,4,512,-0.1681379532956659
63,0.9,xi_plus20,5,1,Adjusted_minus_Heston,5,512,-0.14842960964867224
63,0.9,xi_plus20,5,1,Adjusted_minus_Heston,6,512,-0.08375150715285282
63,0.9,xi_plus20,5,1,Adjusted_minus_Heston,7,512,-0.1436328642458461
63,0.9,xi_plus20,5,5,Heston_minus_BS,0,512,0.2175331203875209
63,0.9,xi_plus20,5,5,Heston_minus_BS,1,512,0.1853514453657758
63,0.9,xi_plus20,5,5,Heston_minus_BS,2,512,0.19478300115841785
63,0.9,xi_plus20,5,5,Heston_minus_BS,3,512,0.24786260418649436
63,0.9,xi_plus20,5,5,Heston_minus_BS,4,512,0.18169371096156367
63,0.9,xi_plus20,5,5,Heston_minus_BS,5,512,0.15857578540016376
63,0.9,xi_plus20,5,5,Heston_minus_BS,6,512,0.10458914591700562
63,0.9,xi_plus20,5,5,Heston_minus_BS,7,512,0.17692491650960368
63,0.9,xi_plus20,5,5,Adjusted_minus_Heston,0,512,-0.2547775738903011
63,0.9,xi_plus20,5,5,Adjusted_minus_Heston,1,512,-0.19932747973914827
63,0.9,xi_plus20,5,5,Adjusted_minus_Heston,2,512,-0.22207363332278562
63,0.9,xi_plus20,5,5,Adjusted_minus_Heston,3,512,-0.3099494933361894
63,0.9,xi_plus20,5,5,Adjusted_minus_Heston,4,512,-0.2004275443765885
63,0.9,xi_plus20,5,5,Adjusted_minus_Heston,5,512,-0.156401318832959
63,0.9,xi_plus20,5,5,Adjusted_minus_Heston,6,512,-0.06778720665662796
63,0.9,xi_plus20,5,5,Adjusted_minus_Heston,7,512,-0.18557834662171002
63,0.9,xi_plus20,10,1,Heston_minus_BS,0,512,0.19268149721909944
63,0.9,xi_plus20,10,1,Heston_minus_BS,1,512,0.16918390142749562
63,0.9,xi_plus20,10,1,Heston_minus_BS,2,512,0.1782086373266365
63,0.9,xi_plus20,10,1,Heston_minus_BS,3,512,0.21336529743479182
63,0.9,xi_plus20,10,1,Heston_minus_BS,4,512,0.1519795581718711
63,0.9,xi_plus20,10,1,Heston_minus_BS,5,512,0.14620000406414163
63,0.9,xi_plus20,10,1,Heston_minus_BS,6,512,0.10122744146173605
63,0.9,xi_plus20,10,1,Heston_minus_BS,7,512,0.13792026137453223
63,0.9,xi_plus20,10,1,Adjusted_minus_Heston,0,512,-0.20674592214587628
63,0.9,xi_plus20,10,1,Adjusted_minus_Heston,1,512,-0.18585064781948574
63,0.9,xi_plus20,10,1,Adjusted_minus_Heston,2,512,-0.20099726384404493
63,0.9,xi_plus20,10,1,Adjusted_minus_Heston,3,512,-0.25075900064562484
63,0.9,xi_plus20,10,1,Adjusted_minus_Heston,4,512,-0.15437828504646622
63,0.9,xi_plus20,10,1,Adjusted_minus_Heston,5,512,-0.1383196842143013
63,0.9,xi_plus20,10,1,Adjusted_minus_Heston,6,512,-0.06390034844455647
63,0.9,xi_plus20,10,1,Adjusted_minus_Heston,7,512,-0.1359371838500244
63,0.9,xi_plus20,10,5,Heston_minus_BS,0,512,0.21217353099306668
63,0.9,xi_plus20,10,5,Heston_minus_BS,1,512,0.18172808654786676
63,0.9,xi_plus20,10,5,Heston_minus_BS,2,512,0.18904314784062193
63,0.9,xi_plus20,10,5,Heston_minus_BS,3,512,0.24302940131932357
63,0.9,xi_plus20,10,5,Heston_minus_BS,4,512,0.17015519977053906
63,0.9,xi_plus20,10,5,Heston_minus_BS,5,512,0.14876813990427484
63,0.9,xi_plus20,10,5,Heston_minus_BS,6,512,0.0901245967872152
63,0.9,xi_plus20,10,5,Heston_minus_BS,7,512,0.1682464342374444
63,0.9,xi_plus20,10,5,Adjusted_minus_Heston,0,512,-0.24150868032680034
63,0.9,xi_plus20,10,5,Adjusted_minus_Heston,1,512,-0.18869884227314254
63,0.9,xi_plus20,10,5,Adjusted_minus_Heston,2,512,-0.20745290839167338
63,0.9,xi_plus20,10,5,Adjusted_minus_Heston,3,512,-0.297916537115851
63,0.9,xi_plus20,10,5,Adjusted_minus_Heston,4,512,-0.17713495302272558
63,0.9,xi_plus20,10,5,Adjusted_minus_Heston,5,512,-0.13533366137613678
63,0.9,xi_plus20,10,5,Adjusted_minus_Heston,6,512,-0.03872284545963432
63,0.9,xi_plus20,10,5,Adjusted_minus_Heston,7,512,-0.16630358446731794
63,0.9,rho_minus10pp,0,1,Heston_minus_BS,0,512,0.16566512321177465
63,0.9,rho_minus10pp,0,1,Heston_minus_BS,1,512,0.14311733667746038
63,0.9,rho_minus10pp,0,1,Heston_minus_BS,2,512,0.15397556568721305
63,0.9,rho_minus10pp,0,1,Heston_minus_BS,3,512,0.18333092241663979
63,0.9,rho_minus10pp,0,1,Heston_minus_BS,4,512,0.14578946319139835
63,0.9,rho_minus10pp,0,1,Heston_minus_BS,5,512,0.1355064593474151
63,0.9,rho_minus10pp,0,1,Heston_minus_BS,6,512,0.10373165492418882
63,0.9,rho_minus10pp,0,1,Heston_minus_BS,7,512,0.12620866216152357
63,0.9,rho_minus10pp,0,1,Adjusted_minus_Heston,0,512,-0.17815146650159022
63,0.9,rho_minus10pp,0,1,Adjusted_minus_Heston,1,512,-0.15809627883264038
63,0.9,rho_minus10pp,0,1,Adjusted_minus_Heston,2,512,-0.17628680415778564
63,0.9,rho_minus10pp,0,1,Adjusted_minus_Heston,3,512,-0.21533677166956683
63,0.9,rho_minus10pp,0,1,Adjusted_minus_Heston,4,512,-0.15933917838554118
63,0.9,rho_minus10pp,0,1,Adjusted_minus_Heston,5,512,-0.13633204041857486
63,0.9,rho_minus10pp,0,1,Adjusted_minus_Heston,6,512,-0.08206506634829405
63,0.9,rho_minus10pp,0,1,Adjusted_minus_Heston,7,512,-0.1277582787293321
63,0.9,rho_minus10pp,0,5,Heston_minus_BS,0,512,0.20228090301452792
63,0.9,rho_minus10pp,0,5,Heston_minus_BS,1,512,0.16529227610891375
63,0.9,rho_minus10pp,0,5,Heston_minus_BS,2,512,0.1776513296195893
63,0.9,rho_minus10pp,0,5,Heston_minus_BS,3,512,0.23194965077608115
63,0.9,rho_minus10pp,0,5,Heston_minus_BS,4,512,0.17107960005292172
63,0.9,rho_minus10pp,0,5,Heston_minus_BS,5,512,0.15088555415328242
63,0.9,rho_minus10pp,0,5,Heston_minus_BS,6,512,0.10198878577200751
63,0.9,rho_minus10pp,0,5,Heston_minus_BS,7,512,0.16412456939293213
63,0.9,rho_minus10pp,0,5,Adjusted_minus_Heston,0,512,-0.2424681508550774
63,0.9,rho_minus10pp,0,5,Adjusted_minus_Heston,1,512,-0.18736547125364433
63,0.9,rho_minus10pp,0,5,Adjusted_minus_Heston,2,512,-0.21281619845946742
63,0.9,rho_minus10pp,0,5,Adjusted_minus_Heston,3,512,-0.2958642204262848
63,0.9,rho_minus10pp,0,5,Adjusted_minus_Heston,4,512,-0.20210241691325165
63,0.9,rho_minus10pp,0,5,Adjusted_minus_Heston,5,512,-0.1551267963355752
63,0.9,rho_minus10pp,0,5,Adjusted_minus_Heston,6,512,-0.07622047379440938
63,0.9,rho_minus10pp,0,5,Adjusted_minus_Heston,7,512,-0.1807821564566559
63,0.9,rho_minus10pp,5,1,Heston_minus_BS,0,512,0.17013690373588697
63,0.9,rho_minus10pp,5,1,Heston_minus_BS,1,512,0.14745542994975663
63,0.9,rho_minus10pp,5,1,Heston_minus_BS,2,512,0.15774925887779873
63,0.9,rho_minus10pp,5,1,Heston_minus_BS,3,512,0.18864148384786167
63,0.9,rho_minus10pp,5,1,Heston_minus_BS,4,512,0.14157635403090651
63,0.9,rho_minus10pp,5,1,Heston_minus_BS,5,512,0.13337767105433498
63,0.9,rho_minus10pp,5,1,Heston_minus_BS,6,512,0.09658075989438132
63,0.9,rho_minus10pp,5,1,Heston_minus_BS,7,512,0.12534108707180303
63,0.9,rho_minus10pp,5,1,Adjusted_minus_Heston,0,512,-0.18256499912521626
63,0.9,rho_minus10pp,5,1,Adjusted_minus_Heston,1,512,-0.1633858147936303
63,0.9,rho_minus10pp,5,1,Adjusted_minus_Heston,2,512,-0.1799972118473635
63,0.9,rho_minus10pp,5,1,Adjusted_minus_Heston,3,512,-0.22260696773653027
63,0.9,rho_minus10pp,5,1,Adjusted_minus_Heston,4,512,-0.14911368941267336
63,0.9,rho_minus10pp,5,1,Adjusted_minus_Heston,5,512,-0.1291710386301544
63,0.9,rho_minus10pp,5,1,Adjusted_minus_Heston,6,512,-0.06578105791873198
63,0.9,rho_minus10pp,5,1,Adjusted_minus_Heston,7,512,-0.12343786195436843
63,0.9,rho_minus10pp,5,5,Heston_minus_BS,0,512,0.19710734596761448
63,0.9,rho_minus10pp,5,5,Heston_minus_BS,1,512,0.16137174200940874
63,0.9,rho_minus10pp,5,5,Heston_minus_BS,2,512,0.17175005237149668
63,0.9,rho_minus10pp,5,5,Heston_minus_BS,3,512,0.22730742673751309
63,0.9,rho_minus10pp,5,5,Heston_minus_BS,4,512,0.16028149105666922
63,0.9,rho_minus10pp,5,5,Heston_minus_BS,5,512,0.14188176336931527
63,0.9,rho_minus10pp,5,5,Heston_minus_BS,6,512,0.0884447954710354
63,0.9,rho_minus10pp,5,5,Heston_minus_BS,7,512,0.15577743392219057
63,0.9,rho_minus10pp,5,5,Adjusted_minus_Heston,0,512,-0.2295117320963575
63,0.9,rho_minus10pp,5,5,Adjusted_minus_Heston,1,512,-0.1771258309244116
63,0.9,rho_minus10pp,5,5,Adjusted_minus_Heston,2,512,-0.1987466356507293
63,0.9,rho_minus10pp,5,5,Adjusted_minus_Heston,3,512,-0.2841456364734879
63,0.9,rho_minus10pp,5,5,Adjusted_minus_Heston,4,512,-0.17954123901086438
63,0.9,rho_minus10pp,5,5,Adjusted_minus_Heston,5,512,-0.13452600132331924
63,0.9,rho_minus10pp,5,5,Adjusted_minus_Heston,6,512,-0.047983729608088346
63,0.9,rho_minus10pp,5,5,Adjusted_minus_Heston,7,512,-0.16213266156725542
63,0.9,rho_minus10pp,10,1,Heston_minus_BS,0,512,0.17254523250410872
63,0.9,rho_minus10pp,10,1,Heston_minus_BS,1,512,0.14955018328833627
63,0.9,rho_minus10pp,10,1,Heston_minus_BS,2,512,0.15935364599524526
63,0.9,rho_minus10pp,10,1,Heston_minus_BS,3,512,0.19188153679406691
63,0.9,rho_minus10pp,10,1,Heston_minus_BS,4,512,0.13499450603029567
63,0.9,rho_minus10pp,10,1,Heston_minus_BS,5,512,0.12917479583394076
63,0.9,rho_minus10pp,10,1,Heston_minus_BS,6,512,0.08715170062691915
63,0.9,rho_minus10pp,10,1,Heston_minus_BS,7,512,0.1221367607922982
63,0.9,rho_minus10pp,10,1,Adjusted_minus_Heston,0,512,-0.18374670326715192
63,0.9,rho_minus10pp,10,1,Adjusted_minus_Heston,1,512,-0.16518061326349312
63,0.9,rho_minus10pp,10,1,Adjusted_minus_Heston,2,512,-0.18033593104316667
63,0.9,rho_minus10pp,10,1,Adjusted_minus_Heston,3,512,-0.22666404296656353
63,0.9,rho_minus10pp,10,1,Adjusted_minus_Heston,4,512,-0.13518563008590023
63,0.9,rho_minus10pp,10,1,Adjusted_minus_Heston,5,512,-0.11876397013741305
63,0.9,rho_minus10pp,10,1,Adjusted_minus_Heston,6,512,-0.04594782662599398
63,0.9,rho_minus10pp,10,1,Adjusted_minus_Heston,7,512,-0.1154859894076622
63,0.9,rho_minus10pp,10,5,Heston_minus_BS,0,512,0.19161188531893997
63,0.9,rho_minus10pp,10,5,Heston_minus_BS,1,512,0.1571310616468136
63,0.9,rho_minus10pp,10,5,Heston_minus_BS,2,512,0.16549230281391514
63,0.9,rho_minus10pp,10,5,Heston_minus_BS,3,512,0.22235722384084894
63,0.9,rho_minus10pp,10,5,Heston_minus_BS,4,512,0.14908839594682918
63,0.9,rho_minus10pp,10,5,Heston_minus_BS,5,512,0.1325768784261818
63,0.9,rho_minus10pp,10,5,Heston_minus_BS,6,512,0.07452174525056424
63,0.9,rho_minus10pp,10,5,Heston_minus_BS,7,512,0.14704290531229314
63,0.9,rho_minus10pp,10,5,Adjusted_minus_Heston,0,512,-0.21614559879304113
63,0.9,rho_minus10pp,10,5,Adjusted_minus_Heston,1,512,-0.16648918201580076
63,0.9,rho_minus10pp,10,5,Adjusted_minus_Heston,2,512,-0.18422577344450253
63,0.9,rho_minus10pp,10,5,Adjusted_minus_Heston,3,512,-0.2720603629836678
63,0.9,rho_minus10pp,10,5,Adjusted_minus_Heston,4,512,-0.15646870833740412
63,0.9,rho_minus10pp,10,5,Adjusted_minus_Heston,5,512,-0.11355438613685317
63,0.9,rho_minus10pp,10,5,Adjusted_minus_Heston,6,512,-0.019258965883213408
63,0.9,rho_minus10pp,10,5,Adjusted_minus_Heston,7,512,-0.14297259886746172
63,0.9,rho_plus10pp,0,1,Heston_minus_BS,0,512,0.13254419023994618
63,0.9,rho_plus10pp,0,1,Heston_minus_BS,1,512,0.11891643324606857
63,0.9,rho_plus10pp,0,1,Heston_minus_BS,2,512,0.1254397184352127
63,0.9,rho_plus10pp,0,1,Heston_minus_BS,3,512,0.1545370487047074
63,0.9,rho_plus10pp,0,1,Heston_minus_BS,4,512,0.12040572707716261
63,0.9,rho_plus10pp,0,1,Heston_minus_BS,5,512,0.11692451723303127
63,0.9,rho_plus10pp,0,1,Heston_minus_BS,6,512,0.08784475625003704
63,0.9,rho_plus10pp,0,1,Heston_minus_BS,7,512,0.10270801818370387
63,0.9,rho_plus10pp,0,1,Adjusted_minus_Heston,0,512,-0.16068274072737118
63,0.9,rho_plus10pp,0,1,Adjusted_minus_Heston,1,512,-0.14493161948088135
63,0.9,rho_plus10pp,0,1,Adjusted_minus_Heston,2,512,-0.1568272673764622
63,0.9,rho_plus10pp,0,1,Adjusted_minus_Heston,3,512,-0.19022253218966695
63,0.9,rho_plus10pp,0,1,Adjusted_minus_Heston,4,512,-0.14727375737633852
63,0.9,rho_plus10pp,0,1,Adjusted_minus_Heston,5,512,-0.13140426704033673
63,0.9,rho_plus10pp,0,1,Adjusted_minus_Heston,6,512,-0.09200241914332487
63,0.9,rho_plus10pp,0,1,Adjusted_minus_Heston,7,512,-0.1221329933659701
63,0.9,rho_plus10pp,0,5,Heston_minus_BS,0,512,0.16598006956913616
63,0.9,rho_plus10pp,0,5,Heston_minus_BS,1,512,0.14220856225999717
63,0.9,rho_plus10pp,0,5,Heston_minus_BS,2,512,0.15009526425163525
63,0.9,rho_plus10pp,0,5,Heston_minus_BS,3,512,0.191971611298333
63,0.9,rho_plus10pp,0,5,Heston_minus_BS,4,512,0.14790214427080292
63,0.9,rho_plus10pp,0,5,Heston_minus_BS,5,512,0.12575277335862425
63,0.9,rho_plus10pp,0,5,Heston_minus_BS,6,512,0.09376628018464592
63,0.9,rho_plus10pp,0,5,Heston_minus_BS,7,512,0.13177113140599256
63,0.9,rho_plus10pp,0,5,Adjusted_minus_Heston,0,512,-0.20941390273519306
63,0.9,rho_plus10pp,0,5,Adjusted_minus_Heston,1,512,-0.1688966209951977
63,0.9,rho_plus10pp,0,5,Adjusted_minus_Heston,2,512,-0.18506893950800302
63,0.9,rho_plus10pp,0,5,Adjusted_minus_Heston,3,512,-0.24931203870296406
63,0.9,rho_plus10pp,0,5,Adjusted_minus_Heston,4,512,-0.17955992110661034
63,0.9,rho_plus10pp,0,5,Adjusted_minus_Heston,5,512,-0.14733471386979438
63,0.9,rho_plus10pp,0,5,Adjusted_minus_Heston,6,512,-0.08986269579052043
63,0.9,rho_plus10pp,0,5,Adjusted_minus_Heston,7,512,-0.16336963009573655
63,0.9,rho_plus10pp,5,1,Heston_minus_BS,0,512,0.13608525349396125
63,0.9,rho_plus10pp,5,1,Heston_minus_BS,1,512,0.12363536644263418
63,0.9,rho_plus10pp,5,1,Heston_minus_BS,2,512,0.12941763852370364
63,0.9,rho_plus10pp,5,1,Heston_minus_BS,3,512,0.15994419483681635
63,0.9,rho_plus10pp,5,1,Heston_minus_BS,4,512,0.11789336253073304
63,0.9,rho_plus10pp,5,1,Heston_minus_BS,5,512,0.11501635740370508
63,0.9,rho_plus10pp,5,1,Heston_minus_BS,6,512,0.08223721403003104
63,0.9,rho_plus10pp,5,1,Heston_minus_BS,7,512,0.10346119351470198
63,0.9,rho_plus10pp,5,1,Adjusted_minus_Heston,0,512,-0.1643692325191676
63,0.9,rho_plus10pp,5,1,Adjusted_minus_Heston,1,512,-0.149128479533952
63,0.9,rho_plus10pp,5,1,Adjusted_minus_Heston,2,512,-0.15991922590261548
63,0.9,rho_plus10pp,5,1,Adjusted_minus_Heston,3,512,-0.196005185417075
63,0.9,rho_plus10pp,5,1,Adjusted_minus_Heston,4,512,-0.14060010235160633
63,0.9,rho_plus10pp,5,1,Adjusted_minus_Heston,5,512,-0.1269831568766149
63,0.9,rho_plus10pp,5,1,Adjusted_minus_Heston,6,512,-0.08111044584285747
63,0.9,rho_plus10pp,5,1,Adjusted_minus_Heston,7,512,-0.1195102330816834
63,0.9,rho_plus10pp,5,5,Heston_minus_BS,0,512,0.16077556209413457
63,0.9,rho_plus10pp,5,5,Heston_minus_BS,1,512,0.13883490285503242
63,0.9,rho_plus10pp,5,5,Heston_minus_BS,2,512,0.14524575142042154
63,0.9,rho_plus10pp,5,5,Heston_minus_BS,3,512,0.1875206374483825
63,0.9,rho_plus10pp,5,5,Heston_minus_BS,4,512,0.13890978856871564
63,0.9,rho_plus10pp,5,5,Heston_minus_BS,5,512,0.11672275084830377
63,0.9,rho_plus10pp,5,5,Heston_minus_BS,6,512,0.08187481748305435
63,0.9,rho_plus10pp,5,5,Heston_minus_BS,7,512,0.12464260403051869
63,0.9,rho_plus10pp,5,5,Adjusted_minus_Heston,0,512,-0.2008133819631921
63,0.9,rho_plus10pp,5,5,Adjusted_minus_Heston,1,512,-0.16223190672016036
63,0.9,rho_plus10pp,5,5,Adjusted_minus_Heston,2,512,-0.17568364278657192
63,0.9,rho_plus10pp,5,5,Adjusted_minus_Heston,3,512,-0.2416830017010452
63,0.9,rho_plus10pp,5,5,Adjusted_minus_Heston,4,512,-0.1641603365343469
63,0.9,rho_plus10pp,5,5,Adjusted_minus_Heston,5,512,-0.1335150549328698
63,0.9,rho_plus10pp,5,5,Adjusted_minus_Heston,6,512,-0.07053297143840857
63,0.9,rho_plus10pp,5,5,Adjusted_minus_Heston,7,512,-0.15072084293179028
63,0.9,rho_plus10pp,10,1,Heston_minus_BS,0,512,0.13856269087164386
63,0.9,rho_plus10pp,10,1,Heston_minus_BS,1,512,0.1272292446395369
63,0.9,rho_plus10pp,10,1,Heston_minus_BS,2,512,0.13233644537352404
63,0.9,rho_plus10pp,10,1,Heston_minus_BS,3,512,0.164353232884008
63,0.9,rho_plus10pp,10,1,Heston_minus_BS,4,512,0.11414334519385344
63,0.9,rho_plus10pp,10,1,Heston_minus_BS,5,512,0.11200933781269748
63,0.9,rho_plus10pp,10,1,Heston_minus_BS,6,512,0.07545370888380205
63,0.9,rho_plus10pp,10,1,Heston_minus_BS,7,512,0.10305195118652707
63,0.9,rho_plus10pp,10,1,Adjusted_minus_Heston,0,512,-0.16559677608779327
63,0.9,rho_plus10pp,10,1,Adjusted_minus_Heston,1,512,-0.15066776441492952
63,0.9,rho_plus10pp,10,1,Adjusted_minus_Heston,2,512,-0.16044357017365907
63,0.9,rho_plus10pp,10,1,Adjusted_minus_Heston,3,512,-0.19933705174489208
63,0.9,rho_plus10pp,10,1,Adjusted_minus_Heston,4,512,-0.13111890872689969
63,0.9,rho_plus10pp,10,1,Adjusted_minus_Heston,5,512,-0.1200922036326165
63,0.9,rho_plus10pp,10,1,Adjusted_minus_Heston,6,512,-0.06752685418278451
63,0.9,rho_plus10pp,10,1,Adjusted_minus_Heston,7,512,-0.11412874382579838
63,0.9,rho_plus10pp,10,5,Heston_minus_BS,0,512,0.1555313766832193
63,0.9,rho_plus10pp,10,5,Heston_minus_BS,1,512,0.13544014574651236
63,0.9,rho_plus10pp,10,5,Heston_minus_BS,2,512,0.1403634669210167
63,0.9,rho_plus10pp,10,5,Heston_minus_BS,3,512,0.1830566315274741
63,0.9,rho_plus10pp,10,5,Heston_minus_BS,4,512,0.12984798665820982
63,0.9,rho_plus10pp,10,5,Heston_minus_BS,5,512,0.1076566812808149
63,0.9,rho_plus10pp,10,5,Heston_minus_BS,6,512,0.06991872580534554
63,0.9,rho_plus10pp,10,5,Heston_minus_BS,7,512,0.11745030981924687
63,0.9,rho_plus10pp,10,5,Adjusted_minus_Heston,0,512,-0.19187201075743648
63,0.9,rho_plus10pp,10,5,Adjusted_minus_Heston,1,512,-0.15523502964742047
63,0.9,rho_plus10pp,10,5,Adjusted_minus_Heston,2,512,-0.16592658976884472
63,0.9,rho_plus10pp,10,5,Adjusted_minus_Heston,3,512,-0.23374338829344932
63,0.9,rho_plus10pp,10,5,Adjusted_minus_Heston,4,512,-0.14834521101308357
63,0.9,rho_plus10pp,10,5,Adjusted_minus_Heston,5,512,-0.11938279138356662
63,0.9,rho_plus10pp,10,5,Adjusted_minus_Heston,6,512,-0.05080662808495889
63,0.9,rho_plus10pp,10,5,Adjusted_minus_Heston,7,512,-0.13765896267959307
63,1.0,reference,0,1,Heston_minus_BS,0,512,0.39268960702293404
63,1.0,reference,0,1,Heston_minus_BS,1,512,0.39903780001186184
63,1.0,reference,0,1,Heston_minus_BS,2,512,0.3974090294000685
63,1.0,reference,0,1,Heston_minus_BS,3,512,0.42776027673269734
63,1.0,reference,0,1,Heston_minus_BS,4,512,0.36021677844741445
63,1.0,reference,0,1,Heston_minus_BS,5,512,0.41457197432839143
63,1.0,reference,0,1,Heston_minus_BS,6,512,0.339804213097943
63,1.0,reference,0,1,Heston_minus_BS,7,512,0.35193995997063915
63,1.0,reference,0,1,Adjusted_minus_Heston,0,512,-0.541330608334802
63,1.0,reference,0,1,Adjusted_minus_Heston,1,512,-0.5543843698278994
63,1.0,reference,0,1,Adjusted_minus_Heston,2,512,-0.5525784104202481
63,1.0,reference,0,1,Adjusted_minus_Heston,3,512,-0.5915044746311302
63,1.0,reference,0,1,Adjusted_minus_Heston,4,512,-0.4837236489722986
63,1.0,reference,0,1,Adjusted_minus_Heston,5,512,-0.5633666826046442
63,1.0,reference,0,1,Adjusted_minus_Heston,6,512,-0.43762712244175594
63,1.0,reference,0,1,Adjusted_minus_Heston,7,512,-0.4666032615163904
63,1.0,reference,0,5,Heston_minus_BS,0,512,0.4123887423787718
63,1.0,reference,0,5,Heston_minus_BS,1,512,0.453006156590661
63,1.0,reference,0,5,Heston_minus_BS,2,512,0.48511349678943344
63,1.0,reference,0,5,Heston_minus_BS,3,512,0.47128410919111474
63,1.0,reference,0,5,Heston_minus_BS,4,512,0.4190993082506483
63,1.0,reference,0,5,Heston_minus_BS,5,512,0.43304213974720906
63,1.0,reference,0,5,Heston_minus_BS,6,512,0.37479227696873313
63,1.0,reference,0,5,Heston_minus_BS,7,512,0.399012215535434
63,1.0,reference,0,5,Adjusted_minus_Heston,0,512,-0.5544920886258244
63,1.0,reference,0,5,Adjusted_minus_Heston,1,512,-0.6321056869745378
63,1.0,reference,0,5,Adjusted_minus_Heston,2,512,-0.6989733816902136
63,1.0,reference,0,5,Adjusted_minus_Heston,3,512,-0.64593241158428
63,1.0,reference,0,5,Adjusted_minus_Heston,4,512,-0.571927104963166
63,1.0,reference,0,5,Adjusted_minus_Heston,5,512,-0.5897331930447014
63,1.0,reference,0,5,Adjusted_minus_Heston,6,512,-0.4768922461171733
63,1.0,reference,0,5,Adjusted_minus_Heston,7,512,-0.5405708683917493
63,1.0,reference,5,1,Heston_minus_BS,0,512,0.3673191956884057
63,1.0,reference,5,1,Heston_minus_BS,1,512,0.3763788031334105
63,1.0,reference,5,1,Heston_minus_BS,2,512,0.3745931701614139
63,1.0,reference,5,1,Heston_minus_BS,3,512,0.4036457602944932
63,1.0,reference,5,1,Heston_minus_BS,4,512,0.3316663185145041
63,1.0,reference,5,1,Heston_minus_BS,5,512,0.38330823879699616
63,1.0,reference,5,1,Heston_minus_BS,6,512,0.30402506917993494
63,1.0,reference,5,1,Heston_minus_BS,7,512,0.32664348039567787
63,1.0,reference,5,1,Adjusted_minus_Heston,0,512,-0.4835350748653938
63,1.0,reference,5,1,Adjusted_minus_Heston,1,512,-0.5010219581703239
63,1.0,reference,5,1,Adjusted_minus_Heston,2,512,-0.499054853423041
63,1.0,reference,5,1,Adjusted_minus_Heston,3,512,-0.5361764213112354
63,1.0,reference,5,1,Adjusted_minus_Heston,4,512,-0.4175724581284554
63,1.0,reference,5,1,Adjusted_minus_Heston,5,512,-0.49453083304416473
63,1.0,reference,5,1,Adjusted_minus_Heston,6,512,-0.3598618908284892
63,1.0,reference,5,1,Adjusted_minus_Heston,7,512,-0.4071743258583457
63,1.0,reference,5,5,Heston_minus_BS,0,512,0.38669059029698943
63,1.0,reference,5,5,Heston_minus_BS,1,512,0.4292937774998507
63,1.0,reference,5,5,Heston_minus_BS,2,512,0.46267763342404744
63,1.0,reference,5,5,Heston_minus_BS,3,512,0.4460442131339878
63,1.0,reference,5,5,Heston_minus_BS,4,512,0.3933938651729514
63,1.0,reference,5,5,Heston_minus_BS,5,512,0.4026200431718441
63,1.0,reference,5,5,Heston_minus_BS,6,512,0.3433359336993349
63,1.0,reference,5,5,Heston_minus_BS,7,512,0.3746391964071929
63,1.0,reference,5,5,Adjusted_minus_Heston,0,512,-0.5012556100955812
63,1.0,reference,5,5,Adjusted_minus_Heston,1,512,-0.5822812873500314
63,1.0,reference,5,5,Adjusted_minus_Heston,2,512,-0.6504678198469358
63,1.0,reference,5,5,Adjusted_minus_Heston,3,512,-0.5935084586085357
63,1.0,reference,5,5,Adjusted_minus_Heston,4,512,-0.5169412490424741
63,1.0,reference,5,5,Adjusted_minus_Heston,5,512,-0.5281283602977593
63,1.0,reference,5,5,Adjusted_minus_Heston,6,512,-0.4121314087255046
63,1.0,reference,5,5,Adjusted_minus_Heston,7,512,-0.48834593096272905
63,1.0,reference,10,1,Heston_minus_BS,0,512,0.34406673282070566
63,1.0,reference,10,1,Heston_minus_BS,1,512,0.3559651792520394
63,1.0,reference,10,1,Heston_minus_BS,2,512,0.3539681946634592
63,1.0,reference,10,1,Heston_minus_BS,3,512,0.38164853896871187
63,1.0,reference,10,1,Heston_minus_BS,4,512,0.305166887949301
63,1.0,reference,10,1,Heston_minus_BS,5,512,0.3539288974918669
63,1.0,reference,10,1,Heston_minus_BS,6,512,0.2702023137185011
63,1.0,reference,10,1,Heston_minus_BS,7,512,0.3035955889502817
63,1.0,reference,10,1,Adjusted_minus_Heston,0,512,-0.4283818481513119
63,1.0,reference,10,1,Adjusted_minus_Heston,1,512,-0.4504713540254983
63,1.0,reference,10,1,Adjusted_minus_Heston,2,512,-0.4483265006270451
63,1.0,reference,10,1,Adjusted_minus_Heston,3,512,-0.4835411754521691
63,1.0,reference,10,1,Adjusted_minus_Heston,4,512,-0.35387326034472266
63,1.0,reference,10,1,Adjusted_minus_Heston,5,512,-0.427949905914043
63,1.0,reference,10,1,Adjusted_minus_Heston,6,512,-0.28439365891038054
63,1.0,reference,10,1,Adjusted_minus_Heston,7,512,-0.350489171325817
63,1.0,reference,10,5,Heston_minus_BS,0,512,0.3620420502966573
63,1.0,reference,10,5,Heston_minus_BS,1,512,0.4066497572125552
63,1.0,reference,10,5,Heston_minus_BS,2,512,0.4413752284727801
63,1.0,reference,10,5,Heston_minus_BS,3,512,0.4218501308886339
63,1.0,reference,10,5,Heston_minus_BS,4,512,0.36877352666276514
63,1.0,reference,10,5,Heston_minus_BS,5,512,0.37319498452162564
63,1.0,reference,10,5,Heston_minus_BS,6,512,0.3129049328018029
63,1.0,reference,10,5,Heston_minus_BS,7,512,0.3514004341793049
63,1.0,reference,10,5,Adjusted_minus_Heston,0,512,-0.44961944570992324
63,1.0,reference,10,5,Adjusted_minus_Heston,1,512,-0.534073776719147
63,1.0,reference,10,5,Adjusted_minus_Heston,2,512,-0.6036874604193159
63,1.0,reference,10,5,Adjusted_minus_Heston,3,512,-0.5426935762036849
63,1.0,reference,10,5,Adjusted_minus_Heston,4,512,-0.46357778833561
63,1.0,reference,10,5,Adjusted_minus_Heston,5,512,-0.4680512440067025
63,1.0,reference,10,5,Adjusted_minus_Heston,6,512,-0.3488986911576549
63,1.0,reference,10,5,Adjusted_minus_Heston,7,512,-0.43781422464982567
63,1.0,kappa_minus20,0,1,Heston_minus_BS,0,512,0.4216569072350953
63,1.0,kappa_minus20,0,1,Heston_minus_BS,1,512,0.4250805234210115
63,1.0,kappa_minus20,0,1,Heston_minus_BS,2,512,0.42325711679684913
63,1.0,kappa_minus20,0,1,Heston_minus_BS,3,512,0.46362338671352504
63,1.0,kappa_minus20,0,1,Heston_minus_BS,4,512,0.3874788254588811
63,1.0,kappa_minus20,0,1,Heston_minus_BS,5,512,0.4503173554651531
63,1.0,kappa_minus20,0,1,Heston_minus_BS,6,512,0.3672339968983781
63,1.0,kappa_minus20,0,1,Heston_minus_BS,7,512,0.3776304746395729
63,1.0,kappa_minus20,0,1,Adjusted_minus_Heston,0,512,-0.5716799735961788
63,1.0,kappa_minus20,0,1,Adjusted_minus_Heston,1,512,-0.5854290543937337
63,1.0,kappa_minus20,0,1,Adjusted_minus_Heston,2,512,-0.5837673703189938
63,1.0,kappa_minus20,0,1,Adjusted_minus_Heston,3,512,-0.6266614080463244
63,1.0,kappa_minus20,0,1,Adjusted_minus_Heston,4,512,-0.5132227285082114
63,1.0,kappa_minus20,0,1,Adjusted_minus_Heston,5,512,-0.6026762949637354
63,1.0,kappa_minus20,0,1,Adjusted_minus_Heston,6,512,-0.46282393913474684
63,1.0,kappa_minus20,0,1,Adjusted_minus_Heston,7,512,-0.4929057479581281
63,1.0,kappa_minus20,0,5,Heston_minus_BS,0,512,0.4437049763771002
63,1.0,kappa_minus20,0,5,Heston_minus_BS,1,512,0.48518942469174475
63,1.0,kappa_minus20,0,5,Heston_minus_BS,2,512,0.518548886250731
63,1.0,kappa_minus20,0,5,Heston_minus_BS,3,512,0.5118074899252979
63,1.0,kappa_minus20,0,5,Heston_minus_BS,4,512,0.4541705967310241
63,1.0,kappa_minus20,0,5,Heston_minus_BS,5,512,0.46921658093552976
63,1.0,kappa_minus20,0,5,Heston_minus_BS,6,512,0.4063471315566187
63,1.0,kappa_minus20,0,5,Heston_minus_BS,7,512,0.4256087681249541
63,1.0,kappa_minus20,0,5,Adjusted_minus_Heston,0,512,-0.5842028434475383
63,1.0,kappa_minus20,0,5,Adjusted_minus_Heston,1,512,-0.6711449405882902
63,1.0,kappa_minus20,0,5,Adjusted_minus_Heston,2,512,-0.7401403161763842
63,1.0,kappa_minus20,0,5,Adjusted_minus_Heston,3,512,-0.6860523320509242
63,1.0,kappa_minus20,0,5,Adjusted_minus_Heston,4,512,-0.607923559750323
63,1.0,kappa_minus20,0,5,Adjusted_minus_Heston,5,512,-0.6298944057906468
63,1.0,kappa_minus20,0,5,Adjusted_minus_Heston,6,512,-0.5042034792542309
63,1.0,kappa_minus20,0,5,Adjusted_minus_Heston,7,512,-0.5721098606956736
63,1.0,kappa_minus20,5,1,Heston_minus_BS,0,512,0.3945101162716265
63,1.0,kappa_minus20,5,1,Heston_minus_BS,1,512,0.40091945100507603
63,1.0,kappa_minus20,5,1,Heston_minus_BS,2,512,0.39890312429303504
63,1.0,kappa_minus20,5,1,Heston_minus_BS,3,512,0.4373587664932103
63,1.0,kappa_minus20,5,1,Heston_minus_BS,4,512,0.3580296934796379
63,1.0,kappa_minus20,5,1,Heston_minus_BS,5,512,0.4167281312292451
63,1.0,kappa_minus20,5,1,Heston_minus_BS,6,512,0.3299920328456579
63,1.0,kappa_minus20,5,1,Heston_minus_BS,7,512,0.35102621186830996
63,1.0,kappa_minus20,5,1,Adjusted_minus_Heston,0,512,-0.5102140824559095
63,1.0,kappa_minus20,5,1,Adjusted_minus_Heston,1,512,-0.5287689031455269
63,1.0,kappa_minus20,5,1,Adjusted_minus_Heston,2,512,-0.5272088333585931
63,1.0,kappa_minus20,5,1,Adjusted_minus_Heston,3,512,-0.5676374274364258
63,1.0,kappa_minus20,5,1,Adjusted_minus_Heston,4,512,-0.44296127228854854
63,1.0,kappa_minus20,5,1,Adjusted_minus_Heston,5,512,-0.5291959898101994
63,1.0,kappa_minus20,5,1,Adjusted_minus_Heston,6,512,-0.3809258821175321
63,1.0,kappa_minus20,5,1,Adjusted_minus_Heston,7,512,-0.43001147125528305
63,1.0,kappa_minus20,5,5,Heston_minus_BS,0,512,0.41668398387413524
63,1.0,kappa_minus20,5,5,Heston_minus_BS,1,512,0.4598260346636053
63,1.0,kappa_minus20,5,5,Heston_minus_BS,2,512,0.49482343463068335
63,1.0,kappa_minus20,5,5,Heston_minus_BS,3,512,0.4847318912984503
63,1.0,kappa_minus20,5,5,Heston_minus_BS,4,512,0.427536649945074
63,1.0,kappa_minus20,5,5,Heston_minus_BS,5,512,0.4362894304520479
63,1.0,kappa_minus20,5,5,Heston_minus_BS,6,512,0.37363137323900264
63,1.0,kappa_minus20,5,5,Heston_minus_BS,7,512,0.4000235260762982
63,1.0,kappa_minus20,5,5,Adjusted_minus_Heston,0,512,-0.5277982829968841
63,1.0,kappa_minus20,5,5,Adjusted_minus_Heston,1,512,-0.6184264463898053
63,1.0,kappa_minus20,5,5,Adjusted_minus_Heston,2,512,-0.6890768261496898
63,1.0,kappa_minus20,5,5,Adjusted_minus_Heston,3,512,-0.6303388461784605
63,1.0,kappa_minus20,5,5,Adjusted_minus_Heston,4,512,-0.5496676391352614
63,1.0,kappa_minus20,5,5,Adjusted_minus_Heston,5,512,-0.5643960388691212
63,1.0,kappa_minus20,5,5,Adjusted_minus_Heston,6,512,-0.4360154937320813
63,1.0,kappa_minus20,5,5,Adjusted_minus_Heston,7,512,-0.5170043679134955
63,1.0,kappa_minus20,10,1,Heston_minus_BS,0,512,0.37063448831331725
63,1.0,kappa_minus20,10,1,Heston_minus_BS,1,512,0.380236253297885
63,1.0,kappa_minus20,10,1,Heston_minus_BS,2,512,0.3778812331996564
63,1.0,kappa_minus20,10,1,Heston_minus_BS,3,512,0.4143059491242934
63,1.0,kappa_minus20,10,1,Heston_minus_BS,4,512,0.33178920712213456
63,1.0,kappa_minus20,10,1,Heston_minus_BS,5,512,0.3861508648369667
63,1.0,kappa_minus20,10,1,Heston_minus_BS,6,512,0.29580331360127077
63,1.0,kappa_minus20,10,1,Heston_minus_BS,7,512,0.32786634235946943
63,1.0,kappa_minus20,10,1,Adjusted_minus_Heston,0,512,-0.4517151242083769
63,1.0,kappa_minus20,10,1,Adjusted_minus_Heston,1,512,-0.47526220778817196
63,1.0,kappa_minus20,10,1,Adjusted_minus_Heston,2,512,-0.4737703449335615
63,1.0,kappa_minus20,10,1,Adjusted_minus_Heston,3,512,-0.5116258650709243
63,1.0,kappa_minus20,10,1,Adjusted_minus_Heston,4,512,-0.3754530502233283
63,1.0,kappa_minus20,10,1,Adjusted_minus_Heston,5,512,-0.4582562748451376
63,1.0,kappa_minus20,10,1,Adjusted_minus_Heston,6,512,-0.3016316241119154
63,1.0,kappa_minus20,10,1,Adjusted_minus_Heston,7,512,-0.370207195397683
63,1.0,kappa_minus20,10,5,Heston_minus_BS,0,512,0.3910433554919137
63,1.0,kappa_minus20,10,5,Heston_minus_BS,1,512,0.4358571837146147
63,1.0,kappa_minus20,10,5,Heston_minus_BS,2,512,0.47255127451781187
63,1.0,kappa_minus20,10,5,Heston_minus_BS,3,512,0.4590044066321938
63,1.0,kappa_minus20,10,5,Heston_minus_BS,4,512,0.40230031692351664
63,1.0,kappa_minus20,10,5,Heston_minus_BS,5,512,0.4046574013686736
63,1.0,kappa_minus20,10,5,Heston_minus_BS,6,512,0.3422503241359059
63,1.0,kappa_minus20,10,5,Heston_minus_BS,7,512,0.375909082529027
63,1.0,kappa_minus20,10,5,Adjusted_minus_Heston,0,512,-0.4731568682944956
63,1.0,kappa_minus20,10,5,Adjusted_minus_Heston,1,512,-0.5674899092028485
63,1.0,kappa_minus20,10,5,Adjusted_minus_Heston,2,512,-0.639910717935755
63,1.0,kappa_minus20,10,5,Adjusted_minus_Heston,3,512,-0.5763904603523331
63,1.0,kappa_minus20,10,5,Adjusted_minus_Heston,4,512,-0.4931897943608863
63,1.0,kappa_minus20,10,5,Adjusted_minus_Heston,5,512,-0.5005769083103396
63,1.0,kappa_minus20,10,5,Adjusted_minus_Heston,6,512,-0.3695153418442876
63,1.0,kappa_minus20,10,5,Adjusted_minus_Heston,7,512,-0.4637600703501645
63,1.0,kappa_plus20,0,1,Heston_minus_BS,0,512,0.36893896730376047
63,1.0,kappa_plus20,0,1,Heston_minus_BS,1,512,0.37767977682264975
63,1.0,kappa_plus20,0,1,Heston_minus_BS,2,512,0.37600547756957525
63,1.0,kappa_plus20,0,1,Heston_minus_BS,3,512,0.39816491870673265
63,1.0,kappa_plus20,0,1,Heston_minus_BS,4,512,0.3380986297966052
63,1.0,kappa_plus20,0,1,Heston_minus_BS,5,512,0.3848579532468014
63,1.0,kappa_plus20,0,1,Heston_minus_BS,6,512,0.3169529961836271
63,1.0,kappa_plus20,0,1,Heston_minus_BS,7,512,0.3308364685206945
63,1.0,kappa_plus20,0,1,Adjusted_minus_Heston,0,512,-0.5143850615377342
63,1.0,kappa_plus20,0,1,Adjusted_minus_Heston,1,512,-0.526763141431932
63,1.0,kappa_plus20,0,1,Adjusted_minus_Heston,2,512,-0.5247725050306941
63,1.0,kappa_plus20,0,1,Adjusted_minus_Heston,3,512,-0.5604908393514152
63,1.0,kappa_plus20,0,1,Adjusted_minus_Heston,4,512,-0.45788140267107513
63,1.0,kappa_plus20,0,1,Adjusted_minus_Heston,5,512,-0.5292839013264359
63,1.0,kappa_plus20,0,1,Adjusted_minus_Heston,6,512,-0.4151328789006826
63,1.0,kappa_plus20,0,1,Adjusted_minus_Heston,7,512,-0.44333873603095797
63,1.0,kappa_plus20,0,5,Heston_minus_BS,0,512,0.38669087116177725
63,1.0,kappa_plus20,0,5,Heston_minus_BS,1,512,0.4265539674258922
63,1.0,kappa_plus20,0,5,Heston_minus_BS,2,512,0.4573402720690427
63,1.0,kappa_plus20,0,5,Heston_minus_BS,3,512,0.4377334591398594
63,1.0,kappa_plus20,0,5,Heston_minus_BS,4,512,0.3901518932897725
63,1.0,kappa_plus20,0,5,Heston_minus_BS,5,512,0.4032325764035654
63,1.0,kappa_plus20,0,5,Heston_minus_BS,6,512,0.3484562746193842
63,1.0,kappa_plus20,0,5,Heston_minus_BS,7,512,0.37723601032412446
63,1.0,kappa_plus20,0,5,Adjusted_minus_Heston,0,512,-0.5279686996384543
63,1.0,kappa_plus20,0,5,Adjusted_minus_Heston,1,512,-0.5975615812557322
63,1.0,kappa_plus20,0,5,Adjusted_minus_Heston,2,512,-0.6623386093677414
63,1.0,kappa_plus20,0,5,Adjusted_minus_Heston,3,512,-0.6106495254547686
63,1.0,kappa_plus20,0,5,Adjusted_minus_Heston,4,512,-0.5402544599679608
63,1.0,kappa_plus20,0,5,Adjusted_minus_Heston,5,512,-0.5547676839600009
63,1.0,kappa_plus20,0,5,Adjusted_minus_Heston,6,512,-0.4525423866456384
63,1.0,kappa_plus20,0,5,Adjusted_minus_Heston,7,512,-0.5127418591313992
63,1.0,kappa_plus20,5,1,Heston_minus_BS,0,512,0.34509629860312446
63,1.0,kappa_plus20,5,1,Heston_minus_BS,1,512,0.356353978036531
63,1.0,kappa_plus20,5,1,Heston_minus_BS,2,512,0.35457548183765725
63,1.0,kappa_plus20,5,1,Heston_minus_BS,3,512,0.375913922038748
63,1.0,kappa_plus20,5,1,Heston_minus_BS,4,512,0.3103312093575634
63,1.0,kappa_plus20,5,1,Heston_minus_BS,5,512,0.35566459089907887
63,1.0,kappa_plus20,5,1,Heston_minus_BS,6,512,0.28248919718263604
63,1.0,kappa_plus20,5,1,Heston_minus_BS,7,512,0.3067114758876235
63,1.0,kappa_plus20,5,1,Adjusted_minus_Heston,0,512,-0.45984036860102445
63,1.0,kappa_plus20,5,1,Adjusted_minus_Heston,1,512,-0.4763276439672956
63,1.0,kappa_plus20,5,1,Adjusted_minus_Heston,2,512,-0.4739510660744557
63,1.0,kappa_plus20,5,1,Adjusted_minus_Heston,3,512,-0.5084430335601682
63,1.0,kappa_plus20,5,1,Adjusted_minus_Heston,4,512,-0.39539212869000445
63,1.0,kappa_plus20,5,1,Adjusted_minus_Heston,5,512,-0.46460386299939055
63,1.0,kappa_plus20,5,1,Adjusted_minus_Heston,6,512,-0.3410998202135588
63,1.0,kappa_plus20,5,1,Adjusted_minus_Heston,7,512,-0.38701597150076383
63,1.0,kappa_plus20,5,5,Heston_minus_BS,0,512,0.362164153630654
63,1.0,kappa_plus20,5,5,Heston_minus_BS,1,512,0.40430857494723527
63,1.0,kappa_plus20,5,5,Heston_minus_BS,2,512,0.4360783386099093
63,1.0,kappa_plus20,5,5,Heston_minus_BS,3,512,0.414092298077522
63,1.0,kappa_plus20,5,5,Heston_minus_BS,4,512,0.36528478725646424
63,1.0,kappa_plus20,5,5,Heston_minus_BS,5,512,0.37501994080411905
63,1.0,kappa_plus20,5,5,Heston_minus_BS,6,512,0.31812441268386593
63,1.0,kappa_plus20,5,5,Heston_minus_BS,7,512,0.3539626443056202
63,1.0,kappa_plus20,5,5,Adjusted_minus_Heston,0,512,-0.47755837016418035
63,1.0,kappa_plus20,5,5,Adjusted_minus_Heston,1,512,-0.550313823111035
63,1.0,kappa_plus20,5,5,Adjusted_minus_Heston,2,512,-0.6161468879860004
63,1.0,kappa_plus20,5,5,Adjusted_minus_Heston,3,512,-0.561164448884466
63,1.0,kappa_plus20,5,5,Adjusted_minus_Heston,4,512,-0.48819334001251835
63,1.0,kappa_plus20,5,5,Adjusted_minus_Heston,5,512,-0.49664666724272716
63,1.0,kappa_plus20,5,5,Adjusted_minus_Heston,6,512,-0.3908724804514675
63,1.0,kappa_plus20,5,5,Adjusted_minus_Heston,7,512,-0.46311740115414896
63,1.0,kappa_plus20,10,1,Heston_minus_BS,0,512,0.3223895043865182
63,1.0,kappa_plus20,10,1,Heston_minus_BS,1,512,0.3362308912306744
63,1.0,kappa_plus20,10,1,Heston_minus_BS,2,512,0.33437357280553304
63,1.0,kappa_plus20,10,1,Heston_minus_BS,3,512,0.35485295847585935
63,1.0,kappa_plus20,10,1,Heston_minus_BS,4,512,0.28362662413974793
63,1.0,kappa_plus20,10,1,Heston_minus_BS,5,512,0.3273991316713192
63,1.0,kappa_plus20,10,1,Heston_minus_BS,6,512,0.24904498531218555
63,1.0,kappa_plus20,10,1,Heston_minus_BS,7,512,0.28382254110682237
63,1.0,kappa_plus20,10,1,Adjusted_minus_Heston,0,512,-0.4076636243969611
63,1.0,kappa_plus20,10,1,Adjusted_minus_Heston,1,512,-0.4284161515532382
63,1.0,kappa_plus20,10,1,Adjusted_minus_Heston,2,512,-0.42565058989538895
63,1.0,kappa_plus20,10,1,Adjusted_minus_Heston,3,512,-0.45881893100970517
63,1.0,kappa_plus20,10,1,Adjusted_minus_Heston,4,512,-0.33509547824337615
63,1.0,kappa_plus20,10,1,Adjusted_minus_Heston,5,512,-0.4019378876468743
63,1.0,kappa_plus20,10,1,Adjusted_minus_Heston,6,512,-0.26909794886166316
63,1.0,kappa_plus20,10,1,Adjusted_minus_Heston,7,512,-0.33314532448027945
63,1.0,kappa_plus20,10,5,Heston_minus_BS,0,512,0.33840612078305543
63,1.0,kappa_plus20,10,5,Heston_minus_BS,1,512,0.38285605767928715
63,1.0,kappa_plus20,10,5,Heston_minus_BS,2,512,0.41567847991541473
63,1.0,kappa_plus20,10,5,Heston_minus_BS,3,512,0.39123994660048
63,1.0,kappa_plus20,10,5,Heston_minus_BS,4,512,0.3412358695483143
63,1.0,kappa_plus20,10,5,Heston_minus_BS,5,512,0.34755376785698866
63,1.0,kappa_plus20,10,5,Heston_minus_BS,6,512,0.2885551522154903
63,1.0,kappa_plus20,10,5,Heston_minus_BS,7,512,0.3315388858536512
63,1.0,kappa_plus20,10,5,Adjusted_minus_Heston,0,512,-0.4286094531210822
63,1.0,kappa_plus20,10,5,Adjusted_minus_Heston,1,512,-0.5045418722938898
63,1.0,kappa_plus20,10,5,Adjusted_minus_Heston,2,512,-0.5715323917181694
63,1.0,kappa_plus20,10,5,Adjusted_minus_Heston,3,512,-0.5131547044019047
63,1.0,kappa_plus20,10,5,Adjusted_minus_Heston,4,512,-0.4376196061848698
63,1.0,kappa_plus20,10,5,Adjusted_minus_Heston,5,512,-0.43992653844585494
63,1.0,kappa_plus20,10,5,Adjusted_minus_Heston,6,512,-0.33059229815002406
63,1.0,kappa_plus20,10,5,Adjusted_minus_Heston,7,512,-0.41504277413454543
63,1.0,theta_minus20,0,1,Heston_minus_BS,0,512,0.40672756879737004
63,1.0,theta_minus20,0,1,Heston_minus_BS,1,512,0.41452625061469567
63,1.0,theta_minus20,0,1,Heston_minus_BS,2,512,0.4113616207834294
63,1.0,theta_minus20,0,1,Heston_minus_BS,3,512,0.45047301288338937
63,1.0,theta_minus20,0,1,Heston_minus_BS,4,512,0.3805164225223283
63,1.0,theta_minus20,0,1,Heston_minus_BS,5,512,0.4435921173731602
63,1.0,theta_minus20,0,1,Heston_minus_BS,6,512,0.36081592475042623
63,1.0,theta_minus20,0,1,Heston_minus_BS,7,512,0.36726278358105835
63,1.0,theta_minus20,0,1,Adjusted_minus_Heston,0,512,-0.5589529176313561
63,1.0,theta_minus20,0,1,Adjusted_minus_Heston,1,512,-0.5752301125893096
63,1.0,theta_minus20,0,1,Adjusted_minus_Heston,2,512,-0.5746449180835321
63,1.0,theta_minus20,0,1,Adjusted_minus_Heston,3,512,-0.615591065444386
63,1.0,theta_minus20,0,1,Adjusted_minus_Heston,4,512,-0.5077207119985951
63,1.0,theta_minus20,0,1,Adjusted_minus_Heston,5,512,-0.5958718763484263
63,1.0,theta_minus20,0,1,Adjusted_minus_Heston,6,512,-0.4568316779562855
63,1.0,theta_minus20,0,1,Adjusted_minus_Heston,7,512,-0.4842823579150977
63,1.0,theta_minus20,0,5,Heston_minus_BS,0,512,0.42709371157550274
63,1.0,theta_minus20,0,5,Heston_minus_BS,1,512,0.47387898268832856
63,1.0,theta_minus20,0,5,Heston_minus_BS,2,512,0.5066871031443556
63,1.0,theta_minus20,0,5,Heston_minus_BS,3,512,0.49690686539153217
63,1.0,theta_minus20,0,5,Heston_minus_BS,4,512,0.44942025878676456
63,1.0,theta_minus20,0,5,Heston_minus_BS,5,512,0.45798988831330684
63,1.0,theta_minus20,0,5,Heston_minus_BS,6,512,0.4057799704346543
63,1.0,theta_minus20,0,5,Heston_minus_BS,7,512,0.41141725944675744
63,1.0,theta_minus20,0,5,Adjusted_minus_Heston,0,512,-0.5721138870993394
63,1.0,theta_minus20,0,5,Adjusted_minus_Heston,1,512,-0.6593025452811276
63,1.0,theta_minus20,0,5,Adjusted_minus_Heston,2,512,-0.7284734729893703
63,1.0,theta_minus20,0,5,Adjusted_minus_Heston,3,512,-0.6741380357137694
63,1.0,theta_minus20,0,5,Adjusted_minus_Heston,4,512,-0.6003246661275748
63,1.0,theta_minus20,0,5,Adjusted_minus_Heston,5,512,-0.6218306860207072
63,1.0,theta_minus20,0,5,Adjusted_minus_Heston,6,512,-0.498664480701029
63,1.0,theta_minus20,0,5,Adjusted_minus_Heston,7,512,-0.5613453706176922
63,1.0,theta_minus20,5,1,Heston_minus_BS,0,512,0.38150281831216026
63,1.0,theta_minus20,5,1,Heston_minus_BS,1,512,0.3925384864238472
63,1.0,theta_minus20,5,1,Heston_minus_BS,2,512,0.3889387375265968
63,1.0,theta_minus20,5,1,Heston_minus_BS,3,512,0.4258594115439932
63,1.0,theta_minus20,5,1,Heston_minus_BS,4,512,0.354035228139132
63,1.0,theta_minus20,5,1,Heston_minus_BS,5,512,0.41200547694399287
63,1.0,theta_minus20,5,1,Heston_minus_BS,6,512,0.32620169067488985
63,1.0,theta_minus20,5,1,Heston_minus_BS,7,512,0.3436952887914761
63,1.0,theta_minus20,5,1,Adjusted_minus_Heston,0,512,-0.4992404221906396
63,1.0,theta_minus20,5,1,Adjusted_minus_Heston,1,512,-0.5202595589095868
63,1.0,theta_minus20,5,1,Adjusted_minus_Heston,2,512,-0.5198487355535637
63,1.0,theta_minus20,5,1,Adjusted_minus_Heston,3,512,-0.5585189794568138
63,1.0,theta_minus20,5,1,Adjusted_minus_Heston,4,512,-0.43952530255714684
63,1.0,theta_minus20,5,1,Adjusted_minus_Heston,5,512,-0.5248372439272276
63,1.0,theta_minus20,5,1,Adjusted_minus_Heston,6,512,-0.37694648079037973
63,1.0,theta_minus20,5,1,Adjusted_minus_Heston,7,512,-0.42317773557330574
63,1.0,theta_minus20,5,5,Heston_minus_BS,0,512,0.400902931048678
63,1.0,theta_minus20,5,5,Heston_minus_BS,1,512,0.4492965091052591
63,1.0,theta_minus20,5,5,Heston_minus_BS,2,512,0.484017628652392
63,1.0,theta_minus20,5,5,Heston_minus_BS,3,512,0.47035687420353167
63,1.0,theta_minus20,5,5,Heston_minus_BS,4,512,0.4242999992710045
63,1.0,theta_minus20,5,5,Heston_minus_BS,5,512,0.4254509850886257
63,1.0,theta_minus20,5,5,Heston_minus_BS,6,512,0.3745034938240448
63,1.0,theta_minus20,5,5,Heston_minus_BS,7,512,0.387295242069741
63,1.0,theta_minus20,5,5,Adjusted_minus_Heston,0,512,-0.5172159511113354
63,1.0,theta_minus20,5,5,Adjusted_minus_Heston,1,512,-0.6080972836777169
63,1.0,theta_minus20,5,5,Adjusted_minus_Heston,2,512,-0.6789372798091128
63,1.0,theta_minus20,5,5,Adjusted_minus_Heston,3,512,-0.6201110559085614
63,1.0,theta_minus20,5,5,Adjusted_minus_Heston,4,512,-0.5437843126953171
63,1.0,theta_minus20,5,5,Adjusted_minus_Heston,5,512,-0.5583472293577569
63,1.0,theta_minus20,5,5,Adjusted_minus_Heston,6,512,-0.43223550996793436
63,1.0,theta_minus20,5,5,Adjusted_minus_Heston,7,512,-0.5077773746410107
63,1.0,theta_minus20,10,1,Heston_minus_BS,0,512,0.3603785717696572
63,1.0,theta_minus20,10,1,Heston_minus_BS,1,512,0.37487597629762254
63,1.0,theta_minus20,10,1,Heston_minus_BS,2,512,0.3706633376543348
63,1.0,theta_minus20,10,1,Heston_minus_BS,3,512,0.4052517250150667
63,1.0,theta_minus20,10,1,Heston_minus_BS,4,512,0.3316329321061797
63,1.0,theta_minus20,10,1,Heston_minus_BS,5,512,0.38423084510372707
63,1.0,theta_minus20,10,1,Heston_minus_BS,6,512,0.29550483793790755
63,1.0,theta_minus20,10,1,Heston_minus_BS,7,512,0.3244688123012911
63,1.0,theta_minus20,10,1,Adjusted_minus_Heston,0,512,-0.44237658288507953
63,1.0,theta_minus20,10,1,Adjusted_minus_Heston,1,512,-0.4683230563389603
63,1.0,theta_minus20,10,1,Adjusted_minus_Heston,2,512,-0.4680600415360135
63,1.0,theta_minus20,10,1,Adjusted_minus_Heston,3,512,-0.5043475457601736
63,1.0,theta_minus20,10,1,Adjusted_minus_Heston,4,512,-0.3739619243422097
63,1.0,theta_minus20,10,1,Adjusted_minus_Heston,5,512,-0.45623077057056693
63,1.0,theta_minus20,10,1,Adjusted_minus_Heston,6,512,-0.29954378815539917
63,1.0,theta_minus20,10,1,Adjusted_minus_Heston,7,512,-0.3650456398284325
63,1.0,theta_minus20,10,5,Heston_minus_BS,0,512,0.37628600830650194
63,1.0,theta_minus20,10,5,Heston_minus_BS,1,512,0.42629928453659605
63,1.0,theta_minus20,10,5,Heston_minus_BS,2,512,0.462999402435048
63,1.0,theta_minus20,10,5,Heston_minus_BS,3,512,0.44533631941483504
63,1.0,theta_minus20,10,5,Heston_minus_BS,4,512,0.40078106353502524
63,1.0,theta_minus20,10,5,Heston_minus_BS,5,512,0.3943854917698425
63,1.0,theta_minus20,10,5,Heston_minus_BS,6,512,0.34476575758398187
63,1.0,theta_minus20,10,5,Heston_minus_BS,7,512,0.3648601442558148
63,1.0,theta_minus20,10,5,Adjusted_minus_Heston,0,512,-0.4640196405337452
63,1.0,theta_minus20,10,5,Adjusted_minus_Heston,1,512,-0.5586135253183226
63,1.0,theta_minus20,10,5,Adjusted_minus_Heston,2,512,-0.6312400120391128
63,1.0,theta_minus20,10,5,Adjusted_minus_Heston,3,512,-0.5677919375532909
63,1.0,theta_minus20,10,5,Adjusted_minus_Heston,4,512,-0.488963302240938
63,1.0,theta_minus20,10,5,Adjusted_minus_Heston,5,512,-0.4964860435639543
63,1.0,theta_minus20,10,5,Adjusted_minus_Heston,6,512,-0.36743509893437254
63,1.0,theta_minus20,10,5,Adjusted_minus_Heston,7,512,-0.4560113716970484
63,1.0,theta_plus20,0,1,Heston_minus_BS,0,512,0.3857227542922732
63,1.0,theta_plus20,0,1,Heston_minus_BS,1,512,0.39022994761868146
63,1.0,theta_plus20,0,1,Heston_minus_BS,2,512,0.38993399579925714
63,1.0,theta_plus20,0,1,Heston_minus_BS,3,512,0.4134030471598426
63,1.0,theta_plus20,0,1,Heston_minus_BS,4,512,0.3470731852519495
63,1.0,theta_plus20,0,1,Heston_minus_BS,5,512,0.3939704964005697
63,1.0,theta_plus20,0,1,Heston_minus_BS,6,512,0.32547428795063243
63,1.0,theta_plus20,0,1,Heston_minus_BS,7,512,0.34319084172568115
63,1.0,theta_plus20,0,1,Adjusted_minus_Heston,0,512,-0.5268730083851106
63,1.0,theta_plus20,0,1,Adjusted_minus_Heston,1,512,-0.5369100912381587
63,1.0,theta_plus20,0,1,Adjusted_minus_Heston,2,512,-0.5339636776666595
63,1.0,theta_plus20,0,1,Adjusted_minus_Heston,3,512,-0.5714985016018906
63,1.0,theta_plus20,0,1,Adjusted_minus_Heston,4,512,-0.4637280581992682
63,1.0,theta_plus20,0,1,Adjusted_minus_Heston,5,512,-0.5361638815460853
63,1.0,theta_plus20,0,1,Adjusted_minus_Heston,6,512,-0.4214405696918904
63,1.0,theta_plus20,0,1,Adjusted_minus_Heston,7,512,-0.45196859433524234
63,1.0,theta_plus20,0,5,Heston_minus_BS,0,512,0.40519806077947185
63,1.0,theta_plus20,0,5,Heston_minus_BS,1,512,0.4396588875123263
63,1.0,theta_plus20,0,5,Heston_minus_BS,2,512,0.47123454662594105
63,1.0,theta_plus20,0,5,Heston_minus_BS,3,512,0.4546675035124147
63,1.0,theta_plus20,0,5,Heston_minus_BS,4,512,0.3972087288288968
63,1.0,theta_plus20,0,5,Heston_minus_BS,5,512,0.4162852842062239
63,1.0,theta_plus20,0,5,Heston_minus_BS,6,512,0.3515745577532397
63,1.0,theta_plus20,0,5,Heston_minus_BS,7,512,0.3928746627064884
63,1.0,theta_plus20,0,5,Adjusted_minus_Heston,0,512,-0.540113825148852
63,1.0,theta_plus20,0,5,Adjusted_minus_Heston,1,512,-0.6092984732191391
63,1.0,theta_plus20,0,5,Adjusted_minus_Heston,2,512,-0.6737637126076915
63,1.0,theta_plus20,0,5,Adjusted_minus_Heston,3,512,-0.6226228841911081
63,1.0,theta_plus20,0,5,Adjusted_minus_Heston,4,512,-0.5481377119005264
63,1.0,theta_plus20,0,5,Adjusted_minus_Heston,5,512,-0.5628937134138631
63,1.0,theta_plus20,0,5,Adjusted_minus_Heston,6,512,-0.45859816368538114
63,1.0,theta_plus20,0,5,Adjusted_minus_Heston,7,512,-0.5233551512770941
63,1.0,theta_plus20,5,1,Heston_minus_BS,0,512,0.36019153297463724
63,1.0,theta_plus20,5,1,Heston_minus_BS,1,512,0.36703322101559266
63,1.0,theta_plus20,5,1,Heston_minus_BS,2,512,0.3668515518481892
63,1.0,theta_plus20,5,1,Heston_minus_BS,3,512,0.38973516327134505
63,1.0,theta_plus20,5,1,Heston_minus_BS,4,512,0.3166507873587926
63,1.0,theta_plus20,5,1,Heston_minus_BS,5,512,0.36305626749490494
63,1.0,theta_plus20,5,1,Heston_minus_BS,6,512,0.28866630469842275
63,1.0,theta_plus20,5,1,Heston_minus_BS,7,512,0.3163779607928511
63,1.0,theta_plus20,5,1,Adjusted_minus_Heston,0,512,-0.4707968617995489
63,1.0,theta_plus20,5,1,Adjusted_minus_Heston,1,512,-0.4850023749850253
63,1.0,theta_plus20,5,1,Adjusted_minus_Heston,2,512,-0.4816022037094385
63,1.0,theta_plus20,5,1,Adjusted_minus_Heston,3,512,-0.5177479812755653
63,1.0,theta_plus20,5,1,Adjusted_minus_Heston,4,512,-0.39942870360523175
63,1.0,theta_plus20,5,1,Adjusted_minus_Heston,5,512,-0.46934526495726125
63,1.0,theta_plus20,5,1,Adjusted_minus_Heston,6,512,-0.3456152614779824
63,1.0,theta_plus20,5,1,Adjusted_minus_Heston,7,512,-0.3940852862614939
63,1.0,theta_plus20,5,5,Heston_minus_BS,0,512,0.3799414969509775
63,1.0,theta_plus20,5,5,Heston_minus_BS,1,512,0.4167379572926624
63,1.0,theta_plus20,5,5,Heston_minus_BS,2,512,0.44904964916143797
63,1.0,theta_plus20,5,5,Heston_minus_BS,3,512,0.4305826651049289
63,1.0,theta_plus20,5,5,Heston_minus_BS,4,512,0.37097899168554377
63,1.0,theta_plus20,5,5,Heston_minus_BS,5,512,0.3877553796095168
63,1.0,theta_plus20,5,5,Heston_minus_BS,6,512,0.3199387142004053
63,1.0,theta_plus20,5,5,Heston_minus_BS,7,512,0.3682924182699826
63,1.0,theta_plus20,5,5,Adjusted_minus_Heston,0,512,-0.4883606354029628
63,1.0,theta_plus20,5,5,Adjusted_minus_Heston,1,512,-0.5607090712487477
63,1.0,theta_plus20,5,5,Adjusted_minus_Heston,2,512,-0.62620646408737
63,1.0,theta_plus20,5,5,Adjusted_minus_Heston,3,512,-0.5716418538758858
63,1.0,theta_plus20,5,5,Adjusted_minus_Heston,4,512,-0.49454827012803937
63,1.0,theta_plus20,5,5,Adjusted_minus_Heston,5,512,-0.5029827373689447
63,1.0,theta_plus20,5,5,Adjusted_minus_Heston,6,512,-0.3953425505395985
63,1.0,theta_plus20,5,5,Adjusted_minus_Heston,7,512,-0.47236144740894787
63,1.0,theta_plus20,10,1,Heston_minus_BS,0,512,0.33503414373880364
63,1.0,theta_plus20,10,1,Heston_minus_BS,1,512,0.34426486604209855
63,1.0,theta_plus20,10,1,Heston_minus_BS,2,512,0.3442506690096967
63,1.0,theta_plus20,10,1,Heston_minus_BS,3,512,0.3665286988882049
63,1.0,theta_plus20,10,1,Heston_minus_BS,4,512,0.28649176525093717
63,1.0,theta_plus20,10,1,Heston_minus_BS,5,512,0.33233695059343243
63,1.0,theta_plus20,10,1,Heston_minus_BS,6,512,0.2520846591006094
63,1.0,theta_plus20,10,1,Heston_minus_BS,7,512,0.28998000120616363
63,1.0,theta_plus20,10,1,Adjusted_minus_Heston,0,512,-0.4171902788702502
63,1.0,theta_plus20,10,1,Adjusted_minus_Heston,1,512,-0.43572110094438243
63,1.0,theta_plus20,10,1,Adjusted_minus_Heston,2,512,-0.43185790490622533
63,1.0,theta_plus20,10,1,Adjusted_minus_Heston,3,512,-0.46651707765876316
63,1.0,theta_plus20,10,1,Adjusted_minus_Heston,4,512,-0.3374257452237304
63,1.0,theta_plus20,10,1,Adjusted_minus_Heston,5,512,-0.40463758339820927
63,1.0,theta_plus20,10,1,Adjusted_minus_Heston,6,512,-0.2719259431097203
63,1.0,theta_plus20,10,1,Adjusted_minus_Heston,7,512,-0.3387550890431934
63,1.0,theta_plus20,10,5,Heston_minus_BS,0,512,0.3552764801421808
63,1.0,theta_plus20,10,5,Heston_minus_BS,1,512,0.3944358430579893
63,1.0,theta_plus20,10,5,Heston_minus_BS,2,512,0.42754552891171715
63,1.0,theta_plus20,10,5,Heston_minus_BS,3,512,0.4071201898876082
63,1.0,theta_plus20,10,5,Heston_minus_BS,4,512,0.34538003622859503
63,1.0,theta_plus20,10,5,Heston_minus_BS,5,512,0.35980854009370083
63,1.0,theta_plus20,10,5,Heston_minus_BS,6,512,0.2888783297079277
63,1.0,theta_plus20,10,5,Heston_minus_BS,7,512,0.3443618441832227
63,1.0,theta_plus20,10,5,Adjusted_minus_Heston,0,512,-0.4381230010746953
63,1.0,theta_plus20,10,5,Adjusted_minus_Heston,1,512,-0.5136481378370163
63,1.0,theta_plus20,10,5,Adjusted_minus_Heston,2,512,-0.580276637973901
63,1.0,theta_plus20,10,5,Adjusted_minus_Heston,3,512,-0.522186083585215
63,1.0,theta_plus20,10,5,Adjusted_minus_Heston,4,512,-0.4424967669394348
63,1.0,theta_plus20,10,5,Adjusted_minus_Heston,5,512,-0.44452231701460304
63,1.0,theta_plus20,10,5,Adjusted_minus_Heston,6,512,-0.3335288803478975
63,1.0,theta_plus20,10,5,Adjusted_minus_Heston,7,512,-0.4229690800437835
63,1.0,xi_minus20,0,1,Heston_minus_BS,0,512,0.32284208403096143
63,1.0,xi_minus20,0,1,Heston_minus_BS,1,512,0.32373402672547463
63,1.0,xi_minus20,0,1,Heston_minus_BS,2,512,0.32634096509957644
63,1.0,xi_minus20,0,1,Heston_minus_BS,3,512,0.34957937116096194
63,1.0,xi_minus20,0,1,Heston_minus_BS,4,512,0.28912591689438066
63,1.0,xi_minus20,0,1,Heston_minus_BS,5,512,0.33145353419792545
63,1.0,xi_minus20,0,1,Heston_minus_BS,6,512,0.27083388954052456
63,1.0,xi_minus20,0,1,Heston_minus_BS,7,512,0.2868260778711478
63,1.0,xi_minus20,0,1,Adjusted_minus_Heston,0,512,-0.4507778769074782
63,1.0,xi_minus20,0,1,Adjusted_minus_Heston,1,512,-0.45893153593396213
63,1.0,xi_minus20,0,1,Adjusted_minus_Heston,2,512,-0.45768210246372415
63,1.0,xi_minus20,0,1,Adjusted_minus_Heston,3,512,-0.48963220695656473
63,1.0,xi_minus20,0,1,Adjusted_minus_Heston,4,512,-0.3970204787315586
63,1.0,xi_minus20,0,1,Adjusted_minus_Heston,5,512,-0.46490922712543126
63,1.0,xi_minus20,0,1,Adjusted_minus_Heston,6,512,-0.36250601253675696
63,1.0,xi_minus20,0,1,Adjusted_minus_Heston,7,512,-0.38871662491404324
63,1.0,xi_minus20,0,5,Heston_minus_BS,0,512,0.33616188338153574
63,1.0,xi_minus20,0,5,Heston_minus_BS,1,512,0.359328649873827
63,1.0,xi_minus20,0,5,Heston_minus_BS,2,512,0.392660696644651
63,1.0,xi_minus20,0,5,Heston_minus_BS,3,512,0.3842188582776441
63,1.0,xi_minus20,0,5,Heston_minus_BS,4,512,0.330180949876154
63,1.0,xi_minus20,0,5,Heston_minus_BS,5,512,0.3490692457494919
63,1.0,xi_minus20,0,5,Heston_minus_BS,6,512,0.2929378869727734
63,1.0,xi_minus20,0,5,Heston_minus_BS,7,512,0.32644623203349116
63,1.0,xi_minus20,0,5,Adjusted_minus_Heston,0,512,-0.4613544722859404
63,1.0,xi_minus20,0,5,Adjusted_minus_Heston,1,512,-0.519847135609955
63,1.0,xi_minus20,0,5,Adjusted_minus_Heston,2,512,-0.574184306454723
63,1.0,xi_minus20,0,5,Adjusted_minus_Heston,3,512,-0.5331269798654019
63,1.0,xi_minus20,0,5,Adjusted_minus_Heston,4,512,-0.467961170387604
63,1.0,xi_minus20,0,5,Adjusted_minus_Heston,5,512,-0.48858439253461977
63,1.0,xi_minus20,0,5,Adjusted_minus_Heston,6,512,-0.3940962727446592
63,1.0,xi_minus20,0,5,Adjusted_minus_Heston,7,512,-0.44728428297686684
63,1.0,xi_minus20,5,1,Heston_minus_BS,0,512,0.29927263710010077
63,1.0,xi_minus20,5,1,Heston_minus_BS,1,512,0.3018055089131821
63,1.0,xi_minus20,5,1,Heston_minus_BS,2,512,0.30400834585093206
63,1.0,xi_minus20,5,1,Heston_minus_BS,3,512,0.32705106993164373
63,1.0,xi_minus20,5,1,Heston_minus_BS,4,512,0.2620672782821166
63,1.0,xi_minus20,5,1,Heston_minus_BS,5,512,0.30278953368764766
63,1.0,xi_minus20,5,1,Heston_minus_BS,6,512,0.2380097341391159
63,1.0,xi_minus20,5,1,Heston_minus_BS,7,512,0.26256394922176984
63,1.0,xi_minus20,5,1,Adjusted_minus_Heston,0,512,-0.40394832482345333
63,1.0,xi_minus20,5,1,Adjusted_minus_Heston,1,512,-0.4156756425210746
63,1.0,xi_minus20,5,1,Adjusted_minus_Heston,2,512,-0.41424162398331377
63,1.0,xi_minus20,5,1,Adjusted_minus_Heston,3,512,-0.4447089518904341
63,1.0,xi_minus20,5,1,Adjusted_minus_Heston,4,512,-0.3432280208676852
63,1.0,xi_minus20,5,1,Adjusted_minus_Heston,5,512,-0.40921769211300646
63,1.0,xi_minus20,5,1,Adjusted_minus_Heston,6,512,-0.299706230339888
63,1.0,xi_minus20,5,1,Adjusted_minus_Heston,7,512,-0.34069787771462556
63,1.0,xi_minus20,5,5,Heston_minus_BS,0,512,0.3138373402790492
63,1.0,xi_minus20,5,5,Heston_minus_BS,1,512,0.33807942235836486
63,1.0,xi_minus20,5,5,Heston_minus_BS,2,512,0.37183986771676425
63,1.0,xi_minus20,5,5,Heston_minus_BS,3,512,0.36218801473998163
63,1.0,xi_minus20,5,5,Heston_minus_BS,4,512,0.3067866586437701
63,1.0,xi_minus20,5,5,Heston_minus_BS,5,512,0.32267161192448035
63,1.0,xi_minus20,5,5,Heston_minus_BS,6,512,0.2649386307302505
63,1.0,xi_minus20,5,5,Heston_minus_BS,7,512,0.304290083366311
63,1.0,xi_minus20,5,5,Adjusted_minus_Heston,0,512,-0.4186266669316218
63,1.0,xi_minus20,5,5,Adjusted_minus_Heston,1,512,-0.479759698041085
63,1.0,xi_minus20,5,5,Adjusted_minus_Heston,2,512,-0.5350834007804288
63,1.0,xi_minus20,5,5,Adjusted_minus_Heston,3,512,-0.49089601268232486
63,1.0,xi_minus20,5,5,Adjusted_minus_Heston,4,512,-0.423631759983778
63,1.0,xi_minus20,5,5,Adjusted_minus_Heston,5,512,-0.4391582820971679
63,1.0,xi_minus20,5,5,Adjusted_minus_Heston,6,512,-0.3420646569217419
63,1.0,xi_minus20,5,5,Adjusted_minus_Heston,7,512,-0.4052956733403848
63,1.0,xi_minus20,10,1,Heston_minus_BS,0,512,0.2769662168667751
63,1.0,xi_minus20,10,1,Heston_minus_BS,1,512,0.2812079644105766
63,1.0,xi_minus20,10,1,Heston_minus_BS,2,512,0.28295591443574
63,1.0,xi_minus20,10,1,Heston_minus_BS,3,512,0.3057852419653124
63,1.0,xi_minus20,10,1,Heston_minus_BS,4,512,0.23622592543564885
63,1.0,xi_minus20,10,1,Heston_minus_BS,5,512,0.27524038769190473
63,1.0,xi_minus20,10,1,Heston_minus_BS,6,512,0.20633565421039057
63,1.0,xi_minus20,10,1,Heston_minus_BS,7,512,0.23962003873674495
63,1.0,xi_minus20,10,1,Adjusted_minus_Heston,0,512,-0.35915968298123124
63,1.0,xi_minus20,10,1,Adjusted_minus_Heston,1,512,-0.37460842088388446
63,1.0,xi_minus20,10,1,Adjusted_minus_Heston,2,512,-0.37297549884341924
63,1.0,xi_minus20,10,1,Adjusted_minus_Heston,3,512,-0.40186458440731526
63,1.0,xi_minus20,10,1,Adjusted_minus_Heston,4,512,-0.2913301114554403
63,1.0,xi_minus20,10,1,Adjusted_minus_Heston,5,512,-0.35526403446707244
63,1.0,xi_minus20,10,1,Adjusted_minus_Heston,6,512,-0.2386866707266203
63,1.0,xi_minus20,10,1,Adjusted_minus_Heston,7,512,-0.29481966326527564
63,1.0,xi_minus20,10,5,Heston_minus_BS,0,512,0.29226556568867823
63,1.0,xi_minus20,10,5,Heston_minus_BS,1,512,0.3175858681745162
63,1.0,xi_minus20,10,5,Heston_minus_BS,2,512,0.3518138050434215
63,1.0,xi_minus20,10,5,Heston_minus_BS,3,512,0.34090913658643074
63,1.0,xi_minus20,10,5,Heston_minus_BS,4,512,0.284166399456128
63,1.0,xi_minus20,10,5,Heston_minus_BS,5,512,0.2969917576767629
63,1.0,xi_minus20,10,5,Heston_minus_BS,6,512,0.23766131219966685
63,1.0,xi_minus20,10,5,Heston_minus_BS,7,512,0.2829248467412553
63,1.0,xi_minus20,10,5,Adjusted_minus_Heston,0,512,-0.377161022465612
63,1.0,xi_minus20,10,5,Adjusted_minus_Heston,1,512,-0.44094887804909166
63,1.0,xi_minus20,10,5,Adjusted_minus_Heston,2,512,-0.49734559913456855
63,1.0,xi_minus20,10,5,Adjusted_minus_Heston,3,512,-0.4499327668088343
63,1.0,xi_minus20,10,5,Adjusted_minus_Heston,4,512,-0.3805860933154462
63,1.0,xi_minus20,10,5,Adjusted_minus_Heston,5,512,-0.39093892519369555
63,1.0,xi_minus20,10,5,Adjusted_minus_Heston,6,512,-0.2912392044075267
63,1.0,xi_minus20,10,5,Adjusted_minus_Heston,7,512,-0.3646438911347669
63,1.0,xi_plus20,0,1,Heston_minus_BS,0,512,0.46603594608060384
63,1.0,xi_plus20,0,1,Heston_minus_BS,1,512,0.4785466048187054
63,1.0,xi_plus20,0,1,Heston_minus_BS,2,512,0.47302969588785926
63,1.0,xi_plus20,0,1,Heston_minus_BS,3,512,0.5107779603903322
63,1.0,xi_plus20,0,1,Heston_minus_BS,4,512,0.4377794255636118
63,1.0,xi_plus20,0,1,Heston_minus_BS,5,512,0.5037090181116292
63,1.0,xi_plus20,0,1,Heston_minus_BS,6,512,0.4148988047756519
63,1.0,xi_plus20,0,1,Heston_minus_BS,7,512,0.4211856662472431
63,1.0,xi_plus20,0,1,Adjusted_minus_Heston,0,512,-0.618164259773392
63,1.0,xi_plus20,0,1,Adjusted_minus_Heston,1,512,-0.6379925205279526
63,1.0,xi_plus20,0,1,Adjusted_minus_Heston,2,512,-0.6357441330253166
63,1.0,xi_plus20,0,1,Adjusted_minus_Heston,3,512,-0.6809347028483683
63,1.0,xi_plus20,0,1,Adjusted_minus_Heston,4,512,-0.5624022501592779
63,1.0,xi_plus20,0,1,Adjusted_minus_Heston,5,512,-0.6516155281938695
63,1.0,xi_plus20,0,1,Adjusted_minus_Heston,6,512,-0.5030879333608193
63,1.0,xi_plus20,0,1,Adjusted_minus_Heston,7,512,-0.5326686222547812
63,1.0,xi_plus20,0,5,Heston_minus_BS,0,512,0.49268990836131543
63,1.0,xi_plus20,0,5,Heston_minus_BS,1,512,0.5518164037972492
63,1.0,xi_plus20,0,5,Heston_minus_BS,2,512,0.582147212760454
63,1.0,xi_plus20,0,5,Heston_minus_BS,3,512,0.5641124284862142
63,1.0,xi_plus20,0,5,Heston_minus_BS,4,512,0.5156711037686734
63,1.0,xi_plus20,0,5,Heston_minus_BS,5,512,0.521860128237016
63,1.0,xi_plus20,0,5,Heston_minus_BS,6,512,0.46474110007494634
63,1.0,xi_plus20,0,5,Heston_minus_BS,7,512,0.47527875627071425
63,1.0,xi_plus20,0,5,Adjusted_minus_Heston,0,512,-0.6337066464590574
63,1.0,xi_plus20,0,5,Adjusted_minus_Heston,1,512,-0.7332493251926957
63,1.0,xi_plus20,0,5,Adjusted_minus_Heston,2,512,-0.8113920798821418
63,1.0,xi_plus20,0,5,Adjusted_minus_Heston,3,512,-0.7462949774423735
63,1.0,xi_plus20,0,5,Adjusted_minus_Heston,4,512,-0.6675691522739011
63,1.0,xi_plus20,0,5,Adjusted_minus_Heston,5,512,-0.6784065758691311
63,1.0,xi_plus20,0,5,Adjusted_minus_Heston,6,512,-0.5499069294191854
63,1.0,xi_plus20,0,5,Adjusted_minus_Heston,7,512,-0.6213325809461269
63,1.0,xi_plus20,5,1,Heston_minus_BS,0,512,0.4397594832852997
63,1.0,xi_plus20,5,1,Heston_minus_BS,1,512,0.4560954879212661
63,1.0,xi_plus20,5,1,Heston_minus_BS,2,512,0.4506632126570306
63,1.0,xi_plus20,5,1,Heston_minus_BS,3,512,0.485969513274804
63,1.0,xi_plus20,5,1,Heston_minus_BS,4,512,0.4089844539888007
63,1.0,xi_plus20,5,1,Heston_minus_BS,5,512,0.47089864031473766
63,1.0,xi_plus20,5,1,Heston_minus_BS,6,512,0.3771636821401547
63,1.0,xi_plus20,5,1,Heston_minus_BS,7,512,0.39596702426115093
63,1.0,xi_plus20,5,1,Adjusted_minus_Heston,0,512,-0.549751072102252
63,1.0,xi_plus20,5,1,Adjusted_minus_Heston,1,512,-0.57489092175246
63,1.0,xi_plus20,5,1,Adjusted_minus_Heston,2,512,-0.5725532472018202
63,1.0,xi_plus20,5,1,Adjusted_minus_Heston,3,512,-0.6156356916528449
63,1.0,xi_plus20,5,1,Adjusted_minus_Heston,4,512,-0.48450453125724147
63,1.0,xi_plus20,5,1,Adjusted_minus_Heston,5,512,-0.570105906417161
63,1.0,xi_plus20,5,1,Adjusted_minus_Heston,6,512,-0.41070394031559465
63,1.0,xi_plus20,5,1,Adjusted_minus_Heston,7,512,-0.4622008747142566
63,1.0,xi_plus20,5,5,Heston_minus_BS,0,512,0.4640389097135459
63,1.0,xi_plus20,5,5,Heston_minus_BS,1,512,0.5260576643480389
63,1.0,xi_plus20,5,5,Heston_minus_BS,2,512,0.5585585318871757
63,1.0,xi_plus20,5,5,Heston_minus_BS,3,512,0.5360742558600065
63,1.0,xi_plus20,5,5,Heston_minus_BS,4,512,0.4882951004251381
63,1.0,xi_plus20,5,5,Heston_minus_BS,5,512,0.48776082286574146
63,1.0,xi_plus20,5,5,Heston_minus_BS,6,512,0.43039814838365076
63,1.0,xi_plus20,5,5,Heston_minus_BS,7,512,0.4492591301261803
63,1.0,xi_plus20,5,5,Adjusted_minus_Heston,0,512,-0.5700555485193302
63,1.0,xi_plus20,5,5,Adjusted_minus_Heston,1,512,-0.6738627605532662
63,1.0,xi_plus20,5,5,Adjusted_minus_Heston,2,512,-0.753687415536048
63,1.0,xi_plus20,5,5,Adjusted_minus_Heston,3,512,-0.6838836257526784
63,1.0,xi_plus20,5,5,Adjusted_minus_Heston,4,512,-0.6022075626058543
63,1.0,xi_plus20,5,5,Adjusted_minus_Heston,5,512,-0.6047601886174139
63,1.0,xi_plus20,5,5,Adjusted_minus_Heston,6,512,-0.472600039511388
63,1.0,xi_plus20,5,5,Adjusted_minus_Heston,7,512,-0.5590547668747694
63,1.0,xi_plus20,10,1,Heston_minus_BS,0,512,0.416656180227273
63,1.0,xi_plus20,10,1,Heston_minus_BS,1,512,0.437014776648436
63,1.0,xi_plus20,10,1,Heston_minus_BS,2,512,0.43160095160715545
63,1.0,xi_plus20,10,1,Heston_minus_BS,3,512,0.46432608558901356
63,1.0,xi_plus20,10,1,Heston_minus_BS,4,512,0.3832831798531509
63,1.0,xi_plus20,10,1,Heston_minus_BS,5,512,0.44094095035599024
63,1.0,xi_plus20,10,1,Heston_minus_BS,6,512,0.3423875876525149
63,1.0,xi_plus20,10,1,Heston_minus_BS,7,512,0.3741442450491248
63,1.0,xi_plus20,10,1,Adjusted_minus_Heston,0,512,-0.48463699631097884
63,1.0,xi_plus20,10,1,Adjusted_minus_Heston,1,512,-0.5152764396489209
63,1.0,xi_plus20,10,1,Adjusted_minus_Heston,2,512,-0.5128339254809381
63,1.0,xi_plus20,10,1,Adjusted_minus_Heston,3,512,-0.5537027948421243
63,1.0,xi_plus20,10,1,Adjusted_minus_Heston,4,512,-0.4096724238976714
63,1.0,xi_plus20,10,1,Adjusted_minus_Heston,5,512,-0.4914236217545106
63,1.0,xi_plus20,10,1,Adjusted_minus_Heston,6,512,-0.32118169290296417
63,1.0,xi_plus20,10,1,Adjusted_minus_Heston,7,512,-0.3951326619119064
63,1.0,xi_plus20,10,5,Heston_minus_BS,0,512,0.4367813012782264
63,1.0,xi_plus20,10,5,Heston_minus_BS,1,512,0.5017290067070083
63,1.0,xi_plus20,10,5,Heston_minus_BS,2,512,0.5364905341744639
63,1.0,xi_plus20,10,5,Heston_minus_BS,3,512,0.5094200102355639
63,1.0,xi_plus20,10,5,Heston_minus_BS,4,512,0.46236371289554246
63,1.0,xi_plus20,10,5,Heston_minus_BS,5,512,0.4549823781812353
63,1.0,xi_plus20,10,5,Heston_minus_BS,6,512,0.3974326011832226
63,1.0,xi_plus20,10,5,Heston_minus_BS,7,512,0.42477157759631967
63,1.0,xi_plus20,10,5,Adjusted_minus_Heston,0,512,-0.5083559637240218
63,1.0,xi_plus20,10,5,Adjusted_minus_Heston,1,512,-0.616446090610294
63,1.0,xi_plus20,10,5,Adjusted_minus_Heston,2,512,-0.6980839431771892
63,1.0,xi_plus20,10,5,Adjusted_minus_Heston,3,512,-0.6234373245563711
63,1.0,xi_plus20,10,5,Adjusted_minus_Heston,4,512,-0.5388194383369991
63,1.0,xi_plus20,10,5,Adjusted_minus_Heston,5,512,-0.5329756547267162
63,1.0,xi_plus20,10,5,Adjusted_minus_Heston,6,512,-0.3971554716347758
63,1.0,xi_plus20,10,5,Adjusted_minus_Heston,7,512,-0.49884157780786825
63,1.0,rho_minus10pp,0,1,Heston_minus_BS,0,512,0.46918006584655036
63,1.0,rho_minus10pp,0,1,Heston_minus_BS,1,512,0.4782591004294043
63,1.0,rho_minus10pp,0,1,Heston_minus_BS,2,512,0.47442586410503956
63,1.0,rho_minus10pp,0,1,Heston_minus_BS,3,512,0.5098187707683652
63,1.0,rho_minus10pp,0,1,Heston_minus_BS,4,512,0.43344863014460666
63,1.0,rho_minus10pp,0,1,Heston_minus_BS,5,512,0.49535759192236106
63,1.0,rho_minus10pp,0,1,Heston_minus_BS,6,512,0.4089558037598659
63,1.0,rho_minus10pp,0,1,Heston_minus_BS,7,512,0.4227530720271856
63,1.0,rho_minus10pp,0,1,Adjusted_minus_Heston,0,512,-0.6199585108889394
63,1.0,rho_minus10pp,0,1,Adjusted_minus_Heston,1,512,-0.635330903381907
63,1.0,rho_minus10pp,0,1,Adjusted_minus_Heston,2,512,-0.6323353342281275
63,1.0,rho_minus10pp,0,1,Adjusted_minus_Heston,3,512,-0.6778148507709105
63,1.0,rho_minus10pp,0,1,Adjusted_minus_Heston,4,512,-0.5558627046205905
63,1.0,rho_minus10pp,0,1,Adjusted_minus_Heston,5,512,-0.641389768080171
63,1.0,rho_minus10pp,0,1,Adjusted_minus_Heston,6,512,-0.5001457792030175
63,1.0,rho_minus10pp,0,1,Adjusted_minus_Heston,7,512,-0.5326277862489927
63,1.0,rho_minus10pp,0,5,Heston_minus_BS,0,512,0.49509496887011367
63,1.0,rho_minus10pp,0,5,Heston_minus_BS,1,512,0.5491454011715273
63,1.0,rho_minus10pp,0,5,Heston_minus_BS,2,512,0.5824338362581422
63,1.0,rho_minus10pp,0,5,Heston_minus_BS,3,512,0.5610027892354503
63,1.0,rho_minus10pp,0,5,Heston_minus_BS,4,512,0.5064126403409274
63,1.0,rho_minus10pp,0,5,Heston_minus_BS,5,512,0.5182973405919261
63,1.0,rho_minus10pp,0,5,Heston_minus_BS,6,512,0.45122061903746036
63,1.0,rho_minus10pp,0,5,Heston_minus_BS,7,512,0.4830891173969754
63,1.0,rho_minus10pp,0,5,Adjusted_minus_Heston,0,512,-0.6355481876052933
63,1.0,rho_minus10pp,0,5,Adjusted_minus_Heston,1,512,-0.7278025545073523
63,1.0,rho_minus10pp,0,5,Adjusted_minus_Heston,2,512,-0.8064123649924837
63,1.0,rho_minus10pp,0,5,Adjusted_minus_Heston,3,512,-0.7404301904107309
63,1.0,rho_minus10pp,0,5,Adjusted_minus_Heston,4,512,-0.6603098072213942
63,1.0,rho_minus10pp,0,5,Adjusted_minus_Heston,5,512,-0.6718264093726389
63,1.0,rho_minus10pp,0,5,Adjusted_minus_Heston,6,512,-0.5458446202420064
63,1.0,rho_minus10pp,0,5,Adjusted_minus_Heston,7,512,-0.6221617225420744
63,1.0,rho_minus10pp,5,1,Heston_minus_BS,0,512,0.44151467894907936
63,1.0,rho_minus10pp,5,1,Heston_minus_BS,1,512,0.4539619248967126
63,1.0,rho_minus10pp,5,1,Heston_minus_BS,2,512,0.4504595612094664
63,1.0,rho_minus10pp,5,1,Heston_minus_BS,3,512,0.4839523593693239
63,1.0,rho_minus10pp,5,1,Heston_minus_BS,4,512,0.4019121846444358
63,1.0,rho_minus10pp,5,1,Heston_minus_BS,5,512,0.4609204794663082
63,1.0,rho_minus10pp,5,1,Heston_minus_BS,6,512,0.3694404800005129
63,1.0,rho_minus10pp,5,1,Heston_minus_BS,7,512,0.3947654596971978
63,1.0,rho_minus10pp,5,1,Adjusted_minus_Heston,0,512,-0.5527631333628269
63,1.0,rho_minus10pp,5,1,Adjusted_minus_Heston,1,512,-0.57320453441743
63,1.0,rho_minus10pp,5,1,Adjusted_minus_Heston,2,512,-0.5699702079378264
63,1.0,rho_minus10pp,5,1,Adjusted_minus_Heston,3,512,-0.6135193701176767
63,1.0,rho_minus10pp,5,1,Adjusted_minus_Heston,4,512,-0.47900406373396676
63,1.0,rho_minus10pp,5,1,Adjusted_minus_Heston,5,512,-0.5609187051004519
63,1.0,rho_minus10pp,5,1,Adjusted_minus_Heston,6,512,-0.4095398336451087
63,1.0,rho_minus10pp,5,1,Adjusted_minus_Heston,7,512,-0.4632223152025304
63,1.0,rho_minus10pp,5,5,Heston_minus_BS,0,512,0.46617669233450953
63,1.0,rho_minus10pp,5,5,Heston_minus_BS,1,512,0.5232822844951626
63,1.0,rho_minus10pp,5,5,Heston_minus_BS,2,512,0.5583708907891938
63,1.0,rho_minus10pp,5,5,Heston_minus_BS,3,512,0.5331820163575675
63,1.0,rho_minus10pp,5,5,Heston_minus_BS,4,512,0.47787359420076997
63,1.0,rho_minus10pp,5,5,Heston_minus_BS,5,512,0.4846610245232891
63,1.0,rho_minus10pp,5,5,Heston_minus_BS,6,512,0.41610671773049424
63,1.0,rho_minus10pp,5,5,Heston_minus_BS,7,512,0.4560586173969442
63,1.0,rho_minus10pp,5,5,Adjusted_minus_Heston,0,512,-0.5731771788487484
63,1.0,rho_minus10pp,5,5,Adjusted_minus_Heston,1,512,-0.6694155846291141
63,1.0,rho_minus10pp,5,5,Adjusted_minus_Heston,2,512,-0.749604363974635
63,1.0,rho_minus10pp,5,5,Adjusted_minus_Heston,3,512,-0.679080151152302
63,1.0,rho_minus10pp,5,5,Adjusted_minus_Heston,4,512,-0.5959679238279869
63,1.0,rho_minus10pp,5,5,Adjusted_minus_Heston,5,512,-0.5994552321904629
63,1.0,rho_minus10pp,5,5,Adjusted_minus_Heston,6,512,-0.4699423802663565
63,1.0,rho_minus10pp,5,5,Adjusted_minus_Heston,7,512,-0.5609073572947605
63,1.0,rho_minus10pp,10,1,Heston_minus_BS,0,512,0.4158544236645159
63,1.0,rho_minus10pp,10,1,Heston_minus_BS,1,512,0.4317810490199142
63,1.0,rho_minus10pp,10,1,Heston_minus_BS,2,512,0.42861512045875594
63,1.0,rho_minus10pp,10,1,Heston_minus_BS,3,512,0.46013522687897424
63,1.0,rho_minus10pp,10,1,Heston_minus_BS,4,512,0.37225944759643076
63,1.0,rho_minus10pp,10,1,Heston_minus_BS,5,512,0.4281894933852683
63,1.0,rho_minus10pp,10,1,Heston_minus_BS,6,512,0.3317139665497608
63,1.0,rho_minus10pp,10,1,Heston_minus_BS,7,512,0.3688805325492093
63,1.0,rho_minus10pp,10,1,Adjusted_minus_Heston,0,512,-0.4887378590714706
63,1.0,rho_minus10pp,10,1,Adjusted_minus_Heston,1,512,-0.5144302386728039
63,1.0,rho_minus10pp,10,1,Adjusted_minus_Heston,2,512,-0.5109375439128022
63,1.0,rho_minus10pp,10,1,Adjusted_minus_Heston,3,512,-0.552452957099733
63,1.0,rho_minus10pp,10,1,Adjusted_minus_Heston,4,512,-0.4050901142574772
63,1.0,rho_minus10pp,10,1,Adjusted_minus_Heston,5,512,-0.48315035394034933
63,1.0,rho_minus10pp,10,1,Adjusted_minus_Heston,6,512,-0.32168608080988825
63,1.0,rho_minus10pp,10,1,Adjusted_minus_Heston,7,512,-0.39707335983176234
63,1.0,rho_minus10pp,10,5,Heston_minus_BS,0,512,0.43835172491702296
63,1.0,rho_minus10pp,10,5,Heston_minus_BS,1,512,0.498543936026107
63,1.0,rho_minus10pp,10,5,Heston_minus_BS,2,512,0.535520303378807
63,1.0,rho_minus10pp,10,5,Heston_minus_BS,3,512,0.5064715359524409
63,1.0,rho_minus10pp,10,5,Heston_minus_BS,4,512,0.4504718699767765
63,1.0,rho_minus10pp,10,5,Heston_minus_BS,5,512,0.4520690501442973
63,1.0,rho_minus10pp,10,5,Heston_minus_BS,6,512,0.38206588857301194
63,1.0,rho_minus10pp,10,5,Heston_minus_BS,7,512,0.43021927716790964
63,1.0,rho_minus10pp,10,5,Adjusted_minus_Heston,0,512,-0.5126981829831084
63,1.0,rho_minus10pp,10,5,Adjusted_minus_Heston,1,512,-0.6129356687096708
63,1.0,rho_minus10pp,10,5,Adjusted_minus_Heston,2,512,-0.6948287518796386
63,1.0,rho_minus10pp,10,5,Adjusted_minus_Heston,3,512,-0.6196328553388666
63,1.0,rho_minus10pp,10,5,Adjusted_minus_Heston,4,512,-0.5335380202651399
63,1.0,rho_minus10pp,10,5,Adjusted_minus_Heston,5,512,-0.5288874956891977
63,1.0,rho_minus10pp,10,5,Adjusted_minus_Heston,6,512,-0.39584263831836214
63,1.0,rho_minus10pp,10,5,Adjusted_minus_Heston,7,512,-0.5016462829571046
63,1.0,rho_plus10pp,0,1,Heston_minus_BS,0,512,0.32394844114892385
63,1.0,rho_plus10pp,0,1,Heston_minus_BS,1,512,0.3271930926744474
63,1.0,rho_plus10pp,0,1,Heston_minus_BS,2,512,0.3280074469481079
63,1.0,rho_plus10pp,0,1,Heston_minus_BS,3,512,0.3538143533365704
63,1.0,rho_plus10pp,0,1,Heston_minus_BS,4,512,0.2947118393801582
63,1.0,rho_plus10pp,0,1,Heston_minus_BS,5,512,0.34086963530037084
63,1.0,rho_plus10pp,0,1,Heston_minus_BS,6,512,0.27785163501280236
63,1.0,rho_plus10pp,0,1,Heston_minus_BS,7,512,0.28849296908838046
63,1.0,rho_plus10pp,0,1,Adjusted_minus_Heston,0,512,-0.45840894403389915
63,1.0,rho_plus10pp,0,1,Adjusted_minus_Heston,1,512,-0.46904106178728483
63,1.0,rho_plus10pp,0,1,Adjusted_minus_Heston,2,512,-0.4681365347973573
63,1.0,rho_plus10pp,0,1,Adjusted_minus_Heston,3,512,-0.5005044535018602
63,1.0,rho_plus10pp,0,1,Adjusted_minus_Heston,4,512,-0.408246656101935
63,1.0,rho_plus10pp,0,1,Adjusted_minus_Heston,5,512,-0.47938924624364054
63,1.0,rho_plus10pp,0,1,Adjusted_minus_Heston,6,512,-0.3712850567387721
63,1.0,rho_plus10pp,0,1,Adjusted_minus_Heston,7,512,-0.3962797194946605
63,1.0,rho_plus10pp,0,5,Heston_minus_BS,0,512,0.33820144517822087
63,1.0,rho_plus10pp,0,5,Heston_minus_BS,1,512,0.3650573676149529
63,1.0,rho_plus10pp,0,5,Heston_minus_BS,2,512,0.3967799574141078
63,1.0,rho_plus10pp,0,5,Heston_minus_BS,3,512,0.3901901173507829
63,1.0,rho_plus10pp,0,5,Heston_minus_BS,4,512,0.34035806912596717
63,1.0,rho_plus10pp,0,5,Heston_minus_BS,5,512,0.3555298892734405
63,1.0,rho_plus10pp,0,5,Heston_minus_BS,6,512,0.30575525680381443
63,1.0,rho_plus10pp,0,5,Heston_minus_BS,7,512,0.3239147889741974
63,1.0,rho_plus10pp,0,5,Adjusted_minus_Heston,0,512,-0.46919876437728764
63,1.0,rho_plus10pp,0,5,Adjusted_minus_Heston,1,512,-0.5323457858755143
63,1.0,rho_plus10pp,0,5,Adjusted_minus_Heston,2,512,-0.5876888302776838
63,1.0,rho_plus10pp,0,5,Adjusted_minus_Heston,3,512,-0.5462488691987869
63,1.0,rho_plus10pp,0,5,Adjusted_minus_Heston,4,512,-0.48050861551294405
63,1.0,rho_plus10pp,0,5,Adjusted_minus_Heston,5,512,-0.5016101989948467
63,1.0,rho_plus10pp,0,5,Adjusted_minus_Heston,6,512,-0.40392244935120564
63,1.0,rho_plus10pp,0,5,Adjusted_minus_Heston,7,512,-0.45557216489299024
63,1.0,rho_plus10pp,5,1,Heston_minus_BS,0,512,0.3011590578342176
63,1.0,rho_plus10pp,5,1,Heston_minus_BS,1,512,0.30639723817383
63,1.0,rho_plus10pp,5,1,Heston_minus_BS,2,512,0.30656636734542486
63,1.0,rho_plus10pp,5,1,Heston_minus_BS,3,512,0.3317619910430005
63,1.0,rho_plus10pp,5,1,Heston_minus_BS,4,512,0.2694144285030209
63,1.0,rho_plus10pp,5,1,Heston_minus_BS,5,512,0.3129626794703232
63,1.0,rho_plus10pp,5,1,Heston_minus_BS,6,512,0.24605241604244943
63,1.0,rho_plus10pp,5,1,Heston_minus_BS,7,512,0.26603837805215125
63,1.0,rho_plus10pp,5,1,Adjusted_minus_Heston,0,512,-0.41024876539686483
63,1.0,rho_plus10pp,5,1,Adjusted_minus_Heston,1,512,-0.4246326420839853
63,1.0,rho_plus10pp,5,1,Adjusted_minus_Heston,2,512,-0.423620668149495
63,1.0,rho_plus10pp,5,1,Adjusted_minus_Heston,3,512,-0.45438111265444037
63,1.0,rho_plus10pp,5,1,Adjusted_minus_Heston,4,512,-0.3530747495214638
63,1.0,rho_plus10pp,5,1,Adjusted_minus_Heston,5,512,-0.422314476595629
63,1.0,rho_plus10pp,5,1,Adjusted_minus_Heston,6,512,-0.30661456521106706
63,1.0,rho_plus10pp,5,1,Adjusted_minus_Heston,7,512,-0.3469586738055208
63,1.0,rho_plus10pp,5,5,Heston_minus_BS,0,512,0.3158394643615106
63,1.0,rho_plus10pp,5,5,Heston_minus_BS,1,512,0.3436151651651798
63,1.0,rho_plus10pp,5,5,Heston_minus_BS,2,512,0.3760944455311883
63,1.0,rho_plus10pp,5,5,Heston_minus_BS,3,512,0.3676862620765573
63,1.0,rho_plus10pp,5,5,Heston_minus_BS,4,512,0.31759634625818856
63,1.0,rho_plus10pp,5,5,Heston_minus_BS,5,512,0.3284280245290897
63,1.0,rho_plus10pp,5,5,Heston_minus_BS,6,512,0.278027214055007
63,1.0,rho_plus10pp,5,5,Heston_minus_BS,7,512,0.3022600943328694
63,1.0,rho_plus10pp,5,5,Adjusted_minus_Heston,0,512,-0.4251625467917124
63,1.0,rho_plus10pp,5,5,Adjusted_minus_Heston,1,512,-0.491133394154679
63,1.0,rho_plus10pp,5,5,Adjusted_minus_Heston,2,512,-0.5475522297457706
63,1.0,rho_plus10pp,5,5,Adjusted_minus_Heston,3,512,-0.5028317777143411
63,1.0,rho_plus10pp,5,5,Adjusted_minus_Heston,4,512,-0.43496109217768214
63,1.0,rho_plus10pp,5,5,Adjusted_minus_Heston,5,512,-0.45078533839326973
63,1.0,rho_plus10pp,5,5,Adjusted_minus_Heston,6,512,-0.3503688398851961
63,1.0,rho_plus10pp,5,5,Adjusted_minus_Heston,7,512,-0.41240768155938684
63,1.0,rho_plus10pp,10,1,Heston_minus_BS,0,512,0.280573721823854
63,1.0,rho_plus10pp,10,1,Heston_minus_BS,1,512,0.28794058481579393
63,1.0,rho_plus10pp,10,1,Heston_minus_BS,2,512,0.2873520780307372
63,1.0,rho_plus10pp,10,1,Heston_minus_BS,3,512,0.3118701624084459
63,1.0,rho_plus10pp,10,1,Heston_minus_BS,4,512,0.24630694848700185
63,1.0,rho_plus10pp,10,1,Heston_minus_BS,5,512,0.28708691334698805
63,1.0,rho_plus10pp,10,1,Heston_minus_BS,6,512,0.2163480336807751
63,1.0,rho_plus10pp,10,1,Heston_minus_BS,7,512,0.24593879365461946
63,1.0,rho_plus10pp,10,1,Adjusted_minus_Heston,0,512,-0.364216740734481
63,1.0,rho_plus10pp,10,1,Adjusted_minus_Heston,1,512,-0.38250376727280144
63,1.0,rho_plus10pp,10,1,Adjusted_minus_Heston,2,512,-0.3813711674464815
63,1.0,rho_plus10pp,10,1,Adjusted_minus_Heston,3,512,-0.4104284158819168
63,1.0,rho_plus10pp,10,1,Adjusted_minus_Heston,4,512,-0.29987373752268043
63,1.0,rho_plus10pp,10,1,Adjusted_minus_Heston,5,512,-0.36705663039792086
63,1.0,rho_plus10pp,10,1,Adjusted_minus_Heston,6,512,-0.24379563431107934
63,1.0,rho_plus10pp,10,1,Adjusted_minus_Heston,7,512,-0.29987026505843184
63,1.0,rho_plus10pp,10,5,Heston_minus_BS,0,512,0.29447638728427095
63,1.0,rho_plus10pp,10,5,Heston_minus_BS,1,512,0.32317644962480535
63,1.0,rho_plus10pp,10,5,Heston_minus_BS,2,512,0.35645525611982287
63,1.0,rho_plus10pp,10,5,Heston_minus_BS,3,512,0.34615864701425647
63,1.0,rho_plus10pp,10,5,Heston_minus_BS,4,512,0.29586054946064305
63,1.0,rho_plus10pp,10,5,Heston_minus_BS,5,512,0.30226907281412013
63,1.0,rho_plus10pp,10,5,Heston_minus_BS,6,512,0.2512687041339762
63,1.0,rho_plus10pp,10,5,Heston_minus_BS,7,512,0.28167266905949173
63,1.0,rho_plus10pp,10,5,Adjusted_minus_Heston,0,512,-0.38243691900936355
63,1.0,rho_plus10pp,10,5,Adjusted_minus_Heston,1,512,-0.45124749291781485
63,1.0,rho_plus10pp,10,5,Adjusted_minus_Heston,2,512,-0.5088336700618343
63,1.0,rho_plus10pp,10,5,Adjusted_minus_Heston,3,512,-0.46073240061750076
63,1.0,rho_plus10pp,10,5,Adjusted_minus_Heston,4,512,-0.39074608349068485
63,1.0,rho_plus10pp,10,5,Adjusted_minus_Heston,5,512,-0.40121382329329
63,1.0,rho_plus10pp,10,5,Adjusted_minus_Heston,6,512,-0.2980687342240243
63,1.0,rho_plus10pp,10,5,Adjusted_minus_Heston,7,512,-0.3706355508162472
63,1.1,reference,0,1,Heston_minus_BS,0,512,0.22235193690186872
63,1.1,reference,0,1,Heston_minus_BS,1,512,0.23218114214838023
63,1.1,reference,0,1,Heston_minus_BS,2,512,0.25477593210308397
63,1.1,reference,0,1,Heston_minus_BS,3,512,0.26390427673616407
63,1.1,reference,0,1,Heston_minus_BS,4,512,0.22534579879258468
63,1.1,reference,0,1,Heston_minus_BS,5,512,0.28135443565210067
63,1.1,reference,0,1,Heston_minus_BS,6,512,0.23449793180866096
63,1.1,reference,0,1,Heston_minus_BS,7,512,0.24526645585328655
63,1.1,reference,0,1,Adjusted_minus_Heston,0,512,-0.3715938672581497
63,1.1,reference,0,1,Adjusted_minus_Heston,1,512,-0.39823577170372204
63,1.1,reference,0,1,Adjusted_minus_Heston,2,512,-0.43946596674467925
63,1.1,reference,0,1,Adjusted_minus_Heston,3,512,-0.4496112713553678
63,1.1,reference,0,1,Adjusted_minus_Heston,4,512,-0.3670277149035528
63,1.1,reference,0,1,Adjusted_minus_Heston,5,512,-0.48021298494473746
63,1.1,reference,0,1,Adjusted_minus_Heston,6,512,-0.39579433510153733
63,1.1,reference,0,1,Adjusted_minus_Heston,7,512,-0.40576719871808553
63,1.1,reference,0,5,Heston_minus_BS,0,512,0.20162973295828174
63,1.1,reference,0,5,Heston_minus_BS,1,512,0.2556182289802186
63,1.1,reference,0,5,Heston_minus_BS,2,512,0.25082469412745695
63,1.1,reference,0,5,Heston_minus_BS,3,512,0.2546919646488808
63,1.1,reference,0,5,Heston_minus_BS,4,512,0.2713420672671563
63,1.1,reference,0,5,Heston_minus_BS,5,512,0.26888990530482015
63,1.1,reference,0,5,Heston_minus_BS,6,512,0.23281509805052902
63,1.1,reference,0,5,Heston_minus_BS,7,512,0.2566247522871211
63,1.1,reference,0,5,Adjusted_minus_Heston,0,512,-0.3241738107597503
63,1.1,reference,0,5,Adjusted_minus_Heston,1,512,-0.45682464907018044
63,1.1,reference,0,5,Adjusted_minus_Heston,2,512,-0.4189050684453549
63,1.1,reference,0,5,Adjusted_minus_Heston,3,512,-0.4229989434836722
63,1.1,reference,0,5,Adjusted_minus_Heston,4,512,-0.4690122823738896
63,1.1,reference,0,5,Adjusted_minus_Heston,5,512,-0.4486798166341605
63,1.1,reference,0,5,Adjusted_minus_Heston,6,512,-0.3817707080634585
63,1.1,reference,0,5,Adjusted_minus_Heston,7,512,-0.4205366072399068
63,1.1,reference,5,1,Heston_minus_BS,0,512,0.1914879954080534
63,1.1,reference,5,1,Heston_minus_BS,1,512,0.20044897813811652
63,1.1,reference,5,1,Heston_minus_BS,2,512,0.21776160247229964
63,1.1,reference,5,1,Heston_minus_BS,3,512,0.22607754667238894
63,1.1,reference,5,1,Heston_minus_BS,4,512,0.19165879454605922
63,1.1,reference,5,1,Heston_minus_BS,5,512,0.23899629593086652
63,1.1,reference,5,1,Heston_minus_BS,6,512,0.1975735278912742
63,1.1,reference,5,1,Heston_minus_BS,7,512,0.21413935401526685
63,1.1,reference,5,1,Adjusted_minus_Heston,0,512,-0.2905249063525788
63,1.1,reference,5,1,Adjusted_minus_Heston,1,512,-0.3163187261585204
63,1.1,reference,5,1,Adjusted_minus_Heston,2,512,-0.34602570237162794
63,1.1,reference,5,1,Adjusted_minus_Heston,3,512,-0.3527356454106192
63,1.1,reference,5,1,Adjusted_minus_Heston,4,512,-0.2784272533255504
63,1.1,reference,5,1,Adjusted_minus_Heston,5,512,-0.3732553800513945
63,1.1,reference,5,1,Adjusted_minus_Heston,6,512,-0.3010735539931897
63,1.1,reference,5,1,Adjusted_minus_Heston,7,512,-0.32242600889710504
63,1.1,reference,5,5,Heston_minus_BS,0,512,0.18014130130102168
63,1.1,reference,5,5,Heston_minus_BS,1,512,0.23362425173455414
63,1.1,reference,5,5,Heston_minus_BS,2,512,0.22746060543588711
63,1.1,reference,5,5,Heston_minus_BS,3,512,0.23023188641649567
63,1.1,reference,5,5,Heston_minus_BS,4,512,0.24866468221064936
63,1.1,reference,5,5,Heston_minus_BS,5,512,0.24070018157878237
63,1.1,reference,5,5,Heston_minus_BS,6,512,0.20924789175749692
63,1.1,reference,5,5,Heston_minus_BS,7,512,0.23598526586834737
63,1.1,reference,5,5,Adjusted_minus_Heston,0,512,-0.27011761716261967
63,1.1,reference,5,5,Adjusted_minus_Heston,1,512,-0.4025925642200935
63,1.1,reference,5,5,Adjusted_minus_Heston,2,512,-0.36008912193423587
63,1.1,reference,5,5,Adjusted_minus_Heston,3,512,-0.36129169446178205
63,1.1,reference,5,5,Adjusted_minus_Heston,4,512,-0.41173118139284676
63,1.1,reference,5,5,Adjusted_minus_Heston,5,512,-0.3794930088659546
63,1.1,reference,5,5,Adjusted_minus_Heston,6,512,-0.3221879487432949
63,1.1,reference,5,5,Adjusted_minus_Heston,7,512,-0.3669241962671681
63,1.1,reference,10,1,Heston_minus_BS,0,512,0.16446612264005767
63,1.1,reference,10,1,Heston_minus_BS,1,512,0.1724270635553036
63,1.1,reference,10,1,Heston_minus_BS,2,512,0.18424807531330648
63,1.1,reference,10,1,Heston_minus_BS,3,512,0.19189730120258924
63,1.1,reference,10,1,Heston_minus_BS,4,512,0.16200593623108445
63,1.1,reference,10,1,Heston_minus_BS,5,512,0.2004910774644304
63,1.1,reference,10,1,Heston_minus_BS,6,512,0.16482699845483
63,1.1,reference,10,1,Heston_minus_BS,7,512,0.1868400862154705
63,1.1,reference,10,1,Adjusted_minus_Heston,0,512,-0.216271232755877
63,1.1,reference,10,1,Adjusted_minus_Heston,1,512,-0.24099857336810077
63,1.1,reference,10,1,Adjusted_minus_Heston,2,512,-0.2587967456248932
63,1.1,reference,10,1,Adjusted_minus_Heston,3,512,-0.2622415040763543
63,1.1,reference,10,1,Adjusted_minus_Heston,4,512,-0.19691075248511913
63,1.1,reference,10,1,Adjusted_minus_Heston,5,512,-0.2730158056157336
63,1.1,reference,10,1,Adjusted_minus_Heston,6,512,-0.2136695791447829
63,1.1,reference,10,1,Adjusted_minus_Heston,7,512,-0.24588379316127523
63,1.1,reference,10,5,Heston_minus_BS,0,512,0.1597050964936167
63,1.1,reference,10,5,Heston_minus_BS,1,512,0.2126413328501836
63,1.1,reference,10,5,Heston_minus_BS,2,512,0.20510558074662302
63,1.1,reference,10,5,Heston_minus_BS,3,512,0.20683383023820334
63,1.1,reference,10,5,Heston_minus_BS,4,512,0.22710048832575047
63,1.1,reference,10,5,Heston_minus_BS,5,512,0.21355587056644074
63,1.1,reference,10,5,Heston_minus_BS,6,512,0.18685639460108172
63,1.1,reference,10,5,Heston_minus_BS,7,512,0.21643844869187423
63,1.1,reference,10,5,Adjusted_minus_Heston,0,512,-0.2180735486726453
63,1.1,reference,10,5,Adjusted_minus_Heston,1,512,-0.3502968749531192
63,1.1,reference,10,5,Adjusted_minus_Heston,2,512,-0.30319837368284625
63,1.1,reference,10,5,Adjusted_minus_Heston,3,512,-0.30157716831548653
63,1.1,reference,10,5,Adjusted_minus_Heston,4,512,-0.356534020799132
63,1.1,reference,10,5,Adjusted_minus_Heston,5,512,-0.31227688568790546
63,1.1,reference,10,5,Adjusted_minus_Heston,6,512,-0.2648029348110348
63,1.1,reference,10,5,Adjusted_minus_Heston,7,512,-0.31538935533767953
63,1.1,kappa_minus20,0,1,Heston_minus_BS,0,512,0.1852805529181519
63,1.1,kappa_minus20,0,1,Heston_minus_BS,1,512,0.19359564154676817
63,1.1,kappa_minus20,0,1,Heston_minus_BS,2,512,0.20942622754103868
63,1.1,kappa_minus20,0,1,Heston_minus_BS,3,512,0.2175002550810898
63,1.1,kappa_minus20,0,1,Heston_minus_BS,4,512,0.1864826265578371
63,1.1,kappa_minus20,0,1,Heston_minus_BS,5,512,0.23532116138400166
63,1.1,kappa_minus20,0,1,Heston_minus_BS,6,512,0.19626586452744538
63,1.1,kappa_minus20,0,1,Heston_minus_BS,7,512,0.21087518146457915
63,1.1,kappa_minus20,0,1,Adjusted_minus_Heston,0,512,-0.3396783435827404
63,1.1,kappa_minus20,0,1,Adjusted_minus_Heston,1,512,-0.36728037895467514
63,1.1,kappa_minus20,0,1,Adjusted_minus_Heston,2,512,-0.404878631012635
63,1.1,kappa_minus20,0,1,Adjusted_minus_Heston,3,512,-0.41405603838028693
63,1.1,kappa_minus20,0,1,Adjusted_minus_Heston,4,512,-0.3298153170891255
63,1.1,kappa_minus20,0,1,Adjusted_minus_Heston,5,512,-0.4459324377714687
63,1.1,kappa_minus20,0,1,Adjusted_minus_Heston,6,512,-0.3646572468027992
63,1.1,kappa_minus20,0,1,Adjusted_minus_Heston,7,512,-0.37115597873756134
63,1.1,kappa_minus20,0,5,Heston_minus_BS,0,512,0.1616779018355194
63,1.1,kappa_minus20,0,5,Heston_minus_BS,1,512,0.20662648141845763
63,1.1,kappa_minus20,0,5,Heston_minus_BS,2,512,0.20110590165441738
63,1.1,kappa_minus20,0,5,Heston_minus_BS,3,512,0.20274430955653222
63,1.1,kappa_minus20,0,5,Heston_minus_BS,4,512,0.22383085568874084
63,1.1,kappa_minus20,0,5,Heston_minus_BS,5,512,0.2176858470981906
63,1.1,kappa_minus20,0,5,Heston_minus_BS,6,512,0.19285535123732614
63,1.1,kappa_minus20,0,5,Heston_minus_BS,7,512,0.2195600690361491
63,1.1,kappa_minus20,0,5,Adjusted_minus_Heston,0,512,-0.28274439911437876
63,1.1,kappa_minus20,0,5,Adjusted_minus_Heston,1,512,-0.4225330152653261
63,1.1,kappa_minus20,0,5,Adjusted_minus_Heston,2,512,-0.37580973584336014
63,1.1,kappa_minus20,0,5,Adjusted_minus_Heston,3,512,-0.3787889771803715
63,1.1,kappa_minus20,0,5,Adjusted_minus_Heston,4,512,-0.43238343882982955
63,1.1,kappa_minus20,0,5,Adjusted_minus_Heston,5,512,-0.4056111560298237
63,1.1,kappa_minus20,0,5,Adjusted_minus_Heston,6,512,-0.3431068511444096
63,1.1,kappa_minus20,0,5,Adjusted_minus_Heston,7,512,-0.3824115451425861
63,1.1,kappa_minus20,5,1,Heston_minus_BS,0,512,0.159612582955199
63,1.1,kappa_minus20,5,1,Heston_minus_BS,1,512,0.16656339546534527
63,1.1,kappa_minus20,5,1,Heston_minus_BS,2,512,0.17726372904276555
63,1.1,kappa_minus20,5,1,Heston_minus_BS,3,512,0.18556339899447935
63,1.1,kappa_minus20,5,1,Heston_minus_BS,4,512,0.15861099549206353
63,1.1,kappa_minus20,5,1,Heston_minus_BS,5,512,0.19886542274320443
63,1.1,kappa_minus20,5,1,Heston_minus_BS,6,512,0.16455945328375554
63,1.1,kappa_minus20,5,1,Heston_minus_BS,7,512,0.18552515166988146
63,1.1,kappa_minus20,5,1,Adjusted_minus_Heston,0,512,-0.25404730707738477
63,1.1,kappa_minus20,5,1,Adjusted_minus_Heston,1,512,-0.28070833073119816
63,1.1,kappa_minus20,5,1,Adjusted_minus_Heston,2,512,-0.3055849632391613
63,1.1,kappa_minus20,5,1,Adjusted_minus_Heston,3,512,-0.3119423515339122
63,1.1,kappa_minus20,5,1,Adjusted_minus_Heston,4,512,-0.23660292086283027
63,1.1,kappa_minus20,5,1,Adjusted_minus_Heston,5,512,-0.3326026180885814
63,1.1,kappa_minus20,5,1,Adjusted_minus_Heston,6,512,-0.26511198375537703
63,1.1,kappa_minus20,5,1,Adjusted_minus_Heston,7,512,-0.2831742555775364
63,1.1,kappa_minus20,5,5,Heston_minus_BS,0,512,0.14333790400223756
63,1.1,kappa_minus20,5,5,Heston_minus_BS,1,512,0.18739384610065912
63,1.1,kappa_minus20,5,5,Heston_minus_BS,2,512,0.18102713485762767
63,1.1,kappa_minus20,5,5,Heston_minus_BS,3,512,0.1821805897134653
63,1.1,kappa_minus20,5,5,Heston_minus_BS,4,512,0.20441436999549054
63,1.1,kappa_minus20,5,5,Heston_minus_BS,5,512,0.19329932739382027
63,1.1,kappa_minus20,5,5,Heston_minus_BS,6,512,0.17299890019821523
63,1.1,kappa_minus20,5,5,Heston_minus_BS,7,512,0.20251862285716504
63,1.1,kappa_minus20,5,5,Adjusted_minus_Heston,0,512,-0.22566783616319297
63,1.1,kappa_minus20,5,5,Adjusted_minus_Heston,1,512,-0.3653258922620439
63,1.1,kappa_minus20,5,5,Adjusted_minus_Heston,2,512,-0.3134824471174281
63,1.1,kappa_minus20,5,5,Adjusted_minus_Heston,3,512,-0.31396453282697434
63,1.1,kappa_minus20,5,5,Adjusted_minus_Heston,4,512,-0.37208100919641357
63,1.1,kappa_minus20,5,5,Adjusted_minus_Heston,5,512,-0.332581238308404
63,1.1,kappa_minus20,5,5,Adjusted_minus_Heston,6,512,-0.2807352711603037
63,1.1,kappa_minus20,5,5,Adjusted_minus_Heston,7,512,-0.3259124944874515
63,1.1,kappa_minus20,10,1,Heston_minus_BS,0,512,0.13820473275357326
63,1.1,kappa_minus20,10,1,Heston_minus_BS,1,512,0.14362609994695638
63,1.1,kappa_minus20,10,1,Heston_minus_BS,2,512,0.14905986584051273
63,1.1,kappa_minus20,10,1,Heston_minus_BS,3,512,0.1577577465772106
63,1.1,kappa_minus20,10,1,Heston_minus_BS,4,512,0.1352006096664669
63,1.1,kappa_minus20,10,1,Heston_minus_BS,5,512,0.16682622304782568
63,1.1,kappa_minus20,10,1,Heston_minus_BS,6,512,0.1374878861301718
63,1.1,kappa_minus20,10,1,Heston_minus_BS,7,512,0.16441171867073595
63,1.1,kappa_minus20,10,1,Adjusted_minus_Heston,0,512,-0.17572801695471577
63,1.1,kappa_minus20,10,1,Adjusted_minus_Heston,1,512,-0.2011963500806219
63,1.1,kappa_minus20,10,1,Adjusted_minus_Heston,2,512,-0.2129758202127569
63,1.1,kappa_minus20,10,1,Adjusted_minus_Heston,3,512,-0.21671337560214485
63,1.1,kappa_minus20,10,1,Adjusted_minus_Heston,4,512,-0.15097802673965566
63,1.1,kappa_minus20,10,1,Adjusted_minus_Heston,5,512,-0.22649244614959596
63,1.1,kappa_minus20,10,1,Adjusted_minus_Heston,6,512,-0.1734238938893951
63,1.1,kappa_minus20,10,1,Adjusted_minus_Heston,7,512,-0.20248359156636786
63,1.1,kappa_minus20,10,5,Heston_minus_BS,0,512,0.1260872084839313
63,1.1,kappa_minus20,10,5,Heston_minus_BS,1,512,0.1691931913635586
63,1.1,kappa_minus20,10,5,Heston_minus_BS,2,512,0.16200889480256958
63,1.1,kappa_minus20,10,5,Heston_minus_BS,3,512,0.16274045594037906
63,1.1,kappa_minus20,10,5,Heston_minus_BS,4,512,0.18615470184595273
63,1.1,kappa_minus20,10,5,Heston_minus_BS,5,512,0.17002713667319627
63,1.1,kappa_minus20,10,5,Heston_minus_BS,6,512,0.15436860316221562
63,1.1,kappa_minus20,10,5,Heston_minus_BS,7,512,0.18661258632796662
63,1.1,kappa_minus20,10,5,Adjusted_minus_Heston,0,512,-0.17071159047468515
63,1.1,kappa_minus20,10,5,Adjusted_minus_Heston,1,512,-0.3101626213827926
63,1.1,kappa_minus20,10,5,Adjusted_minus_Heston,2,512,-0.25319363561801755
63,1.1,kappa_minus20,10,5,Adjusted_minus_Heston,3,512,-0.25125626651911614
63,1.1,kappa_minus20,10,5,Adjusted_minus_Heston,4,512,-0.3139850051508001
63,1.1,kappa_minus20,10,5,Adjusted_minus_Heston,5,512,-0.2616458263520707
63,1.1,kappa_minus20,10,5,Adjusted_minus_Heston,6,512,-0.22068871554306987
63,1.1,kappa_minus20,10,5,Adjusted_minus_Heston,7,512,-0.27161036939902883
63,1.1,kappa_plus20,0,1,Heston_minus_BS,0,512,0.25783498764574175
63,1.1,kappa_plus20,0,1,Heston_minus_BS,1,512,0.2686268526305483
63,1.1,kappa_plus20,0,1,Heston_minus_BS,2,512,0.2971697162061034
63,1.1,kappa_plus20,0,1,Heston_minus_BS,3,512,0.3083248078661858
63,1.1,kappa_plus20,0,1,Heston_minus_BS,4,512,0.26241648907993476
63,1.1,kappa_plus20,0,1,Heston_minus_BS,5,512,0.3244244062912992
63,1.1,kappa_plus20,0,1,Heston_minus_BS,6,512,0.2710541150687107
63,1.1,kappa_plus20,0,1,Heston_minus_BS,7,512,0.2789238281248895
63,1.1,kappa_plus20,0,1,Adjusted_minus_Heston,0,512,-0.39473208446576097
63,1.1,kappa_plus20,0,1,Adjusted_minus_Heston,1,512,-0.42016582339360453
63,1.1,kappa_plus20,0,1,Adjusted_minus_Heston,2,512,-0.4636746214047721
63,1.1,kappa_plus20,0,1,Adjusted_minus_Heston,3,512,-0.47526680476729233
63,1.1,kappa_plus20,0,1,Adjusted_minus_Heston,4,512,-0.3943103545589587
63,1.1,kappa_plus20,0,1,Adjusted_minus_Heston,5,512,-0.5034242947272911
63,1.1,kappa_plus20,0,1,Adjusted_minus_Heston,6,512,-0.41818037822118154
63,1.1,kappa_plus20,0,1,Adjusted_minus_Heston,7,512,-0.4307706251262249
63,1.1,kappa_plus20,0,5,Heston_minus_BS,0,512,0.240207718238925
63,1.1,kappa_plus20,0,5,Heston_minus_BS,1,512,0.3017390068394098
63,1.1,kappa_plus20,0,5,Heston_minus_BS,2,512,0.2971467624551538
63,1.1,kappa_plus20,0,5,Heston_minus_BS,3,512,0.3045982027912067
63,1.1,kappa_plus20,0,5,Heston_minus_BS,4,512,0.31591468703939024
63,1.1,kappa_plus20,0,5,Heston_minus_BS,5,512,0.31637213724874014
63,1.1,kappa_plus20,0,5,Heston_minus_BS,6,512,0.2713705239385223
63,1.1,kappa_plus20,0,5,Heston_minus_BS,7,512,0.29281598493917094
63,1.1,kappa_plus20,0,5,Adjusted_minus_Heston,0,512,-0.3549506458681345
63,1.1,kappa_plus20,0,5,Adjusted_minus_Heston,1,512,-0.4809724497597587
63,1.1,kappa_plus20,0,5,Adjusted_minus_Heston,2,512,-0.4494573025912213
63,1.1,kappa_plus20,0,5,Adjusted_minus_Heston,3,512,-0.45538699955855
63,1.1,kappa_plus20,0,5,Adjusted_minus_Heston,4,512,-0.4948154213295733
63,1.1,kappa_plus20,0,5,Adjusted_minus_Heston,5,512,-0.4788880548108949
63,1.1,kappa_plus20,0,5,Adjusted_minus_Heston,6,512,-0.4101461530533338
63,1.1,kappa_plus20,0,5,Adjusted_minus_Heston,7,512,-0.44785502473401023
63,1.1,kappa_plus20,5,1,Heston_minus_BS,0,512,0.2227022753033145
63,1.1,kappa_plus20,5,1,Heston_minus_BS,1,512,0.23298579752079898
63,1.1,kappa_plus20,5,1,Heston_minus_BS,2,512,0.2561542944074635
63,1.1,kappa_plus20,5,1,Heston_minus_BS,3,512,0.2656113343681937
63,1.1,kappa_plus20,5,1,Heston_minus_BS,4,512,0.22388374267262853
63,1.1,kappa_plus20,5,1,Heston_minus_BS,5,512,0.27727758058421237
63,1.1,kappa_plus20,5,1,Heston_minus_BS,6,512,0.22980436482870667
63,1.1,kappa_plus20,5,1,Heston_minus_BS,7,512,0.24297476433996848
63,1.1,kappa_plus20,5,1,Adjusted_minus_Heston,0,512,-0.31789721874135174
63,1.1,kappa_plus20,5,1,Adjusted_minus_Heston,1,512,-0.3425314597557956
63,1.1,kappa_plus20,5,1,Adjusted_minus_Heston,2,512,-0.3755301503590556
63,1.1,kappa_plus20,5,1,Adjusted_minus_Heston,3,512,-0.38325153849284066
63,1.1,kappa_plus20,5,1,Adjusted_minus_Heston,4,512,-0.3100624330573214
63,1.1,kappa_plus20,5,1,Adjusted_minus_Heston,5,512,-0.40230290005029634
63,1.1,kappa_plus20,5,1,Adjusted_minus_Heston,6,512,-0.32797455514793566
63,1.1,kappa_plus20,5,1,Adjusted_minus_Heston,7,512,-0.35170989757193083
63,1.1,kappa_plus20,5,5,Heston_minus_BS,0,512,0.2161081934681812
63,1.1,kappa_plus20,5,5,Heston_minus_BS,1,512,0.27745935747548295
63,1.1,kappa_plus20,5,5,Heston_minus_BS,2,512,0.2710664602588924
63,1.1,kappa_plus20,5,5,Heston_minus_BS,3,512,0.27690560768566497
63,1.1,kappa_plus20,5,5,Heston_minus_BS,4,512,0.2905269527261348
63,1.1,kappa_plus20,5,5,Heston_minus_BS,5,512,0.285085357601911
63,1.1,kappa_plus20,5,5,Heston_minus_BS,6,512,0.24472832103460393
63,1.1,kappa_plus20,5,5,Heston_minus_BS,7,512,0.2692110755358118
63,1.1,kappa_plus20,5,5,Adjusted_minus_Heston,0,512,-0.303664638777737
63,1.1,kappa_plus20,5,5,Adjusted_minus_Heston,1,512,-0.4294867973932467
63,1.1,kappa_plus20,5,5,Adjusted_minus_Heston,2,512,-0.39383062905249533
63,1.1,kappa_plus20,5,5,Adjusted_minus_Heston,3,512,-0.3966154144720122
63,1.1,kappa_plus20,5,5,Adjusted_minus_Heston,4,512,-0.44034675787372357
63,1.1,kappa_plus20,5,5,Adjusted_minus_Heston,5,512,-0.4132467556011567
63,1.1,kappa_plus20,5,5,Adjusted_minus_Heston,6,512,-0.3532346258266016
63,1.1,kappa_plus20,5,5,Adjusted_minus_Heston,7,512,-0.3969077126000781
63,1.1,kappa_plus20,10,1,Heston_minus_BS,0,512,0.19105097361161716
63,1.1,kappa_plus20,10,1,Heston_minus_BS,1,512,0.2007207523471854
63,1.1,kappa_plus20,10,1,Heston_minus_BS,2,512,0.21824533927540862
63,1.1,kappa_plus20,10,1,Heston_minus_BS,3,512,0.22612962480022453
63,1.1,kappa_plus20,10,1,Heston_minus_BS,4,512,0.18900491851041612
63,1.1,kappa_plus20,10,1,Heston_minus_BS,5,512,0.2335062170175397
63,1.1,kappa_plus20,10,1,Heston_minus_BS,6,512,0.1923337104022877
63,1.1,kappa_plus20,10,1,Heston_minus_BS,7,512,0.210498370072184
63,1.1,kappa_plus20,10,1,Adjusted_minus_Heston,0,512,-0.24744168352908247
63,1.1,kappa_plus20,10,1,Adjusted_minus_Heston,1,512,-0.2710770049625272
63,1.1,kappa_plus20,10,1,Adjusted_minus_Heston,2,512,-0.2931776924782186
63,1.1,kappa_plus20,10,1,Adjusted_minus_Heston,3,512,-0.29718439424876975
63,1.1,kappa_plus20,10,1,Adjusted_minus_Heston,4,512,-0.23243922034837838
63,1.1,kappa_plus20,10,1,Adjusted_minus_Heston,5,512,-0.3074519044549302
63,1.1,kappa_plus20,10,1,Adjusted_minus_Heston,6,512,-0.2446060987834015
63,1.1,kappa_plus20,10,1,Adjusted_minus_Heston,7,512,-0.2790123645962733
63,1.1,kappa_plus20,10,5,Heston_minus_BS,0,512,0.19302811322451102
63,1.1,kappa_plus20,10,5,Heston_minus_BS,1,512,0.2541695216431481
63,1.1,kappa_plus20,10,5,Heston_minus_BS,2,512,0.24594789085954924
63,1.1,kappa_plus20,10,5,Heston_minus_BS,3,512,0.2502171271828635
63,1.1,kappa_plus20,10,5,Heston_minus_BS,4,512,0.2662129359778299
63,1.1,kappa_plus20,10,5,Heston_minus_BS,5,512,0.2547861663367851
63,1.1,kappa_plus20,10,5,Heston_minus_BS,6,512,0.21921655512712784
63,1.1,kappa_plus20,10,5,Heston_minus_BS,7,512,0.24666129043100854
63,1.1,kappa_plus20,10,5,Adjusted_minus_Heston,0,512,-0.2542906392499063
63,1.1,kappa_plus20,10,5,Adjusted_minus_Heston,1,512,-0.3798377735108954
63,1.1,kappa_plus20,10,5,Adjusted_minus_Heston,2,512,-0.34002201974758955
63,1.1,kappa_plus20,10,5,Adjusted_minus_Heston,3,512,-0.33972004902085823
63,1.1,kappa_plus20,10,5,Adjusted_minus_Heston,4,512,-0.3878510152961673
63,1.1,kappa_plus20,10,5,Adjusted_minus_Heston,5,512,-0.34946516308699876
63,1.1,kappa_plus20,10,5,Adjusted_minus_Heston,6,512,-0.2984039842987346
63,1.1,kappa_plus20,10,5,Adjusted_minus_Heston,7,512,-0.3479289445532515
63,1.1,theta_minus20,0,1,Heston_minus_BS,0,512,0.1417030494335257
63,1.1,theta_minus20,0,1,Heston_minus_BS,1,512,0.14694122291165576
63,1.1,theta_minus20,0,1,Heston_minus_BS,2,512,0.15718228831314313
63,1.1,theta_minus20,0,1,Heston_minus_BS,3,512,0.16875972549676227
63,1.1,theta_minus20,0,1,Heston_minus_BS,4,512,0.14603578098714878
63,1.1,theta_minus20,0,1,Heston_minus_BS,5,512,0.182625728682264
63,1.1,theta_minus20,0,1,Heston_minus_BS,6,512,0.15442979863689815
63,1.1,theta_minus20,0,1,Heston_minus_BS,7,512,0.16938304617764888
63,1.1,theta_minus20,0,1,Adjusted_minus_Heston,0,512,-0.29716545480934126
63,1.1,theta_minus20,0,1,Adjusted_minus_Heston,1,512,-0.32327769060648726
63,1.1,theta_minus20,0,1,Adjusted_minus_Heston,2,512,-0.35551416411280923
63,1.1,theta_minus20,0,1,Adjusted_minus_Heston,3,512,-0.3634656952478948
63,1.1,theta_minus20,0,1,Adjusted_minus_Heston,4,512,-0.2855383791207191
63,1.1,theta_minus20,0,1,Adjusted_minus_Heston,5,512,-0.39625010876017075
63,1.1,theta_minus20,0,1,Adjusted_minus_Heston,6,512,-0.3204427817851481
63,1.1,theta_minus20,0,1,Adjusted_minus_Heston,7,512,-0.32894471922080887
63,1.1,theta_minus20,0,5,Heston_minus_BS,0,512,0.11254759874022935
63,1.1,theta_minus20,0,5,Heston_minus_BS,1,512,0.14731282597057077
63,1.1,theta_minus20,0,5,Heston_minus_BS,2,512,0.1476997630370236
63,1.1,theta_minus20,0,5,Heston_minus_BS,3,512,0.15012826359434006
63,1.1,theta_minus20,0,5,Heston_minus_BS,4,512,0.17269786539044052
63,1.1,theta_minus20,0,5,Heston_minus_BS,5,512,0.16175012649105502
63,1.1,theta_minus20,0,5,Heston_minus_BS,6,512,0.15063836936873504
63,1.1,theta_minus20,0,5,Heston_minus_BS,7,512,0.17622297334393117
63,1.1,theta_minus20,0,5,Adjusted_minus_Heston,0,512,-0.23738636810462538
63,1.1,theta_minus20,0,5,Adjusted_minus_Heston,1,512,-0.371087257568223
63,1.1,theta_minus20,0,5,Adjusted_minus_Heston,2,512,-0.32266785386877733
63,1.1,theta_minus20,0,5,Adjusted_minus_Heston,3,512,-0.32333679524085446
63,1.1,theta_minus20,0,5,Adjusted_minus_Heston,4,512,-0.38016561448151254
63,1.1,theta_minus20,0,5,Adjusted_minus_Heston,5,512,-0.352708894018013
63,1.1,theta_minus20,0,5,Adjusted_minus_Heston,6,512,-0.29613216065003434
63,1.1,theta_minus20,0,5,Adjusted_minus_Heston,7,512,-0.33634351178230654
63,1.1,theta_minus20,5,1,Heston_minus_BS,0,512,0.12302148524022649
63,1.1,theta_minus20,5,1,Heston_minus_BS,1,512,0.1264833845921698
63,1.1,theta_minus20,5,1,Heston_minus_BS,2,512,0.13167901540341642
63,1.1,theta_minus20,5,1,Heston_minus_BS,3,512,0.14433288282926382
63,1.1,theta_minus20,5,1,Heston_minus_BS,4,512,0.1261189929021126
63,1.1,theta_minus20,5,1,Heston_minus_BS,5,512,0.15404975651756897
63,1.1,theta_minus20,5,1,Heston_minus_BS,6,512,0.1310799211458378
63,1.1,theta_minus20,5,1,Heston_minus_BS,7,512,0.15075696872315653
63,1.1,theta_minus20,5,1,Adjusted_minus_Heston,0,512,-0.21473726688452982
63,1.1,theta_minus20,5,1,Adjusted_minus_Heston,1,512,-0.23962299452046015
63,1.1,theta_minus20,5,1,Adjusted_minus_Heston,2,512,-0.25934793900843434
63,1.1,theta_minus20,5,1,Adjusted_minus_Heston,3,512,-0.2647663822119797
63,1.1,theta_minus20,5,1,Adjusted_minus_Heston,4,512,-0.19565717862920434
63,1.1,theta_minus20,5,1,Adjusted_minus_Heston,5,512,-0.28687739458333783
63,1.1,theta_minus20,5,1,Adjusted_minus_Heston,6,512,-0.22445238528079808
63,1.1,theta_minus20,5,1,Adjusted_minus_Heston,7,512,-0.24405145574588819
63,1.1,theta_minus20,5,5,Heston_minus_BS,0,512,0.09835843534639836
63,1.1,theta_minus20,5,5,Heston_minus_BS,1,512,0.13181005384292516
63,1.1,theta_minus20,5,5,Heston_minus_BS,2,512,0.13182560224798293
63,1.1,theta_minus20,5,5,Heston_minus_BS,3,512,0.13414944321353353
63,1.1,theta_minus20,5,5,Heston_minus_BS,4,512,0.15781340832097823
63,1.1,theta_minus20,5,5,Heston_minus_BS,5,512,0.1420771034369535
63,1.1,theta_minus20,5,5,Heston_minus_BS,6,512,0.13576035507729597
63,1.1,theta_minus20,5,5,Heston_minus_BS,7,512,0.16329154512603145
63,1.1,theta_minus20,5,5,Adjusted_minus_Heston,0,512,-0.18237700579547755
63,1.1,theta_minus20,5,5,Adjusted_minus_Heston,1,512,-0.31573235693476187
63,1.1,theta_minus20,5,5,Adjusted_minus_Heston,2,512,-0.2623550156660824
63,1.1,theta_minus20,5,5,Adjusted_minus_Heston,3,512,-0.26071294088309327
63,1.1,theta_minus20,5,5,Adjusted_minus_Heston,4,512,-0.3219805876496169
63,1.1,theta_minus20,5,5,Adjusted_minus_Heston,5,512,-0.28226285893505065
63,1.1,theta_minus20,5,5,Adjusted_minus_Heston,6,512,-0.23600003895963062
63,1.1,theta_minus20,5,5,Adjusted_minus_Heston,7,512,-0.2818528644524073
63,1.1,theta_minus20,10,1,Heston_minus_BS,0,512,0.10866911017053459
63,1.1,theta_minus20,10,1,Heston_minus_BS,1,512,0.11016362742379354
63,1.1,theta_minus20,10,1,Heston_minus_BS,2,512,0.11018360658444654
63,1.1,theta_minus20,10,1,Heston_minus_BS,3,512,0.12413415877726176
63,1.1,theta_minus20,10,1,Heston_minus_BS,4,512,0.110762311587674
63,1.1,theta_minus20,10,1,Heston_minus_BS,5,512,0.1299840350047354
63,1.1,theta_minus20,10,1,Heston_minus_BS,6,512,0.1124662243699003
63,1.1,theta_minus20,10,1,Heston_minus_BS,7,512,0.13640923204318675
63,1.1,theta_minus20,10,1,Adjusted_minus_Heston,0,512,-0.1394947462905568
63,1.1,theta_minus20,10,1,Adjusted_minus_Heston,1,512,-0.16289864599669096
63,1.1,theta_minus20,10,1,Adjusted_minus_Heston,2,512,-0.1697301509358695
63,1.1,theta_minus20,10,1,Adjusted_minus_Heston,3,512,-0.17282396445809114
63,1.1,theta_minus20,10,1,Adjusted_minus_Heston,4,512,-0.11323426122862315
63,1.1,theta_minus20,10,1,Adjusted_minus_Heston,5,512,-0.1846009330240842
63,1.1,theta_minus20,10,1,Adjusted_minus_Heston,6,512,-0.13618535374269966
63,1.1,theta_minus20,10,1,Adjusted_minus_Heston,7,512,-0.16631240415338217
63,1.1,theta_minus20,10,5,Heston_minus_BS,0,512,0.08521145159824553
63,1.1,theta_minus20,10,5,Heston_minus_BS,1,512,0.11728547448961103
63,1.1,theta_minus20,10,5,Heston_minus_BS,2,512,0.1169653175450765
63,1.1,theta_minus20,10,5,Heston_minus_BS,3,512,0.11925917791574818
63,1.1,theta_minus20,10,5,Heston_minus_BS,4,512,0.14404173862253622
63,1.1,theta_minus20,10,5,Heston_minus_BS,5,512,0.12347655103147902
63,1.1,theta_minus20,10,5,Heston_minus_BS,6,512,0.12206501463569577
63,1.1,theta_minus20,10,5,Heston_minus_BS,7,512,0.15144534239998195
63,1.1,theta_minus20,10,5,Adjusted_minus_Heston,0,512,-0.1294251408374075
63,1.1,theta_minus20,10,5,Adjusted_minus_Heston,1,512,-0.26235848949348184
63,1.1,theta_minus20,10,5,Adjusted_minus_Heston,2,512,-0.20401420351059896
63,1.1,theta_minus20,10,5,Adjusted_minus_Heston,3,512,-0.2001420828323056
63,1.1,theta_minus20,10,5,Adjusted_minus_Heston,4,512,-0.2659375235388589
63,1.1,theta_minus20,10,5,Adjusted_minus_Heston,5,512,-0.21384968856655512
63,1.1,theta_minus20,10,5,Adjusted_minus_Heston,6,512,-0.1781261681412375
63,1.1,theta_minus20,10,5,Adjusted_minus_Heston,7,512,-0.22949364313882825
63,1.1,theta_plus20,0,1,Heston_minus_BS,0,512,0.3095909291193203
63,1.1,theta_plus20,0,1,Heston_minus_BS,1,512,0.32248636076208914
63,1.1,theta_plus20,0,1,Heston_minus_BS,2,512,0.35649545143094075
63,1.1,theta_plus20,0,1,Heston_minus_BS,3,512,0.3656356960869801
63,1.1,theta_plus20,0,1,Heston_minus_BS,4,512,0.3113177366121061
63,1.1,theta_plus20,0,1,Heston_minus_BS,5,512,0.38441037935549255
63,1.1,theta_plus20,0,1,Heston_minus_BS,6,512,0.3205805465896704
63,1.1,theta_plus20,0,1,Heston_minus_BS,7,512,0.32851374238574527
63,1.1,theta_plus20,0,1,Adjusted_minus_Heston,0,512,-0.4388923396649387
63,1.1,theta_plus20,0,1,Adjusted_minus_Heston,1,512,-0.46529768776473085
63,1.1,theta_plus20,0,1,Adjusted_minus_Heston,2,512,-0.5137607852826438
63,1.1,theta_plus20,0,1,Adjusted_minus_Heston,3,512,-0.5272119430676288
63,1.1,theta_plus20,0,1,Adjusted_minus_Heston,4,512,-0.43998549429795575
63,1.1,theta_plus20,0,1,Adjusted_minus_Heston,5,512,-0.5539985867936603
63,1.1,theta_plus20,0,1,Adjusted_minus_Heston,6,512,-0.4636407991645722
63,1.1,theta_plus20,0,1,Adjusted_minus_Heston,7,512,-0.4747556758566124
63,1.1,theta_plus20,0,5,Heston_minus_BS,0,512,0.2987665796903468
63,1.1,theta_plus20,0,5,Heston_minus_BS,1,512,0.36870837617733343
63,1.1,theta_plus20,0,5,Heston_minus_BS,2,512,0.3588992426002354
63,1.1,theta_plus20,0,5,Heston_minus_BS,3,512,0.3673159085033184
63,1.1,theta_plus20,0,5,Heston_minus_BS,4,512,0.3754582379674788
63,1.1,theta_plus20,0,5,Heston_minus_BS,5,512,0.3807622187686935
63,1.1,theta_plus20,0,5,Heston_minus_BS,6,512,0.3226540548901251
63,1.1,theta_plus20,0,5,Heston_minus_BS,7,512,0.34584495519520153
63,1.1,theta_plus20,0,5,Adjusted_minus_Heston,0,512,-0.4023990356945578
63,1.1,theta_plus20,0,5,Adjusted_minus_Heston,1,512,-0.5333623103944969
63,1.1,theta_plus20,0,5,Adjusted_minus_Heston,2,512,-0.5037542631936223
63,1.1,theta_plus20,0,5,Adjusted_minus_Heston,3,512,-0.5124810997404171
63,1.1,theta_plus20,0,5,Adjusted_minus_Heston,4,512,-0.5479313482883761
63,1.1,theta_plus20,0,5,Adjusted_minus_Heston,5,512,-0.5331914550738286
63,1.1,theta_plus20,0,5,Adjusted_minus_Heston,6,512,-0.45882981472504203
63,1.1,theta_plus20,0,5,Adjusted_minus_Heston,7,512,-0.4960345495576043
63,1.1,theta_plus20,5,1,Heston_minus_BS,0,512,0.26834029299537604
63,1.1,theta_plus20,5,1,Heston_minus_BS,1,512,0.2810543726633677
63,1.1,theta_plus20,5,1,Heston_minus_BS,2,512,0.30965153793864664
63,1.1,theta_plus20,5,1,Heston_minus_BS,3,512,0.31630862266438664
63,1.1,theta_plus20,5,1,Heston_minus_BS,4,512,0.2657218422114793
63,1.1,theta_plus20,5,1,Heston_minus_BS,5,512,0.3303506886499303
63,1.1,theta_plus20,5,1,Heston_minus_BS,6,512,0.2718460242977261
63,1.1,theta_plus20,5,1,Heston_minus_BS,7,512,0.28661745292949625
63,1.1,theta_plus20,5,1,Adjusted_minus_Heston,0,512,-0.3593748081249416
63,1.1,theta_plus20,5,1,Adjusted_minus_Heston,1,512,-0.385202940229529
63,1.1,theta_plus20,5,1,Adjusted_minus_Heston,2,512,-0.42299247276324325
63,1.1,theta_plus20,5,1,Adjusted_minus_Heston,3,512,-0.4323221381274278
63,1.1,theta_plus20,5,1,Adjusted_minus_Heston,4,512,-0.35291194011288063
63,1.1,theta_plus20,5,1,Adjusted_minus_Heston,5,512,-0.4495367316379676
63,1.1,theta_plus20,5,1,Adjusted_minus_Heston,6,512,-0.37040504288176146
63,1.1,theta_plus20,5,1,Adjusted_minus_Heston,7,512,-0.39308682140686274
63,1.1,theta_plus20,5,5,Heston_minus_BS,0,512,0.27101307084568066
63,1.1,theta_plus20,5,5,Heston_minus_BS,1,512,0.34114297744876343
63,1.1,theta_plus20,5,5,Heston_minus_BS,2,512,0.32909616426106325
63,1.1,theta_plus20,5,5,Heston_minus_BS,3,512,0.3355624658970669
63,1.1,theta_plus20,5,5,Heston_minus_BS,4,512,0.3460255521692088
63,1.1,theta_plus20,5,5,Heston_minus_BS,5,512,0.3452954595486968
63,1.1,theta_plus20,5,5,Heston_minus_BS,6,512,0.29151160179824287
63,1.1,theta_plus20,5,5,Heston_minus_BS,7,512,0.31858078018707137
63,1.1,theta_plus20,5,5,Adjusted_minus_Heston,0,512,-0.34936801276420787
63,1.1,theta_plus20,5,5,Adjusted_minus_Heston,1,512,-0.48030649355051125
63,1.1,theta_plus20,5,5,Adjusted_minus_Heston,2,512,-0.4464317867851175
63,1.1,theta_plus20,5,5,Adjusted_minus_Heston,3,512,-0.4518457950540791
63,1.1,theta_plus20,5,5,Adjusted_minus_Heston,4,512,-0.4916560888098654
63,1.1,theta_plus20,5,5,Adjusted_minus_Heston,5,512,-0.46535172258875934
63,1.1,theta_plus20,5,5,Adjusted_minus_Heston,6,512,-0.3999830640915979
63,1.1,theta_plus20,5,5,Adjusted_minus_Heston,7,512,-0.4433814820403005
63,1.1,theta_plus20,10,1,Heston_minus_BS,0,512,0.23046614379665442
63,1.1,theta_plus20,10,1,Heston_minus_BS,1,512,0.24291545847350965
63,1.1,theta_plus20,10,1,Heston_minus_BS,2,512,0.2658261687367277
63,1.1,theta_plus20,10,1,Heston_minus_BS,3,512,0.2700804051902267
63,1.1,theta_plus20,10,1,Heston_minus_BS,4,512,0.22364520900321636
63,1.1,theta_plus20,10,1,Heston_minus_BS,5,512,0.2795375939293443
63,1.1,theta_plus20,10,1,Heston_minus_BS,6,512,0.22674821757464936
63,1.1,theta_plus20,10,1,Heston_minus_BS,7,512,0.24811059861252194
63,1.1,theta_plus20,10,1,Adjusted_minus_Heston,0,512,-0.28633974063465334
63,1.1,theta_plus20,10,1,Adjusted_minus_Heston,1,512,-0.3113957325901896
63,1.1,theta_plus20,10,1,Adjusted_minus_Heston,2,512,-0.33812915745112215
63,1.1,theta_plus20,10,1,Adjusted_minus_Heston,3,512,-0.343484921837907
63,1.1,theta_plus20,10,1,Adjusted_minus_Heston,4,512,-0.2725734867273395
63,1.1,theta_plus20,10,1,Adjusted_minus_Heston,5,512,-0.35144918286786453
63,1.1,theta_plus20,10,1,Adjusted_minus_Heston,6,512,-0.2841171245859241
63,1.1,theta_plus20,10,1,Adjusted_minus_Heston,7,512,-0.3178938404468336
63,1.1,theta_plus20,10,5,Heston_minus_BS,0,512,0.2443150189358646
63,1.1,theta_plus20,10,5,Heston_minus_BS,1,512,0.3146096388760401
63,1.1,theta_plus20,10,5,Heston_minus_BS,2,512,0.3002901614064012
63,1.1,theta_plus20,10,5,Heston_minus_BS,3,512,0.3048375333728013
63,1.1,theta_plus20,10,5,Heston_minus_BS,4,512,0.3176993243314886
63,1.1,theta_plus20,10,5,Heston_minus_BS,5,512,0.31084733030547906
63,1.1,theta_plus20,10,5,Heston_minus_BS,6,512,0.26153002755447813
63,1.1,theta_plus20,10,5,Heston_minus_BS,7,512,0.2924092338329831
63,1.1,theta_plus20,10,5,Adjusted_minus_Heston,0,512,-0.2983030961539449
63,1.1,theta_plus20,10,5,Adjusted_minus_Heston,1,512,-0.4291416564575247
63,1.1,theta_plus20,10,5,Adjusted_minus_Heston,2,512,-0.39098509264364684
63,1.1,theta_plus20,10,5,Adjusted_minus_Heston,3,512,-0.3931409688281161
63,1.1,theta_plus20,10,5,Adjusted_minus_Heston,4,512,-0.4374098287901928
63,1.1,theta_plus20,10,5,Adjusted_minus_Heston,5,512,-0.399424673104541
63,1.1,theta_plus20,10,5,Adjusted_minus_Heston,6,512,-0.34327463735881225
63,1.1,theta_plus20,10,5,Adjusted_minus_Heston,7,512,-0.39275354292495424
63,1.1,xi_minus20,0,1,Heston_minus_BS,0,512,0.24867045084316508
63,1.1,xi_minus20,0,1,Heston_minus_BS,1,512,0.25943436836822314
63,1.1,xi_minus20,0,1,Heston_minus_BS,2,512,0.2817279625782888
63,1.1,xi_minus20,0,1,Heston_minus_BS,3,512,0.2905829261114673
63,1.1,xi_minus20,0,1,Heston_minus_BS,4,512,0.24716592741199014
63,1.1,xi_minus20,0,1,Heston_minus_BS,5,512,0.30743347551078193
63,1.1,xi_minus20,0,1,Heston_minus_BS,6,512,0.25606338666422557
63,1.1,xi_minus20,0,1,Heston_minus_BS,7,512,0.26242534343555607
63,1.1,xi_minus20,0,1,Adjusted_minus_Heston,0,512,-0.36644130078771453
63,1.1,xi_minus20,0,1,Adjusted_minus_Heston,1,512,-0.38512002340776785
63,1.1,xi_minus20,0,1,Adjusted_minus_Heston,2,512,-0.42268309622795974
63,1.1,xi_minus20,0,1,Adjusted_minus_Heston,3,512,-0.43727477179531343
63,1.1,xi_minus20,0,1,Adjusted_minus_Heston,4,512,-0.36187788211293614
63,1.1,xi_minus20,0,1,Adjusted_minus_Heston,5,512,-0.4613668089567162
63,1.1,xi_minus20,0,1,Adjusted_minus_Heston,6,512,-0.3839941998619586
63,1.1,xi_minus20,0,1,Adjusted_minus_Heston,7,512,-0.3916403013610706
63,1.1,xi_minus20,0,5,Heston_minus_BS,0,512,0.23616545455813365
63,1.1,xi_minus20,0,5,Heston_minus_BS,1,512,0.2940517207799971
63,1.1,xi_minus20,0,5,Heston_minus_BS,2,512,0.2808294423311176
63,1.1,xi_minus20,0,5,Heston_minus_BS,3,512,0.2885924344180458
63,1.1,xi_minus20,0,5,Heston_minus_BS,4,512,0.2989948020583673
63,1.1,xi_minus20,0,5,Heston_minus_BS,5,512,0.3021924385824602
63,1.1,xi_minus20,0,5,Heston_minus_BS,6,512,0.25563555748499434
63,1.1,xi_minus20,0,5,Heston_minus_BS,7,512,0.2735174673370394
63,1.1,xi_minus20,0,5,Adjusted_minus_Heston,0,512,-0.33553680763345983
63,1.1,xi_minus20,0,5,Adjusted_minus_Heston,1,512,-0.44063460876574834
63,1.1,xi_minus20,0,5,Adjusted_minus_Heston,2,512,-0.41353385120185704
63,1.1,xi_minus20,0,5,Adjusted_minus_Heston,3,512,-0.42478381566343715
63,1.1,xi_minus20,0,5,Adjusted_minus_Heston,4,512,-0.45188521914120966
63,1.1,xi_minus20,0,5,Adjusted_minus_Heston,5,512,-0.4435300766707235
63,1.1,xi_minus20,0,5,Adjusted_minus_Heston,6,512,-0.37816209073829815
63,1.1,xi_minus20,0,5,Adjusted_minus_Heston,7,512,-0.40914063592260663
63,1.1,xi_minus20,5,1,Heston_minus_BS,0,512,0.21269079284765474
63,1.1,xi_minus20,5,1,Heston_minus_BS,1,512,0.22385959110642717
63,1.1,xi_minus20,5,1,Heston_minus_BS,2,512,0.24180837408000422
63,1.1,xi_minus20,5,1,Heston_minus_BS,3,512,0.2488114632419244
63,1.1,xi_minus20,5,1,Heston_minus_BS,4,512,0.20822561547528226
63,1.1,xi_minus20,5,1,Heston_minus_BS,5,512,0.26105161690748596
63,1.1,xi_minus20,5,1,Heston_minus_BS,6,512,0.2137086245906853
63,1.1,xi_minus20,5,1,Heston_minus_BS,7,512,0.22638494334789583
63,1.1,xi_minus20,5,1,Adjusted_minus_Heston,0,512,-0.30030350738111017
63,1.1,xi_minus20,5,1,Adjusted_minus_Heston,1,512,-0.3184769919422628
63,1.1,xi_minus20,5,1,Adjusted_minus_Heston,2,512,-0.3468351640408782
63,1.1,xi_minus20,5,1,Adjusted_minus_Heston,3,512,-0.3585133055793329
63,1.1,xi_minus20,5,1,Adjusted_minus_Heston,4,512,-0.2896053113932
63,1.1,xi_minus20,5,1,Adjusted_minus_Heston,5,512,-0.374357377117545
63,1.1,xi_minus20,5,1,Adjusted_minus_Heston,6,512,-0.30661901030045335
63,1.1,xi_minus20,5,1,Adjusted_minus_Heston,7,512,-0.3234792113701951
63,1.1,xi_minus20,5,5,Heston_minus_BS,0,512,0.2123539415038448
63,1.1,xi_minus20,5,5,Heston_minus_BS,1,512,0.2705546852224507
63,1.1,xi_minus20,5,5,Heston_minus_BS,2,512,0.2557014686970656
63,1.1,xi_minus20,5,5,Heston_minus_BS,3,512,0.2619276582720259
63,1.1,xi_minus20,5,5,Heston_minus_BS,4,512,0.2738979418746622
63,1.1,xi_minus20,5,5,Heston_minus_BS,5,512,0.27214045153129873
63,1.1,xi_minus20,5,5,Heston_minus_BS,6,512,0.2291729698378588
63,1.1,xi_minus20,5,5,Heston_minus_BS,7,512,0.25032032104447927
63,1.1,xi_minus20,5,5,Adjusted_minus_Heston,0,512,-0.2915853674186991
63,1.1,xi_minus20,5,5,Adjusted_minus_Heston,1,512,-0.3966549067785744
63,1.1,xi_minus20,5,5,Adjusted_minus_Heston,2,512,-0.3658047177706749
63,1.1,xi_minus20,5,5,Adjusted_minus_Heston,3,512,-0.3746567451262046
63,1.1,xi_minus20,5,5,Adjusted_minus_Heston,4,512,-0.4053083407655115
63,1.1,xi_minus20,5,5,Adjusted_minus_Heston,5,512,-0.3872581935335534
63,1.1,xi_minus20,5,5,Adjusted_minus_Heston,6,512,-0.3294864839752054
63,1.1,xi_minus20,5,5,Adjusted_minus_Heston,7,512,-0.3653696530494478
63,1.1,xi_minus20,10,1,Heston_minus_BS,0,512,0.17956055903444512
63,1.1,xi_minus20,10,1,Heston_minus_BS,1,512,0.19110182572356837
63,1.1,xi_minus20,10,1,Heston_minus_BS,2,512,0.2045645878488971
63,1.1,xi_minus20,10,1,Heston_minus_BS,3,512,0.2097399276677034
63,1.1,xi_minus20,10,1,Heston_minus_BS,4,512,0.17227615500209187
63,1.1,xi_minus20,10,1,Heston_minus_BS,5,512,0.2174888363262835
63,1.1,xi_minus20,10,1,Heston_minus_BS,6,512,0.17443407582301068
63,1.1,xi_minus20,10,1,Heston_minus_BS,7,512,0.19324834602889335
63,1.1,xi_minus20,10,1,Adjusted_minus_Heston,0,512,-0.23952987443677592
63,1.1,xi_minus20,10,1,Adjusted_minus_Heston,1,512,-0.2570353903116636
63,1.1,xi_minus20,10,1,Adjusted_minus_Heston,2,512,-0.2758874352478772
63,1.1,xi_minus20,10,1,Adjusted_minus_Heston,3,512,-0.2847731550387741
63,1.1,xi_minus20,10,1,Adjusted_minus_Heston,4,512,-0.22290374080237746
63,1.1,xi_minus20,10,1,Adjusted_minus_Heston,5,512,-0.29262291396241635
63,1.1,xi_minus20,10,1,Adjusted_minus_Heston,6,512,-0.2349820039182321
63,1.1,xi_minus20,10,1,Adjusted_minus_Heston,7,512,-0.2606687820613036
63,1.1,xi_minus20,10,5,Heston_minus_BS,0,512,0.1894356749316321
63,1.1,xi_minus20,10,5,Heston_minus_BS,1,512,0.24792959689042854
63,1.1,xi_minus20,10,5,Heston_minus_BS,2,512,0.2314448158384226
63,1.1,xi_minus20,10,5,Heston_minus_BS,3,512,0.23615333483581125
63,1.1,xi_minus20,10,5,Heston_minus_BS,4,512,0.24973204970438187
63,1.1,xi_minus20,10,5,Heston_minus_BS,5,512,0.2429614892489745
63,1.1,xi_minus20,10,5,Heston_minus_BS,6,512,0.20369635315816081
63,1.1,xi_minus20,10,5,Heston_minus_BS,7,512,0.22805422345541762
63,1.1,xi_minus20,10,5,Adjusted_minus_Heston,0,512,-0.24925378178018157
63,1.1,xi_minus20,10,5,Adjusted_minus_Heston,1,512,-0.3542369147199006
63,1.1,xi_minus20,10,5,Adjusted_minus_Heston,2,512,-0.31962538557282943
63,1.1,xi_minus20,10,5,Adjusted_minus_Heston,3,512,-0.3261306390057117
63,1.1,xi_minus20,10,5,Adjusted_minus_Heston,4,512,-0.3604040115501914
63,1.1,xi_minus20,10,5,Adjusted_minus_Heston,5,512,-0.3325665504287346
63,1.1,xi_minus20,10,5,Adjusted_minus_Heston,6,512,-0.2825717458632918
63,1.1,xi_minus20,10,5,Adjusted_minus_Heston,7,512,-0.32326816931266333
63,1.1,xi_plus20,0,1,Heston_minus_BS,0,512,0.19044672140414556
63,1.1,xi_plus20,0,1,Heston_minus_BS,1,512,0.19730629831440513
63,1.1,xi_plus20,0,1,Heston_minus_BS,2,512,0.21815133265916872
63,1.1,xi_plus20,0,1,Heston_minus_BS,3,512,0.22988312969662344
63,1.1,xi_plus20,0,1,Heston_minus_BS,4,512,0.19798048400983478
63,1.1,xi_plus20,0,1,Heston_minus_BS,5,512,0.24525783030472284
63,1.1,xi_plus20,0,1,Heston_minus_BS,6,512,0.20640933331316788
63,1.1,xi_plus20,0,1,Heston_minus_BS,7,512,0.22225197801811508
63,1.1,xi_plus20,0,1,Adjusted_minus_Heston,0,512,-0.33790529397566116
63,1.1,xi_plus20,0,1,Adjusted_minus_Heston,1,512,-0.3724800000091931
63,1.1,xi_plus20,0,1,Adjusted_minus_Heston,2,512,-0.41344017839516156
63,1.1,xi_plus20,0,1,Adjusted_minus_Heston,3,512,-0.4176027272283991
63,1.1,xi_plus20,0,1,Adjusted_minus_Heston,4,512,-0.3322795157101771
63,1.1,xi_plus20,0,1,Adjusted_minus_Heston,5,512,-0.4531273033978772
63,1.1,xi_plus20,0,1,Adjusted_minus_Heston,6,512,-0.36826836939160434
63,1.1,xi_plus20,0,1,Adjusted_minus_Heston,7,512,-0.3816233276327296
63,1.1,xi_plus20,0,5,Heston_minus_BS,0,512,0.16112369398784337
63,1.1,xi_plus20,0,5,Heston_minus_BS,1,512,0.20679236392284445
63,1.1,xi_plus20,0,5,Heston_minus_BS,2,512,0.21043406654353627
63,1.1,xi_plus20,0,5,Heston_minus_BS,3,512,0.21302219908730047
63,1.1,xi_plus20,0,5,Heston_minus_BS,4,512,0.23372750643597892
63,1.1,xi_plus20,0,5,Heston_minus_BS,5,512,0.2256041750685227
63,1.1,xi_plus20,0,5,Heston_minus_BS,6,512,0.20275285845958962
63,1.1,xi_plus20,0,5,Heston_minus_BS,7,512,0.23497018343107373
63,1.1,xi_plus20,0,5,Adjusted_minus_Heston,0,512,-0.27018302538794975
63,1.1,xi_plus20,0,5,Adjusted_minus_Heston,1,512,-0.42894297458502506
63,1.1,xi_plus20,0,5,Adjusted_minus_Heston,2,512,-0.3776617344370529
63,1.1,xi_plus20,0,5,Adjusted_minus_Heston,3,512,-0.3716798564014201
63,1.1,xi_plus20,0,5,Adjusted_minus_Heston,4,512,-0.44022550491843193
63,1.1,xi_plus20,0,5,Adjusted_minus_Heston,5,512,-0.4047269615858042
63,1.1,xi_plus20,0,5,Adjusted_minus_Heston,6,512,-0.3428688075552623
63,1.1,xi_plus20,0,5,Adjusted_minus_Heston,7,512,-0.3911406074502145
63,1.1,xi_plus20,5,1,Heston_minus_BS,0,512,0.16698833394970003
63,1.1,xi_plus20,5,1,Heston_minus_BS,1,512,0.17143731371602655
63,1.1,xi_plus20,5,1,Heston_minus_BS,2,512,0.18609587107788778
63,1.1,xi_plus20,5,1,Heston_minus_BS,3,512,0.1982763554781874
63,1.1,xi_plus20,5,1,Heston_minus_BS,4,512,0.17189125244396727
63,1.1,xi_plus20,5,1,Heston_minus_BS,5,512,0.2095077100031072
63,1.1,xi_plus20,5,1,Heston_minus_BS,6,512,0.17732454195610028
63,1.1,xi_plus20,5,1,Heston_minus_BS,7,512,0.1980491183643556
63,1.1,xi_plus20,5,1,Adjusted_minus_Heston,0,512,-0.2432270117399336
63,1.1,xi_plus20,5,1,Adjusted_minus_Heston,1,512,-0.2763620557222609
63,1.1,xi_plus20,5,1,Adjusted_minus_Heston,2,512,-0.30346568326571965
63,1.1,xi_plus20,5,1,Adjusted_minus_Heston,3,512,-0.3038393241836415
63,1.1,xi_plus20,5,1,Adjusted_minus_Heston,4,512,-0.22863120585483163
63,1.1,xi_plus20,5,1,Adjusted_minus_Heston,5,512,-0.3276998310997897
63,1.1,xi_plus20,5,1,Adjusted_minus_Heston,6,512,-0.2576949768943215
63,1.1,xi_plus20,5,1,Adjusted_minus_Heston,7,512,-0.2843584131487873
63,1.1,xi_plus20,5,5,Heston_minus_BS,0,512,0.1432926140345226
63,1.1,xi_plus20,5,5,Heston_minus_BS,1,512,0.18749514685813032
63,1.1,xi_plus20,5,5,Heston_minus_BS,2,512,0.19012205496179688
63,1.1,xi_plus20,5,5,Heston_minus_BS,3,512,0.19217437388156536
63,1.1,xi_plus20,5,5,Heston_minus_BS,4,512,0.21481035573675092
63,1.1,xi_plus20,5,5,Heston_minus_BS,5,512,0.20084241272576459
63,1.1,xi_plus20,5,5,Heston_minus_BS,6,512,0.1835020980187037
63,1.1,xi_plus20,5,5,Heston_minus_BS,7,512,0.21810620229816288
63,1.1,xi_plus20,5,5,Adjusted_minus_Heston,0,512,-0.20676860374688333
63,1.1,xi_plus20,5,5,Adjusted_minus_Heston,1,512,-0.3651079953116604
63,1.1,xi_plus20,5,5,Adjusted_minus_Heston,2,512,-0.3084737691551264
63,1.1,xi_plus20,5,5,Adjusted_minus_Heston,3,512,-0.29917942589754287
63,1.1,xi_plus20,5,5,Adjusted_minus_Heston,4,512,-0.3729948755709903
63,1.1,xi_plus20,5,5,Adjusted_minus_Heston,5,512,-0.3235921101198915
63,1.1,xi_plus20,5,5,Adjusted_minus_Heston,6,512,-0.27330989309848414
63,1.1,xi_plus20,5,5,Adjusted_minus_Heston,7,512,-0.32846384548818197
63,1.1,xi_plus20,10,1,Heston_minus_BS,0,512,0.14827738436618298
63,1.1,xi_plus20,10,1,Heston_minus_BS,1,512,0.15006790650358165
63,1.1,xi_plus20,10,1,Heston_minus_BS,2,512,0.15826190733175752
63,1.1,xi_plus20,10,1,Heston_minus_BS,3,512,0.1711858201202461
63,1.1,xi_plus20,10,1,Heston_minus_BS,4,512,0.15078438016404125
63,1.1,xi_plus20,10,1,Heston_minus_BS,5,512,0.17857073762530837
63,1.1,xi_plus20,10,1,Heston_minus_BS,6,512,0.15341687431807655
63,1.1,xi_plus20,10,1,Heston_minus_BS,7,512,0.17848721529894696
63,1.1,xi_plus20,10,1,Adjusted_minus_Heston,0,512,-0.1568002789912085
63,1.1,xi_plus20,10,1,Adjusted_minus_Heston,1,512,-0.1882070784715709
63,1.1,xi_plus20,10,1,Adjusted_minus_Heston,2,512,-0.20097695996045847
63,1.1,xi_plus20,10,1,Adjusted_minus_Heston,3,512,-0.19780323088507845
63,1.1,xi_plus20,10,1,Adjusted_minus_Heston,4,512,-0.1335624106272161
63,1.1,xi_plus20,10,1,Adjusted_minus_Heston,5,512,-0.21042564468946662
63,1.1,xi_plus20,10,1,Adjusted_minus_Heston,6,512,-0.15601245893171772
63,1.1,xi_plus20,10,1,Adjusted_minus_Heston,7,512,-0.19531390299154436
63,1.1,xi_plus20,10,5,Heston_minus_BS,0,512,0.12663548268334224
63,1.1,xi_plus20,10,5,Heston_minus_BS,1,512,0.1693071401056362
63,1.1,xi_plus20,10,5,Heston_minus_BS,2,512,0.1709185402563369
63,1.1,xi_plus20,10,5,Heston_minus_BS,3,512,0.17252692412806686
63,1.1,xi_plus20,10,5,Heston_minus_BS,4,512,0.19715017036533922
63,1.1,xi_plus20,10,5,Heston_minus_BS,5,512,0.17726636691212308
63,1.1,xi_plus20,10,5,Heston_minus_BS,6,512,0.1655767832534583
63,1.1,xi_plus20,10,5,Heston_minus_BS,7,512,0.20245568933135094
63,1.1,xi_plus20,10,5,Adjusted_minus_Heston,0,512,-0.14573356218749067
63,1.1,xi_plus20,10,5,Adjusted_minus_Heston,1,512,-0.3035562457029293
63,1.1,xi_plus20,10,5,Adjusted_minus_Heston,2,512,-0.2415586150385367
63,1.1,xi_plus20,10,5,Adjusted_minus_Heston,3,512,-0.2290388179477054
63,1.1,xi_plus20,10,5,Adjusted_minus_Heston,4,512,-0.3082363376557845
63,1.1,xi_plus20,10,5,Adjusted_minus_Heston,5,512,-0.24479717200113554
63,1.1,xi_plus20,10,5,Adjusted_minus_Heston,6,512,-0.20636431538526973
63,1.1,xi_plus20,10,5,Adjusted_minus_Heston,7,512,-0.2682462262305768
63,1.1,rho_minus10pp,0,1,Heston_minus_BS,0,512,0.24543637693196627
63,1.1,rho_minus10pp,0,1,Heston_minus_BS,1,512,0.2574043032001665
63,1.1,rho_minus10pp,0,1,Heston_minus_BS,2,512,0.2867011102935536
63,1.1,rho_minus10pp,0,1,Heston_minus_BS,3,512,0.29320326504424143
63,1.1,rho_minus10pp,0,1,Heston_minus_BS,4,512,0.2527438669139705
63,1.1,rho_minus10pp,0,1,Heston_minus_BS,5,512,0.3168276825955042
63,1.1,rho_minus10pp,0,1,Heston_minus_BS,6,512,0.26348304216273116
63,1.1,rho_minus10pp,0,1,Heston_minus_BS,7,512,0.2761289337237633
63,1.1,rho_minus10pp,0,1,Adjusted_minus_Heston,0,512,-0.39695144185214487
63,1.1,rho_minus10pp,0,1,Adjusted_minus_Heston,1,512,-0.43288355998916017
63,1.1,rho_minus10pp,0,1,Adjusted_minus_Heston,2,512,-0.48139790219821954
63,1.1,rho_minus10pp,0,1,Adjusted_minus_Heston,3,512,-0.48565733826882895
63,1.1,rho_minus10pp,0,1,Adjusted_minus_Heston,4,512,-0.3972249355214379
63,1.1,rho_minus10pp,0,1,Adjusted_minus_Heston,5,512,-0.5237242602447918
63,1.1,rho_minus10pp,0,1,Adjusted_minus_Heston,6,512,-0.43008739186501843
63,1.1,rho_minus10pp,0,1,Adjusted_minus_Heston,7,512,-0.44151561248351456
63,1.1,rho_minus10pp,0,5,Heston_minus_BS,0,512,0.22002404232246595
63,1.1,rho_minus10pp,0,5,Heston_minus_BS,1,512,0.2814573890746781
63,1.1,rho_minus10pp,0,5,Heston_minus_BS,2,512,0.28395627280691305
63,1.1,rho_minus10pp,0,5,Heston_minus_BS,3,512,0.2812235736452678
63,1.1,rho_minus10pp,0,5,Heston_minus_BS,4,512,0.30558351204211714
63,1.1,rho_minus10pp,0,5,Heston_minus_BS,5,512,0.2982692723442257
63,1.1,rho_minus10pp,0,5,Heston_minus_BS,6,512,0.2635878430338816
63,1.1,rho_minus10pp,0,5,Heston_minus_BS,7,512,0.28877530845967125
63,1.1,rho_minus10pp,0,5,Adjusted_minus_Heston,0,512,-0.33722389521136986
63,1.1,rho_minus10pp,0,5,Adjusted_minus_Heston,1,512,-0.4966059388315416
63,1.1,rho_minus10pp,0,5,Adjusted_minus_Heston,2,512,-0.4538647489698457
63,1.1,rho_minus10pp,0,5,Adjusted_minus_Heston,3,512,-0.4501436680902785
63,1.1,rho_minus10pp,0,5,Adjusted_minus_Heston,4,512,-0.5133238731798675
63,1.1,rho_minus10pp,0,5,Adjusted_minus_Heston,5,512,-0.48034225851089407
63,1.1,rho_minus10pp,0,5,Adjusted_minus_Heston,6,512,-0.41172684545801613
63,1.1,rho_minus10pp,0,5,Adjusted_minus_Heston,7,512,-0.45512886742896086
63,1.1,rho_minus10pp,5,1,Heston_minus_BS,0,512,0.21376798727414703
63,1.1,rho_minus10pp,5,1,Heston_minus_BS,1,512,0.22430188541433888
63,1.1,rho_minus10pp,5,1,Heston_minus_BS,2,512,0.24721251515008164
63,1.1,rho_minus10pp,5,1,Heston_minus_BS,3,512,0.2530570671235072
63,1.1,rho_minus10pp,5,1,Heston_minus_BS,4,512,0.2180057140274524
63,1.1,rho_minus10pp,5,1,Heston_minus_BS,5,512,0.2716534058908985
63,1.1,rho_minus10pp,5,1,Heston_minus_BS,6,512,0.22562567868481204
63,1.1,rho_minus10pp,5,1,Heston_minus_BS,7,512,0.24465525930819437
63,1.1,rho_minus10pp,5,1,Adjusted_minus_Heston,0,512,-0.3024613792158729
63,1.1,rho_minus10pp,5,1,Adjusted_minus_Heston,1,512,-0.33757687262325575
63,1.1,rho_minus10pp,5,1,Adjusted_minus_Heston,2,512,-0.372591459517445
63,1.1,rho_minus10pp,5,1,Adjusted_minus_Heston,3,512,-0.3727125512779419
63,1.1,rho_minus10pp,5,1,Adjusted_minus_Heston,4,512,-0.2942988741594599
63,1.1,rho_minus10pp,5,1,Adjusted_minus_Heston,5,512,-0.3988742012498817
63,1.1,rho_minus10pp,5,1,Adjusted_minus_Heston,6,512,-0.31996014801425976
63,1.1,rho_minus10pp,5,1,Adjusted_minus_Heston,7,512,-0.34497289410180654
63,1.1,rho_minus10pp,5,5,Heston_minus_BS,0,512,0.1972292416390232
63,1.1,rho_minus10pp,5,5,Heston_minus_BS,1,512,0.2577829885296408
63,1.1,rho_minus10pp,5,5,Heston_minus_BS,2,512,0.258770979173237
63,1.1,rho_minus10pp,5,5,Heston_minus_BS,3,512,0.2548734913625744
63,1.1,rho_minus10pp,5,5,Heston_minus_BS,4,512,0.28161943806715817
63,1.1,rho_minus10pp,5,5,Heston_minus_BS,5,512,0.26764326411909023
63,1.1,rho_minus10pp,5,5,Heston_minus_BS,6,512,0.23883873474009853
63,1.1,rho_minus10pp,5,5,Heston_minus_BS,7,512,0.2673362693980869
63,1.1,rho_minus10pp,5,5,Adjusted_minus_Heston,0,512,-0.2740118351434282
63,1.1,rho_minus10pp,5,5,Adjusted_minus_Heston,1,512,-0.43317018662295514
63,1.1,rho_minus10pp,5,5,Adjusted_minus_Heston,2,512,-0.38518346783566443
63,1.1,rho_minus10pp,5,5,Adjusted_minus_Heston,3,512,-0.3779984409662904
63,1.1,rho_minus10pp,5,5,Adjusted_minus_Heston,4,512,-0.4464557701957125
63,1.1,rho_minus10pp,5,5,Adjusted_minus_Heston,5,512,-0.3993381534382157
63,1.1,rho_minus10pp,5,5,Adjusted_minus_Heston,6,512,-0.34229817732377066
63,1.1,rho_minus10pp,5,5,Adjusted_minus_Heston,7,512,-0.39279078777876414
63,1.1,rho_minus10pp,10,1,Heston_minus_BS,0,512,0.18707672282647925
63,1.1,rho_minus10pp,10,1,Heston_minus_BS,1,512,0.19600135305012556
63,1.1,rho_minus10pp,10,1,Heston_minus_BS,2,512,0.21221253422577718
63,1.1,rho_minus10pp,10,1,Heston_minus_BS,3,512,0.21759713546881845
63,1.1,rho_minus10pp,10,1,Heston_minus_BS,4,512,0.1884973841722712
63,1.1,rho_minus10pp,10,1,Heston_minus_BS,5,512,0.2314458960065923
63,1.1,rho_minus10pp,10,1,Heston_minus_BS,6,512,0.19320049961186203
63,1.1,rho_minus10pp,10,1,Heston_minus_BS,7,512,0.2181454866324366
63,1.1,rho_minus10pp,10,1,Adjusted_minus_Heston,0,512,-0.21624242887399886
63,1.1,rho_minus10pp,10,1,Adjusted_minus_Heston,1,512,-0.2502945894100932
63,1.1,rho_minus10pp,10,1,Adjusted_minus_Heston,2,512,-0.27134531810095636
63,1.1,rho_minus10pp,10,1,Adjusted_minus_Heston,3,512,-0.26752630380677106
63,1.1,rho_minus10pp,10,1,Adjusted_minus_Heston,4,512,-0.19998883507613407
63,1.1,rho_minus10pp,10,1,Adjusted_minus_Heston,5,512,-0.2821911754059323
63,1.1,rho_minus10pp,10,1,Adjusted_minus_Heston,6,512,-0.21873551351409193
63,1.1,rho_minus10pp,10,1,Adjusted_minus_Heston,7,512,-0.2567121314356937
63,1.1,rho_minus10pp,10,5,Heston_minus_BS,0,512,0.1757377375180647
63,1.1,rho_minus10pp,10,5,Heston_minus_BS,1,512,0.23536256478054313
63,1.1,rho_minus10pp,10,5,Heston_minus_BS,2,512,0.2348207796446834
63,1.1,rho_minus10pp,10,5,Heston_minus_BS,3,512,0.22982717726708807
63,1.1,rho_minus10pp,10,5,Heston_minus_BS,4,512,0.25904389558940716
63,1.1,rho_minus10pp,10,5,Heston_minus_BS,5,512,0.23831107882891595
63,1.1,rho_minus10pp,10,5,Heston_minus_BS,6,512,0.21555097343761012
63,1.1,rho_minus10pp,10,5,Heston_minus_BS,7,512,0.2472537361502649
63,1.1,rho_minus10pp,10,5,Adjusted_minus_Heston,0,512,-0.21321291042294127
63,1.1,rho_minus10pp,10,5,Adjusted_minus_Heston,1,512,-0.37205603085177524
63,1.1,rho_minus10pp,10,5,Adjusted_minus_Heston,2,512,-0.31881236286372977
63,1.1,rho_minus10pp,10,5,Adjusted_minus_Heston,3,512,-0.30824121704488777
63,1.1,rho_minus10pp,10,5,Adjusted_minus_Heston,4,512,-0.3820904815979434
63,1.1,rho_minus10pp,10,5,Adjusted_minus_Heston,5,512,-0.3206970469908593
63,1.1,rho_minus10pp,10,5,Adjusted_minus_Heston,6,512,-0.27551046569186055
63,1.1,rho_minus10pp,10,5,Adjusted_minus_Heston,7,512,-0.33294853795393725
63,1.1,rho_plus10pp,0,1,Heston_minus_BS,0,512,0.2040944487528526
63,1.1,rho_plus10pp,0,1,Heston_minus_BS,1,512,0.2122619397644243
63,1.1,rho_plus10pp,0,1,Heston_minus_BS,2,512,0.22860103232698153
63,1.1,rho_plus10pp,0,1,Heston_minus_BS,3,512,0.23980470400150933
63,1.1,rho_plus10pp,0,1,Heston_minus_BS,4,512,0.2033867486104943
63,1.1,rho_plus10pp,0,1,Heston_minus_BS,5,512,0.25190226814930206
63,1.1,rho_plus10pp,0,1,Heston_minus_BS,6,512,0.21072985310608938
63,1.1,rho_plus10pp,0,1,Heston_minus_BS,7,512,0.21980258749676534
63,1.1,rho_plus10pp,0,1,Adjusted_minus_Heston,0,512,-0.3366745866819201
63,1.1,rho_plus10pp,0,1,Adjusted_minus_Heston,1,512,-0.35549318935777496
63,1.1,rho_plus10pp,0,1,Adjusted_minus_Heston,2,512,-0.3895709894372982
63,1.1,rho_plus10pp,0,1,Adjusted_minus_Heston,3,512,-0.4032456151159963
63,1.1,rho_plus10pp,0,1,Adjusted_minus_Heston,4,512,-0.3289936461608126
63,1.1,rho_plus10pp,0,1,Adjusted_minus_Heston,5,512,-0.4271801234151755
63,1.1,rho_plus10pp,0,1,Adjusted_minus_Heston,6,512,-0.35332066202079493
63,1.1,rho_plus10pp,0,1,Adjusted_minus_Heston,7,512,-0.3618296039488668
63,1.1,rho_plus10pp,0,5,Heston_minus_BS,0,512,0.18776968512140557
63,1.1,rho_plus10pp,0,5,Heston_minus_BS,1,512,0.23479045305062168
63,1.1,rho_plus10pp,0,5,Heston_minus_BS,2,512,0.22395832929569404
63,1.1,rho_plus10pp,0,5,Heston_minus_BS,3,512,0.23309400223375587
63,1.1,rho_plus10pp,0,5,Heston_minus_BS,4,512,0.2430678097573795
63,1.1,rho_plus10pp,0,5,Heston_minus_BS,5,512,0.24466141410027534
63,1.1,rho_plus10pp,0,5,Heston_minus_BS,6,512,0.20763720299330662
63,1.1,rho_plus10pp,0,5,Heston_minus_BS,7,512,0.22978998589159177
63,1.1,rho_plus10pp,0,5,Adjusted_minus_Heston,0,512,-0.3004692140975446
63,1.1,rho_plus10pp,0,5,Adjusted_minus_Heston,1,512,-0.40741324200318463
63,1.1,rho_plus10pp,0,5,Adjusted_minus_Heston,2,512,-0.3752188751375509
63,1.1,rho_plus10pp,0,5,Adjusted_minus_Heston,3,512,-0.38434122022882855
63,1.1,rho_plus10pp,0,5,Adjusted_minus_Heston,4,512,-0.41603678120477056
63,1.1,rho_plus10pp,0,5,Adjusted_minus_Heston,5,512,-0.40556860885341917
63,1.1,rho_plus10pp,0,5,Adjusted_minus_Heston,6,512,-0.34327123477550886
63,1.1,rho_plus10pp,0,5,Adjusted_minus_Heston,7,512,-0.37676442454271697
63,1.1,rho_plus10pp,5,1,Heston_minus_BS,0,512,0.17417425684795176
63,1.1,rho_plus10pp,5,1,Heston_minus_BS,1,512,0.1821008110245713
63,1.1,rho_plus10pp,5,1,Heston_minus_BS,2,512,0.19423448757069675
63,1.1,rho_plus10pp,5,1,Heston_minus_BS,3,512,0.20444026913616553
63,1.1,rho_plus10pp,5,1,Heston_minus_BS,4,512,0.17100032818029925
63,1.1,rho_plus10pp,5,1,Heston_minus_BS,5,512,0.21242241143323753
63,1.1,rho_plus10pp,5,1,Heston_minus_BS,6,512,0.1749865616346731
63,1.1,rho_plus10pp,5,1,Heston_minus_BS,7,512,0.18935508461415393
63,1.1,rho_plus10pp,5,1,Adjusted_minus_Heston,0,512,-0.26931333044294536
63,1.1,rho_plus10pp,5,1,Adjusted_minus_Heston,1,512,-0.28732921771257686
63,1.1,rho_plus10pp,5,1,Adjusted_minus_Heston,2,512,-0.3118712898952445
63,1.1,rho_plus10pp,5,1,Adjusted_minus_Heston,3,512,-0.32279035669512524
63,1.1,rho_plus10pp,5,1,Adjusted_minus_Heston,4,512,-0.2551683868617071
63,1.1,rho_plus10pp,5,1,Adjusted_minus_Heston,5,512,-0.338428113884929
63,1.1,rho_plus10pp,5,1,Adjusted_minus_Heston,6,512,-0.27444262254944224
63,1.1,rho_plus10pp,5,1,Adjusted_minus_Heston,7,512,-0.29221594528900185
63,1.1,rho_plus10pp,5,5,Heston_minus_BS,0,512,0.167588200950039
63,1.1,rho_plus10pp,5,5,Heston_minus_BS,1,512,0.21447063268521974
63,1.1,rho_plus10pp,5,5,Heston_minus_BS,2,512,0.2024444339183421
63,1.1,rho_plus10pp,5,5,Heston_minus_BS,3,512,0.21052876730342715
63,1.1,rho_plus10pp,5,5,Heston_minus_BS,4,512,0.22171877342947446
63,1.1,rho_plus10pp,5,5,Heston_minus_BS,5,512,0.21883589847619137
63,1.1,rho_plus10pp,5,5,Heston_minus_BS,6,512,0.18531068474850748
63,1.1,rho_plus10pp,5,5,Heston_minus_BS,7,512,0.2100667468186928
63,1.1,rho_plus10pp,5,5,Adjusted_minus_Heston,0,512,-0.2556716831535282
63,1.1,rho_plus10pp,5,5,Adjusted_minus_Heston,1,512,-0.36248406633733254
63,1.1,rho_plus10pp,5,5,Adjusted_minus_Heston,2,512,-0.32642642458300675
63,1.1,rho_plus10pp,5,5,Adjusted_minus_Heston,3,512,-0.33320986554786286
63,1.1,rho_plus10pp,5,5,Adjusted_minus_Heston,4,512,-0.36850566642498006
63,1.1,rho_plus10pp,5,5,Adjusted_minus_Heston,5,512,-0.34829433684527433
63,1.1,rho_plus10pp,5,5,Adjusted_minus_Heston,6,512,-0.29373276346629773
63,1.1,rho_plus10pp,5,5,Adjusted_minus_Heston,7,512,-0.3321212565684383
63,1.1,rho_plus10pp,10,1,Heston_minus_BS,0,512,0.14707539201528164
63,1.1,rho_plus10pp,10,1,Heston_minus_BS,1,512,0.1546780885987235
63,1.1,rho_plus10pp,10,1,Heston_minus_BS,2,512,0.16249557546627158
63,1.1,rho_plus10pp,10,1,Heston_minus_BS,3,512,0.17179222157194393
63,1.1,rho_plus10pp,10,1,Heston_minus_BS,4,512,0.14158041590604864
63,1.1,rho_plus10pp,10,1,Heston_minus_BS,5,512,0.17579698893035356
63,1.1,rho_plus10pp,10,1,Heston_minus_BS,6,512,0.14229954692652294
63,1.1,rho_plus10pp,10,1,Heston_minus_BS,7,512,0.16172483004727312
63,1.1,rho_plus10pp,10,1,Adjusted_minus_Heston,0,512,-0.20741751448314982
63,1.1,rho_plus10pp,10,1,Adjusted_minus_Heston,1,512,-0.22444487956048653
63,1.1,rho_plus10pp,10,1,Adjusted_minus_Heston,2,512,-0.23913947081941261
63,1.1,rho_plus10pp,10,1,Adjusted_minus_Heston,3,512,-0.24744442933079616
63,1.1,rho_plus10pp,10,1,Adjusted_minus_Heston,4,512,-0.18701477339142458
63,1.1,rho_plus10pp,10,1,Adjusted_minus_Heston,5,512,-0.25505440754767755
63,1.1,rho_plus10pp,10,1,Adjusted_minus_Heston,6,512,-0.20141819500024832
63,1.1,rho_plus10pp,10,1,Adjusted_minus_Heston,7,512,-0.22803700022942236
63,1.1,rho_plus10pp,10,5,Heston_minus_BS,0,512,0.14823411946641515
63,1.1,rho_plus10pp,10,5,Heston_minus_BS,1,512,0.19494549950787302
63,1.1,rho_plus10pp,10,5,Heston_minus_BS,2,512,0.18173941560037915
63,1.1,rho_plus10pp,10,5,Heston_minus_BS,3,512,0.1888086515521627
63,1.1,rho_plus10pp,10,5,Heston_minus_BS,4,512,0.20123661459248954
63,1.1,rho_plus10pp,10,5,Heston_minus_BS,5,512,0.19383224981238945
63,1.1,rho_plus10pp,10,5,Heston_minus_BS,6,512,0.16390561885931595
63,1.1,rho_plus10pp,10,5,Heston_minus_BS,7,512,0.19120146384648556
63,1.1,rho_plus10pp,10,5,Adjusted_minus_Heston,0,512,-0.21250658149430768
63,1.1,rho_plus10pp,10,5,Adjusted_minus_Heston,1,512,-0.3191272076556173
63,1.1,rho_plus10pp,10,5,Adjusted_minus_Heston,2,512,-0.2791942160384443
63,1.1,rho_plus10pp,10,5,Adjusted_minus_Heston,3,512,-0.2836957736693051
63,1.1,rho_plus10pp,10,5,Adjusted_minus_Heston,4,512,-0.3226634434345933
63,1.1,rho_plus10pp,10,5,Adjusted_minus_Heston,5,512,-0.2926185636652577
63,1.1,rho_plus10pp,10,5,Adjusted_minus_Heston,6,512,-0.24597436669104195
63,1.1,rho_plus10pp,10,5,Adjusted_minus_Heston,7,512,-0.28916115466743675
252,0.9,reference,0,1,Heston_minus_BS,0,512,1.1411909129533349
252,0.9,reference,0,1,Heston_minus_BS,1,512,1.2312377877995764
252,0.9,reference,0,1,Heston_minus_BS,2,512,1.2953391838806474
252,0.9,reference,0,1,Heston_minus_BS,3,512,1.3598754796496388
252,0.9,reference,0,1,Heston_minus_BS,4,512,1.23370087202223
252,0.9,reference,0,1,Heston_minus_BS,5,512,1.2590781361936538
252,0.9,reference,0,1,Heston_minus_BS,6,512,1.115366487607324
252,0.9,reference,0,1,Heston_minus_BS,7,512,1.3336849216178492
252,0.9,reference,0,1,Adjusted_minus_Heston,0,512,-1.4307222201985164
252,0.9,reference,0,1,Adjusted_minus_Heston,1,512,-1.5264968378241461
252,0.9,reference,0,1,Adjusted_minus_Heston,2,512,-1.70015974392019
252,0.9,reference,0,1,Adjusted_minus_Heston,3,512,-1.6854650211807325
252,0.9,reference,0,1,Adjusted_minus_Heston,4,512,-1.5617801703918144
252,0.9,reference,0,1,Adjusted_minus_Heston,5,512,-1.5700029259841466
252,0.9,reference,0,1,Adjusted_minus_Heston,6,512,-1.351563716805663
252,0.9,reference,0,1,Adjusted_minus_Heston,7,512,-1.572337807116067
252,0.9,reference,0,5,Heston_minus_BS,0,512,1.1558941339148916
252,0.9,reference,0,5,Heston_minus_BS,1,512,1.318936275676172
252,0.9,reference,0,5,Heston_minus_BS,2,512,1.351212101089747
252,0.9,reference,0,5,Heston_minus_BS,3,512,1.4930645652891066
252,0.9,reference,0,5,Heston_minus_BS,4,512,1.2616718228434602
252,0.9,reference,0,5,Heston_minus_BS,5,512,1.2280360707998597
252,0.9,reference,0,5,Heston_minus_BS,6,512,1.0843733821948405
252,0.9,reference,0,5,Heston_minus_BS,7,512,1.395803506449155
252,0.9,reference,0,5,Adjusted_minus_Heston,0,512,-1.4596940380234291
252,0.9,reference,0,5,Adjusted_minus_Heston,1,512,-1.65820084640084
252,0.9,reference,0,5,Adjusted_minus_Heston,2,512,-1.7589386158660782
252,0.9,reference,0,5,Adjusted_minus_Heston,3,512,-1.8828676179118544
252,0.9,reference,0,5,Adjusted_minus_Heston,4,512,-1.5570608897639686
252,0.9,reference,0,5,Adjusted_minus_Heston,5,512,-1.5310326024216647
252,0.9,reference,0,5,Adjusted_minus_Heston,6,512,-1.3118955919549293
252,0.9,reference,0,5,Adjusted_minus_Heston,7,512,-1.6608100903941525
252,0.9,reference,5,1,Heston_minus_BS,0,512,1.0755370283565473
252,0.9,reference,5,1,Heston_minus_BS,1,512,1.1931845567106172
252,0.9,reference,5,1,Heston_minus_BS,2,512,1.2580441477628155
252,0.9,reference,5,1,Heston_minus_BS,3,512,1.339204257064432
252,0.9,reference,5,1,Heston_minus_BS,4,512,1.1686780268122277
252,0.9,reference,5,1,Heston_minus_BS,5,512,1.216534371203903
252,0.9,reference,5,1,Heston_minus_BS,6,512,1.039877061140079
252,0.9,reference,5,1,Heston_minus_BS,7,512,1.3187205513930886
252,0.9,reference,5,1,Adjusted_minus_Heston,0,512,-1.2970099959694488
252,0.9,reference,5,1,Adjusted_minus_Heston,1,512,-1.433127575089363
252,0.9,reference,5,1,Adjusted_minus_Heston,2,512,-1.6083489304506757
252,0.9,reference,5,1,Adjusted_minus_Heston,3,512,-1.623075065278265
252,0.9,reference,5,1,Adjusted_minus_Heston,4,512,-1.4273696561009406
252,0.9,reference,5,1,Adjusted_minus_Heston,5,512,-1.4712905590947694
252,0.9,reference,5,1,Adjusted_minus_Heston,6,512,-1.2064877708531325
252,0.9,reference,5,1,Adjusted_minus_Heston,7,512,-1.518832143182567
252,0.9,reference,5,5,Heston_minus_BS,0,512,1.081216437037163
252,0.9,reference,5,5,Heston_minus_BS,1,512,1.2626417684252582
252,0.9,reference,5,5,Heston_minus_BS,2,512,1.2941861099905836
252,0.9,reference,5,5,Heston_minus_BS,3,512,1.447881305817294
252,0.9,reference,5,5,Heston_minus_BS,4,512,1.1879450394992483
252,0.9,reference,5,5,Heston_minus_BS,5,512,1.1648066408344342
252,0.9,reference,5,5,Heston_minus_BS,6,512,1.0035618484329483
252,0.9,reference,5,5,Heston_minus_BS,7,512,1.349210674347716
252,0.9,reference,5,5,Adjusted_minus_Heston,0,512,-1.3282995689431476
252,0.9,reference,5,5,Adjusted_minus_Heston,1,512,-1.5530005672296627
252,0.9,reference,5,5,Adjusted_minus_Heston,2,512,-1.65304363394631
252,0.9,reference,5,5,Adjusted_minus_Heston,3,512,-1.7985646361151872
252,0.9,reference,5,5,Adjusted_minus_Heston,4,512,-1.425784799241983
252,0.9,reference,5,5,Adjusted_minus_Heston,5,512,-1.4181521470487413
252,0.9,reference,5,5,Adjusted_minus_Heston,6,512,-1.1746927341044078
252,0.9,reference,5,5,Adjusted_minus_Heston,7,512,-1.5739674417653702
252,0.9,reference,10,1,Heston_minus_BS,0,512,1.0031202936002694
252,0.9,reference,10,1,Heston_minus_BS,1,512,1.1491617156145573
252,0.9,reference,10,1,Heston_minus_BS,2,512,1.2146021802615465
252,0.9,reference,10,1,Heston_minus_BS,3,512,1.3128116062308228
252,0.9,reference,10,1,Heston_minus_BS,4,512,1.0970947152348245
252,0.9,reference,10,1,Heston_minus_BS,5,512,1.1680547945554403
252,0.9,reference,10,1,Heston_minus_BS,6,512,0.9576765675724122
252,0.9,reference,10,1,Heston_minus_BS,7,512,1.2982625964121794
252,0.9,reference,10,1,Adjusted_minus_Heston,0,512,-1.1523848531222496
252,0.9,reference,10,1,Adjusted_minus_Heston,1,512,-1.329903597948293
252,0.9,reference,10,1,Adjusted_minus_Heston,2,512,-1.5063330355689764
252,0.9,reference,10,1,Adjusted_minus_Heston,3,512,-1.5511022530815441
252,0.9,reference,10,1,Adjusted_minus_Heston,4,512,-1.2823437813129017
252,0.9,reference,10,1,Adjusted_minus_Heston,5,512,-1.3629630833013986
252,0.9,reference,10,1,Adjusted_minus_Heston,6,512,-1.0506274029678724
252,0.9,reference,10,1,Adjusted_minus_Heston,7,512,-1.4561773567935559
252,0.9,reference,10,5,Heston_minus_BS,0,512,1.0051894855629713
252,0.9,reference,10,5,Heston_minus_BS,1,512,1.205263085672307
252,0.9,reference,10,5,Heston_minus_BS,2,512,1.2359665771947508
252,0.9,reference,10,5,Heston_minus_BS,3,512,1.4016401117682187
252,0.9,reference,10,5,Heston_minus_BS,4,512,1.1129363000029053
252,0.9,reference,10,5,Heston_minus_BS,5,512,1.1004076818336976
252,0.9,reference,10,5,Heston_minus_BS,6,512,0.921454464851571
252,0.9,reference,10,5,Heston_minus_BS,7,512,1.301543648903345
252,0.9,reference,10,5,Adjusted_minus_Heston,0,512,-1.1945566911120942
252,0.9,reference,10,5,Adjusted_minus_Heston,1,512,-1.4458466143867736
252,0.9,reference,10,5,Adjusted_minus_Heston,2,512,-1.5449803177935144
252,0.9,reference,10,5,Adjusted_minus_Heston,3,512,-1.7122885004800605
252,0.9,reference,10,5,Adjusted_minus_Heston,4,512,-1.2922432893844298
252,0.9,reference,10,5,Adjusted_minus_Heston,5,512,-1.3031929181595348
252,0.9,reference,10,5,Adjusted_minus_Heston,6,512,-1.035273249343867
252,0.9,reference,10,5,Adjusted_minus_Heston,7,512,-1.4851761653292637
252,0.9,kappa_minus20,0,1,Heston_minus_BS,0,512,1.3655302334831545
252,0.9,kappa_minus20,0,1,Heston_minus_BS,1,512,1.4778680771776518
252,0.9,kappa_minus20,0,1,Heston_minus_BS,2,512,1.5365694079977898
252,0.9,kappa_minus20,0,1,Heston_minus_BS,3,512,1.6076014123200852
252,0.9,kappa_minus20,0,1,Heston_minus_BS,4,512,1.4832672358391394
252,0.9,kappa_minus20,0,1,Heston_minus_BS,5,512,1.499519574748288
252,0.9,kappa_minus20,0,1,Heston_minus_BS,6,512,1.3362832292012476
252,0.9,kappa_minus20,0,1,Heston_minus_BS,7,512,1.597587454903966
252,0.9,kappa_minus20,0,1,Adjusted_minus_Heston,0,512,-1.6426413645053368
252,0.9,kappa_minus20,0,1,Adjusted_minus_Heston,1,512,-1.7628834691802944
252,0.9,kappa_minus20,0,1,Adjusted_minus_Heston,2,512,-1.95914969194407
252,0.9,kappa_minus20,0,1,Adjusted_minus_Heston,3,512,-1.940756752141667
252,0.9,kappa_minus20,0,1,Adjusted_minus_Heston,4,512,-1.801732781362411
252,0.9,kappa_minus20,0,1,Adjusted_minus_Heston,5,512,-1.8030352816624318
252,0.9,kappa_minus20,0,1,Adjusted_minus_Heston,6,512,-1.5655701485640117
252,0.9,kappa_minus20,0,1,Adjusted_minus_Heston,7,512,-1.8188678224186066
252,0.9,kappa_minus20,0,5,Heston_minus_BS,0,512,1.3857624676593214
252,0.9,kappa_minus20,0,5,Heston_minus_BS,1,512,1.5799613829732087
252,0.9,kappa_minus20,0,5,Heston_minus_BS,2,512,1.6114212349853123
252,0.9,kappa_minus20,0,5,Heston_minus_BS,3,512,1.7479218031225967
252,0.9,kappa_minus20,0,5,Heston_minus_BS,4,512,1.525032134865286
252,0.9,kappa_minus20,0,5,Heston_minus_BS,5,512,1.4702824942166786
252,0.9,kappa_minus20,0,5,Heston_minus_BS,6,512,1.3053821287296605
252,0.9,kappa_minus20,0,5,Heston_minus_BS,7,512,1.6807588937063216
252,0.9,kappa_minus20,0,5,Adjusted_minus_Heston,0,512,-1.676427440926983
252,0.9,kappa_minus20,0,5,Adjusted_minus_Heston,1,512,-1.9082177304602488
252,0.9,kappa_minus20,0,5,Adjusted_minus_Heston,2,512,-2.0261952890277883
252,0.9,kappa_minus20,0,5,Adjusted_minus_Heston,3,512,-2.1580415791215235
252,0.9,kappa_minus20,0,5,Adjusted_minus_Heston,4,512,-1.8078565205295076
252,0.9,kappa_minus20,0,5,Adjusted_minus_Heston,5,512,-1.7613246410485712
252,0.9,kappa_minus20,0,5,Adjusted_minus_Heston,6,512,-1.5243029880553634
252,0.9,kappa_minus20,0,5,Adjusted_minus_Heston,7,512,-1.9224329722455546
252,0.9,kappa_minus20,5,1,Heston_minus_BS,0,512,1.2860286414611477
252,0.9,kappa_minus20,5,1,Heston_minus_BS,1,512,1.4293223316515644
252,0.9,kappa_minus20,5,1,Heston_minus_BS,2,512,1.4890773516559408
252,0.9,kappa_minus20,5,1,Heston_minus_BS,3,512,1.5806336188227275
252,0.9,kappa_minus20,5,1,Heston_minus_BS,4,512,1.4031199105884675
252,0.9,kappa_minus20,5,1,Heston_minus_BS,5,512,1.4429262412279482
252,0.9,kappa_minus20,5,1,Heston_minus_BS,6,512,1.243178218253046
252,0.9,kappa_minus20,5,1,Heston_minus_BS,7,512,1.5719185137703473
252,0.9,kappa_minus20,5,1,Adjusted_minus_Heston,0,512,-1.4895086063907215
252,0.9,kappa_minus20,5,1,Adjusted_minus_Heston,1,512,-1.6575804065172375
252,0.9,kappa_minus20,5,1,Adjusted_minus_Heston,2,512,-1.8531224439981426
252,0.9,kappa_minus20,5,1,Adjusted_minus_Heston,3,512,-1.8693142751744705
252,0.9,kappa_minus20,5,1,Adjusted_minus_Heston,4,512,-1.6490307539564264
252,0.9,kappa_minus20,5,1,Adjusted_minus_Heston,5,512,-1.6891891396192988
252,0.9,kappa_minus20,5,1,Adjusted_minus_Heston,6,512,-1.3972214733732307
252,0.9,kappa_minus20,5,1,Adjusted_minus_Heston,7,512,-1.7560484881557832
252,0.9,kappa_minus20,5,5,Heston_minus_BS,0,512,1.2999574176268127
252,0.9,kappa_minus20,5,5,Heston_minus_BS,1,512,1.5143013089338204
252,0.9,kappa_minus20,5,5,Heston_minus_BS,2,512,1.54550470207854
252,0.9,kappa_minus20,5,5,Heston_minus_BS,3,512,1.6951696077634466
252,0.9,kappa_minus20,5,5,Heston_minus_BS,4,512,1.4392308019617261
252,0.9,kappa_minus20,5,5,Heston_minus_BS,5,512,1.3944377328596311
252,0.9,kappa_minus20,5,5,Heston_minus_BS,6,512,1.2110842931510861
252,0.9,kappa_minus20,5,5,Heston_minus_BS,7,512,1.6242720659076588
252,0.9,kappa_minus20,5,5,Adjusted_minus_Heston,0,512,-1.5270224531680412
252,0.9,kappa_minus20,5,5,Adjusted_minus_Heston,1,512,-1.7895975427399846
252,0.9,kappa_minus20,5,5,Adjusted_minus_Heston,2,512,-1.9054812740524447
252,0.9,kappa_minus20,5,5,Adjusted_minus_Heston,3,512,-2.0616996016724625
252,0.9,kappa_minus20,5,5,Adjusted_minus_Heston,4,512,-1.659298042496876
252,0.9,kappa_minus20,5,5,Adjusted_minus_Heston,5,512,-1.632171897716466
252,0.9,kappa_minus20,5,5,Adjusted_minus_Heston,6,512,-1.3668400610582974
252,0.9,kappa_minus20,5,5,Adjusted_minus_Heston,7,512,-1.822959490418848
252,0.9,kappa_minus20,10,1,Heston_minus_BS,0,512,1.202561902146078
252,0.9,kappa_minus20,10,1,Heston_minus_BS,1,512,1.3778400731582927
252,0.9,kappa_minus20,10,1,Heston_minus_BS,2,512,1.4384890054265553
252,0.9,kappa_minus20,10,1,Heston_minus_BS,3,512,1.5509076983868701
252,0.9,kappa_minus20,10,1,Heston_minus_BS,4,512,1.3193079692905907
252,0.9,kappa_minus20,10,1,Heston_minus_BS,5,512,1.3832881615202708
252,0.9,kappa_minus20,10,1,Heston_minus_BS,6,512,1.145969321115563
252,0.9,kappa_minus20,10,1,Heston_minus_BS,7,512,1.54360729931147
252,0.9,kappa_minus20,10,1,Adjusted_minus_Heston,0,512,-1.3247513781569156
252,0.9,kappa_minus20,10,1,Adjusted_minus_Heston,1,512,-1.541837607025375
252,0.9,kappa_minus20,10,1,Adjusted_minus_Heston,2,512,-1.7362618910337453
252,0.9,kappa_minus20,10,1,Adjusted_minus_Heston,3,512,-1.7877208972621794
252,0.9,kappa_minus20,10,1,Adjusted_minus_Heston,4,512,-1.4850285017099245
252,0.9,kappa_minus20,10,1,Adjusted_minus_Heston,5,512,-1.56510431089013
252,0.9,kappa_minus20,10,1,Adjusted_minus_Heston,6,512,-1.2173485185871362
252,0.9,kappa_minus20,10,1,Adjusted_minus_Heston,7,512,-1.6835134340950304
252,0.9,kappa_minus20,10,5,Heston_minus_BS,0,512,1.213646443465727
252,0.9,kappa_minus20,10,5,Heston_minus_BS,1,512,1.4484412150714783
252,0.9,kappa_minus20,10,5,Heston_minus_BS,2,512,1.479280842883947
252,0.9,kappa_minus20,10,5,Heston_minus_BS,3,512,1.642218763737373
252,0.9,kappa_minus20,10,5,Heston_minus_BS,4,512,1.3530067976207905
252,0.9,kappa_minus20,10,5,Heston_minus_BS,5,512,1.3182573090670735
252,0.9,kappa_minus20,10,5,Heston_minus_BS,6,512,1.1162810113042563
252,0.9,kappa_minus20,10,5,Heston_minus_BS,7,512,1.5675556530808947
252,0.9,kappa_minus20,10,5,Adjusted_minus_Heston,0,512,-1.3752396672910217
252,0.9,kappa_minus20,10,5,Adjusted_minus_Heston,1,512,-1.669046107557772
252,0.9,kappa_minus20,10,5,Adjusted_minus_Heston,2,512,-1.7825861383150339
252,0.9,kappa_minus20,10,5,Adjusted_minus_Heston,3,512,-1.9633822134693892
252,0.9,kappa_minus20,10,5,Adjusted_minus_Heston,4,512,-1.5084552128617483
252,0.9,kappa_minus20,10,5,Adjusted_minus_Heston,5,512,-1.5009189329479322
252,0.9,kappa_minus20,10,5,Adjusted_minus_Heston,6,512,-1.20713804048167
252,0.9,kappa_minus20,10,5,Adjusted_minus_Heston,7,512,-1.7215353658287387
252,0.9,kappa_plus20,0,1,Heston_minus_BS,0,512,0.9779849940255907
252,0.9,kappa_plus20,0,1,Heston_minus_BS,1,512,1.0525349506037285
252,0.9,kappa_plus20,0,1,Heston_minus_BS,2,512,1.1166889685834984
252,0.9,kappa_plus20,0,1,Heston_minus_BS,3,512,1.1801377292710624
252,0.9,kappa_plus20,0,1,Heston_minus_BS,4,512,1.0503883881793326
252,0.9,kappa_plus20,0,1,Heston_minus_BS,5,512,1.0849979919002375
252,0.9,kappa_plus20,0,1,Heston_minus_BS,6,512,0.9541885918158566
252,0.9,kappa_plus20,0,1,Heston_minus_BS,7,512,1.140413218448933
252,0.9,kappa_plus20,0,1,Adjusted_minus_Heston,0,512,-1.264832145280296
252,0.9,kappa_plus20,0,1,Adjusted_minus_Heston,1,512,-1.3437063880308964
252,0.9,kappa_plus20,0,1,Adjusted_minus_Heston,2,512,-1.4982241172817359
252,0.9,kappa_plus20,0,1,Adjusted_minus_Heston,3,512,-1.485402266844705
252,0.9,kappa_plus20,0,1,Adjusted_minus_Heston,4,512,-1.3762004874005713
252,0.9,kappa_plus20,0,1,Adjusted_minus_Heston,5,512,-1.3889432787333096
252,0.9,kappa_plus20,0,1,Adjusted_minus_Heston,6,512,-1.1848309162086328
252,0.9,kappa_plus20,0,1,Adjusted_minus_Heston,7,512,-1.381500535704715
252,0.9,kappa_plus20,0,5,Heston_minus_BS,0,512,0.988245161455957
252,0.9,kappa_plus20,0,5,Heston_minus_BS,1,512,1.1293232626674707
252,0.9,kappa_plus20,0,5,Heston_minus_BS,2,512,1.157237166788871
252,0.9,kappa_plus20,0,5,Heston_minus_BS,3,512,1.308327436380933
252,0.9,kappa_plus20,0,5,Heston_minus_BS,4,512,1.0688399014280412
252,0.9,kappa_plus20,0,5,Heston_minus_BS,5,512,1.0538527534317401
252,0.9,kappa_plus20,0,5,Heston_minus_BS,6,512,0.9233135381875495
252,0.9,kappa_plus20,0,5,Heston_minus_BS,7,512,1.1870720782229136
252,0.9,kappa_plus20,0,5,Adjusted_minus_Heston,0,512,-1.2900262703240415
252,0.9,kappa_plus20,0,5,Adjusted_minus_Heston,1,512,-1.4645961149196625
252,0.9,kappa_plus20,0,5,Adjusted_minus_Heston,2,512,-1.5503397935639098
252,0.9,kappa_plus20,0,5,Adjusted_minus_Heston,3,512,-1.6667101402802025
252,0.9,kappa_plus20,0,5,Adjusted_minus_Heston,4,512,-1.3646910999002224
252,0.9,kappa_plus20,0,5,Adjusted_minus_Heston,5,512,-1.353252376597491
252,0.9,kappa_plus20,0,5,Adjusted_minus_Heston,6,512,-1.147710216746885
252,0.9,kappa_plus20,0,5,Adjusted_minus_Heston,7,512,-1.4589667798573127
252,0.9,kappa_plus20,5,1,Heston_minus_BS,0,512,0.9232410179314334
252,0.9,kappa_plus20,5,1,Heston_minus_BS,1,512,1.0229821566058073
252,0.9,kappa_plus20,5,1,Heston_minus_BS,2,512,1.0875597147294773
252,0.9,kappa_plus20,5,1,Heston_minus_BS,3,512,1.1645991878255875
252,0.9,kappa_plus20,5,1,Heston_minus_BS,4,512,0.9975398947338082
252,0.9,kappa_plus20,5,1,Heston_minus_BS,5,512,1.0536795748167105
252,0.9,kappa_plus20,5,1,Heston_minus_BS,6,512,0.8926300471669348
252,0.9,kappa_plus20,5,1,Heston_minus_BS,7,512,1.1339783132199637
252,0.9,kappa_plus20,5,1,Adjusted_minus_Heston,0,512,-1.1463881846790065
252,0.9,kappa_plus20,5,1,Adjusted_minus_Heston,1,512,-1.259990262912341
252,0.9,kappa_plus20,5,1,Adjusted_minus_Heston,2,512,-1.4175257098689018
252,0.9,kappa_plus20,5,1,Adjusted_minus_Heston,3,512,-1.4301869182961933
252,0.9,kappa_plus20,5,1,Adjusted_minus_Heston,4,512,-1.256220721414187
252,0.9,kappa_plus20,5,1,Adjusted_minus_Heston,5,512,-1.302099752521389
252,0.9,kappa_plus20,5,1,Adjusted_minus_Heston,6,512,-1.0578979676029658
252,0.9,kappa_plus20,5,1,Adjusted_minus_Heston,7,512,-1.3350615971877748
252,0.9,kappa_plus20,5,5,Heston_minus_BS,0,512,0.9224055966565039
252,0.9,kappa_plus20,5,5,Heston_minus_BS,1,512,1.080686252603022
252,0.9,kappa_plus20,5,5,Heston_minus_BS,2,512,1.107370105298068
252,0.9,kappa_plus20,5,5,Heston_minus_BS,3,512,1.2692710109572398
252,0.9,kappa_plus20,5,5,Heston_minus_BS,4,512,1.0048920231667724
252,0.9,kappa_plus20,5,5,Heston_minus_BS,5,512,1.0006841794829548
252,0.9,kappa_plus20,5,5,Heston_minus_BS,6,512,0.8533006106451958
252,0.9,kappa_plus20,5,5,Heston_minus_BS,7,512,1.1483916627165238
252,0.9,kappa_plus20,5,5,Adjusted_minus_Heston,0,512,-1.1730039794817335
252,0.9,kappa_plus20,5,5,Adjusted_minus_Heston,1,512,-1.3703151954233999
252,0.9,kappa_plus20,5,5,Adjusted_minus_Heston,2,512,-1.4562018083162238
252,0.9,kappa_plus20,5,5,Adjusted_minus_Heston,3,512,-1.592004068040576
252,0.9,kappa_plus20,5,5,Adjusted_minus_Heston,4,512,-1.2472566850641806
252,0.9,kappa_plus20,5,5,Adjusted_minus_Heston,5,512,-1.2532893213483312
252,0.9,kappa_plus20,5,5,Adjusted_minus_Heston,6,512,-1.0265663919676915
252,0.9,kappa_plus20,5,5,Adjusted_minus_Heston,7,512,-1.3820722362576756
252,0.9,kappa_plus20,10,1,Heston_minus_BS,0,512,0.8597024843477423
252,0.9,kappa_plus20,10,1,Heston_minus_BS,1,512,0.9852502414636073
252,0.9,kappa_plus20,10,1,Heston_minus_BS,2,512,1.0500696871308617
252,0.9,kappa_plus20,10,1,Heston_minus_BS,3,512,1.1411889255536087
252,0.9,kappa_plus20,10,1,Heston_minus_BS,4,512,0.9360349742383811
252,0.9,kappa_plus20,10,1,Heston_minus_BS,5,512,1.0143237590417429
252,0.9,kappa_plus20,10,1,Heston_minus_BS,6,512,0.8224785068009794
252,0.9,kappa_plus20,10,1,Heston_minus_BS,7,512,1.1199837967995876
252,0.9,kappa_plus20,10,1,Adjusted_minus_Heston,0,512,-1.0177066659056089
252,0.9,kappa_plus20,10,1,Adjusted_minus_Heston,1,512,-1.1669890433575314
252,0.9,kappa_plus20,10,1,Adjusted_minus_Heston,2,512,-1.3272329926825426
252,0.9,kappa_plus20,10,1,Adjusted_minus_Heston,3,512,-1.3659451021818345
252,0.9,kappa_plus20,10,1,Adjusted_minus_Heston,4,512,-1.1262907498882027
252,0.9,kappa_plus20,10,1,Adjusted_minus_Heston,5,512,-1.2062451107804861
252,0.9,kappa_plus20,10,1,Adjusted_minus_Heston,6,512,-0.9208733648667079
252,0.9,kappa_plus20,10,1,Adjusted_minus_Heston,7,512,-1.2800283236303782
252,0.9,kappa_plus20,10,5,Heston_minus_BS,0,512,0.854607709137245
252,0.9,kappa_plus20,10,5,Heston_minus_BS,1,512,1.0303184767080886
252,0.9,kappa_plus20,10,5,Heston_minus_BS,2,512,1.055671678632879
252,0.9,kappa_plus20,10,5,Heston_minus_BS,3,512,1.2285349057251054
252,0.9,kappa_plus20,10,5,Heston_minus_BS,4,512,0.9390409549502536
252,0.9,kappa_plus20,10,5,Heston_minus_BS,5,512,0.9457412538051724
252,0.9,kappa_plus20,10,5,Heston_minus_BS,6,512,0.7814200180888305
252,0.9,kappa_plus20,10,5,Heston_minus_BS,7,512,1.108021256284037
252,0.9,kappa_plus20,10,5,Adjusted_minus_Heston,0,512,-1.0537033550608483
252,0.9,kappa_plus20,10,5,Adjusted_minus_Heston,1,512,-1.274102059262994
252,0.9,kappa_plus20,10,5,Adjusted_minus_Heston,2,512,-1.3599535320489924
252,0.9,kappa_plus20,10,5,Adjusted_minus_Heston,3,512,-1.5153676062821004
252,0.9,kappa_plus20,10,5,Adjusted_minus_Heston,4,512,-1.1276155029744075
252,0.9,kappa_plus20,10,5,Adjusted_minus_Heston,5,512,-1.1513076562627744
252,0.9,kappa_plus20,10,5,Adjusted_minus_Heston,6,512,-0.9032652180704458
252,0.9,kappa_plus20,10,5,Adjusted_minus_Heston,7,512,-1.3032726099610794
252,0.9,theta_minus20,0,1,Heston_minus_BS,0,512,1.3585614374195183
252,0.9,theta_minus20,0,1,Heston_minus_BS,1,512,1.5256987208322272
252,0.9,theta_minus20,0,1,Heston_minus_BS,2,512,1.5455685098925356
252,0.9,theta_minus20,0,1,Heston_minus_BS,3,512,1.622983135051951
252,0.9,theta_minus20,0,1,Heston_minus_BS,4,512,1.5189225286244266
252,0.9,theta_minus20,0,1,Heston_minus_BS,5,512,1.5552923370575567
252,0.9,theta_minus20,0,1,Heston_minus_BS,6,512,1.4074928622346985
252,0.9,theta_minus20,0,1,Heston_minus_BS,7,512,1.6662046664291796
252,0.9,theta_minus20,0,1,Adjusted_minus_Heston,0,512,-1.73404663270991
252,0.9,theta_minus20,0,1,Adjusted_minus_Heston,1,512,-1.8487674381750914
252,0.9,theta_minus20,0,1,Adjusted_minus_Heston,2,512,-2.026272153906479
252,0.9,theta_minus20,0,1,Adjusted_minus_Heston,3,512,-2.001414606187561
252,0.9,theta_minus20,0,1,Adjusted_minus_Heston,4,512,-1.8973634918149058
252,0.9,theta_minus20,0,1,Adjusted_minus_Heston,5,512,-1.915550962743696
252,0.9,theta_minus20,0,1,Adjusted_minus_Heston,6,512,-1.6967591221348286
252,0.9,theta_minus20,0,1,Adjusted_minus_Heston,7,512,-1.9175482160100104
252,0.9,theta_minus20,0,5,Heston_minus_BS,0,512,1.3719315489124442
252,0.9,theta_minus20,0,5,Heston_minus_BS,1,512,1.6530426577440371
252,0.9,theta_minus20,0,5,Heston_minus_BS,2,512,1.6342303001338805
252,0.9,theta_minus20,0,5,Heston_minus_BS,3,512,1.7909715217902729
252,0.9,theta_minus20,0,5,Heston_minus_BS,4,512,1.5716818950633673
252,0.9,theta_minus20,0,5,Heston_minus_BS,5,512,1.528311481911533
252,0.9,theta_minus20,0,5,Heston_minus_BS,6,512,1.3663127802730652
252,0.9,theta_minus20,0,5,Heston_minus_BS,7,512,1.7650467889755341
252,0.9,theta_minus20,0,5,Adjusted_minus_Heston,0,512,-1.7843524646068147
252,0.9,theta_minus20,0,5,Adjusted_minus_Heston,1,512,-1.9969092302061517
252,0.9,theta_minus20,0,5,Adjusted_minus_Heston,2,512,-2.0915625557888724
252,0.9,theta_minus20,0,5,Adjusted_minus_Heston,3,512,-2.218770127525195
252,0.9,theta_minus20,0,5,Adjusted_minus_Heston,4,512,-1.9063471205232223
252,0.9,theta_minus20,0,5,Adjusted_minus_Heston,5,512,-1.8820220371464247
252,0.9,theta_minus20,0,5,Adjusted_minus_Heston,6,512,-1.6711145388563053
252,0.9,theta_minus20,0,5,Adjusted_minus_Heston,7,512,-2.0181860829051175
252,0.9,theta_minus20,5,1,Heston_minus_BS,0,512,1.283257774169781
252,0.9,theta_minus20,5,1,Heston_minus_BS,1,512,1.4844062801302464
252,0.9,theta_minus20,5,1,Heston_minus_BS,2,512,1.5075565985502157
252,0.9,theta_minus20,5,1,Heston_minus_BS,3,512,1.603766565630636
252,0.9,theta_minus20,5,1,Heston_minus_BS,4,512,1.4452667533645214
252,0.9,theta_minus20,5,1,Heston_minus_BS,5,512,1.5041852443036186
252,0.9,theta_minus20,5,1,Heston_minus_BS,6,512,1.3185452864589453
252,0.9,theta_minus20,5,1,Heston_minus_BS,7,512,1.6511948027091818
252,0.9,theta_minus20,5,1,Adjusted_minus_Heston,0,512,-1.5991164720258815
252,0.9,theta_minus20,5,1,Adjusted_minus_Heston,1,512,-1.7588945825369147
252,0.9,theta_minus20,5,1,Adjusted_minus_Heston,2,512,-1.936366571475316
252,0.9,theta_minus20,5,1,Adjusted_minus_Heston,3,512,-1.9437919024783947
252,0.9,theta_minus20,5,1,Adjusted_minus_Heston,4,512,-1.764341749150793
252,0.9,theta_minus20,5,1,Adjusted_minus_Heston,5,512,-1.820588528838206
252,0.9,theta_minus20,5,1,Adjusted_minus_Heston,6,512,-1.5498452212869123
252,0.9,theta_minus20,5,1,Adjusted_minus_Heston,7,512,-1.8703821890434273
252,0.9,theta_minus20,5,5,Heston_minus_BS,0,512,1.2845496926997586
252,0.9,theta_minus20,5,5,Heston_minus_BS,1,512,1.5893127161267666
252,0.9,theta_minus20,5,5,Heston_minus_BS,2,512,1.5715975496703016
252,0.9,theta_minus20,5,5,Heston_minus_BS,3,512,1.7396851464426804
252,0.9,theta_minus20,5,5,Heston_minus_BS,4,512,1.4865830919019287
252,0.9,theta_minus20,5,5,Heston_minus_BS,5,512,1.4505266748625414
252,0.9,theta_minus20,5,5,Heston_minus_BS,6,512,1.2700708387354411
252,0.9,theta_minus20,5,5,Heston_minus_BS,7,512,1.710711130051271
252,0.9,theta_minus20,5,5,Adjusted_minus_Heston,0,512,-1.6499098301126565
252,0.9,theta_minus20,5,5,Adjusted_minus_Heston,1,512,-1.8912098322990754
252,0.9,theta_minus20,5,5,Adjusted_minus_Heston,2,512,-1.9839623954749666
252,0.9,theta_minus20,5,5,Adjusted_minus_Heston,3,512,-2.134383448872493
252,0.9,theta_minus20,5,5,Adjusted_minus_Heston,4,512,-1.7732604473551516
252,0.9,theta_minus20,5,5,Adjusted_minus_Heston,5,512,-1.768355570382454
252,0.9,theta_minus20,5,5,Adjusted_minus_Heston,6,512,-1.53063758590107
252,0.9,theta_minus20,5,5,Adjusted_minus_Heston,7,512,-1.9317127721227934
252,0.9,theta_minus20,10,1,Heston_minus_BS,0,512,1.2081221725745013
252,0.9,theta_minus20,10,1,Heston_minus_BS,1,512,1.4445241545095127
252,0.9,theta_minus20,10,1,Heston_minus_BS,2,512,1.4709007121879771
252,0.9,theta_minus20,10,1,Heston_minus_BS,3,512,1.586220863869181
252,0.9,theta_minus20,10,1,Heston_minus_BS,4,512,1.372139157533508
252,0.9,theta_minus20,10,1,Heston_minus_BS,5,512,1.4541411154229227
252,0.9,theta_minus20,10,1,Heston_minus_BS,6,512,1.22947193829576
252,0.9,theta_minus20,10,1,Heston_minus_BS,7,512,1.6379788475499248
252,0.9,theta_minus20,10,1,Adjusted_minus_Heston,0,512,-1.4520967305006676
252,0.9,theta_minus20,10,1,Adjusted_minus_Heston,1,512,-1.6581160710568048
252,0.9,theta_minus20,10,1,Adjusted_minus_Heston,2,512,-1.8351604597114421
252,0.9,theta_minus20,10,1,Adjusted_minus_Heston,3,512,-1.8755554539180284
252,0.9,theta_minus20,10,1,Adjusted_minus_Heston,4,512,-1.6195967953236545
252,0.9,theta_minus20,10,1,Adjusted_minus_Heston,5,512,-1.7149850922147918
252,0.9,theta_minus20,10,1,Adjusted_minus_Heston,6,512,-1.3909988302280742
252,0.9,theta_minus20,10,1,Adjusted_minus_Heston,7,512,-1.8130628916236655
252,0.9,theta_minus20,10,5,Heston_minus_BS,0,512,1.1977540546641157
252,0.9,theta_minus20,10,5,Heston_minus_BS,1,512,1.526533829057686
252,0.9,theta_minus20,10,5,Heston_minus_BS,2,512,1.509859093760269
252,0.9,theta_minus20,10,5,Heston_minus_BS,3,512,1.6893647040277338
252,0.9,theta_minus20,10,5,Heston_minus_BS,4,512,1.4021903361868986
252,0.9,theta_minus20,10,5,Heston_minus_BS,5,512,1.3734536653737082
252,0.9,theta_minus20,10,5,Heston_minus_BS,6,512,1.1743767226459834
252,0.9,theta_minus20,10,5,Heston_minus_BS,7,512,1.6572922564845225
252,0.9,theta_minus20,10,5,Adjusted_minus_Heston,0,512,-1.5128799693856743
252,0.9,theta_minus20,10,5,Adjusted_minus_Heston,1,512,-1.7833665019332945
252,0.9,theta_minus20,10,5,Adjusted_minus_Heston,2,512,-1.873968618634449
252,0.9,theta_minus20,10,5,Adjusted_minus_Heston,3,512,-2.0478109737302868
252,0.9,theta_minus20,10,5,Adjusted_minus_Heston,4,512,-1.6376889812103563
252,0.9,theta_minus20,10,5,Adjusted_minus_Heston,5,512,-1.652402223524808
252,0.9,theta_minus20,10,5,Adjusted_minus_Heston,6,512,-1.3877275843493966
252,0.9,theta_minus20,10,5,Adjusted_minus_Heston,7,512,-1.8430781404126624
252,0.9,theta_plus20,0,1,Heston_minus_BS,0,512,1.0299666098950286
252,0.9,theta_plus20,0,1,Heston_minus_BS,1,512,1.0556386196849152
252,0.9,theta_plus20,0,1,Heston_minus_BS,2,512,1.1538579267430742
252,0.9,theta_plus20,0,1,Heston_minus_BS,3,512,1.2175456564707567
252,0.9,theta_plus20,0,1,Heston_minus_BS,4,512,1.0663613041420714
252,0.9,theta_plus20,0,1,Heston_minus_BS,5,512,1.088211835224349
252,0.9,theta_plus20,0,1,Heston_minus_BS,6,512,0.9353678171982943
252,0.9,theta_plus20,0,1,Heston_minus_BS,7,512,1.1277251532295862
252,0.9,theta_plus20,0,1,Adjusted_minus_Heston,0,512,-1.1878150762821629
252,0.9,theta_plus20,0,1,Adjusted_minus_Heston,1,512,-1.2681848888877159
252,0.9,theta_plus20,0,1,Adjusted_minus_Heston,2,512,-1.4407860264736647
252,0.9,theta_plus20,0,1,Adjusted_minus_Heston,3,512,-1.4359178272190043
252,0.9,theta_plus20,0,1,Adjusted_minus_Heston,4,512,-1.297017443751223
252,0.9,theta_plus20,0,1,Adjusted_minus_Heston,5,512,-1.2947532757061284
252,0.9,theta_plus20,0,1,Adjusted_minus_Heston,6,512,-1.0708977251274971
252,0.9,theta_plus20,0,1,Adjusted_minus_Heston,7,512,-1.2998136419916326
252,0.9,theta_plus20,0,5,Heston_minus_BS,0,512,1.047943222316414
252,0.9,theta_plus20,0,5,Heston_minus_BS,1,512,1.1115552761220784
252,0.9,theta_plus20,0,5,Heston_minus_BS,2,512,1.1844231445413165
252,0.9,theta_plus20,0,5,Heston_minus_BS,3,512,1.3237522229883396
252,0.9,theta_plus20,0,5,Heston_minus_BS,4,512,1.077522457319496
252,0.9,theta_plus20,0,5,Heston_minus_BS,5,512,1.0552089008025
252,0.9,theta_plus20,0,5,Heston_minus_BS,6,512,0.9163111640300619
252,0.9,theta_plus20,0,5,Heston_minus_BS,7,512,1.1610684337241652
252,0.9,theta_plus20,0,5,Adjusted_minus_Heston,0,512,-1.200559735972122
252,0.9,theta_plus20,0,5,Adjusted_minus_Heston,1,512,-1.387501584583399
252,0.9,theta_plus20,0,5,Adjusted_minus_Heston,2,512,-1.49450830115522
252,0.9,theta_plus20,0,5,Adjusted_minus_Heston,3,512,-1.6177415786265406
252,0.9,theta_plus20,0,5,Adjusted_minus_Heston,4,512,-1.2818832926533892
252,0.9,theta_plus20,0,5,Adjusted_minus_Heston,5,512,-1.251829915564158
252,0.9,theta_plus20,0,5,Adjusted_minus_Heston,6,512,-1.0215329404840887
252,0.9,theta_plus20,0,5,Adjusted_minus_Heston,7,512,-1.3794133116897702
252,0.9,theta_plus20,5,1,Heston_minus_BS,0,512,0.9740011799295604
252,0.9,theta_plus20,5,1,Heston_minus_BS,1,512,1.022614233267273
252,0.9,theta_plus20,5,1,Heston_minus_BS,2,512,1.1194864993309346
252,0.9,theta_plus20,5,1,Heston_minus_BS,3,512,1.1981780004016773
252,0.9,theta_plus20,5,1,Heston_minus_BS,4,512,1.0106714169482716
252,0.9,theta_plus20,5,1,Heston_minus_BS,5,512,1.055261892889229
252,0.9,theta_plus20,5,1,Heston_minus_BS,6,512,0.8725484907272739
252,0.9,theta_plus20,5,1,Heston_minus_BS,7,512,1.1148527951439609
252,0.9,theta_plus20,5,1,Adjusted_minus_Heston,0,512,-1.0558772835707895
252,0.9,theta_plus20,5,1,Adjusted_minus_Heston,1,512,-1.1728643887594936
252,0.9,theta_plus20,5,1,Adjusted_minus_Heston,2,512,-1.3482454960052046
252,0.9,theta_plus20,5,1,Adjusted_minus_Heston,3,512,-1.370521019094563
252,0.9,theta_plus20,5,1,Adjusted_minus_Heston,4,512,-1.1625158488674758
252,0.9,theta_plus20,5,1,Adjusted_minus_Heston,5,512,-1.19406974729744
252,0.9,theta_plus20,5,1,Adjusted_minus_Heston,6,512,-0.928131434777972
252,0.9,theta_plus20,5,1,Adjusted_minus_Heston,7,512,-1.241937638911632
252,0.9,theta_plus20,5,5,Heston_minus_BS,0,512,0.9846870469399795
252,0.9,theta_plus20,5,5,Heston_minus_BS,1,512,1.0626296368343742
252,0.9,theta_plus20,5,5,Heston_minus_BS,2,512,1.1331178652319334
252,0.9,theta_plus20,5,5,Heston_minus_BS,3,512,1.2848068625774234
252,0.9,theta_plus20,5,5,Heston_minus_BS,4,512,1.0143209256225052
252,0.9,theta_plus20,5,5,Heston_minus_BS,5,512,1.0052545814491625
252,0.9,theta_plus20,5,5,Heston_minus_BS,6,512,0.8492734762933242
252,0.9,theta_plus20,5,5,Heston_minus_BS,7,512,1.1218217153065657
252,0.9,theta_plus20,5,5,Adjusted_minus_Heston,0,512,-1.072170233541112
252,0.9,theta_plus20,5,5,Adjusted_minus_Heston,1,512,-1.2833024439130494
252,0.9,theta_plus20,5,5,Adjusted_minus_Heston,2,512,-1.3904768206329194
252,0.9,theta_plus20,5,5,Adjusted_minus_Heston,3,512,-1.5340126013415336
252,0.9,theta_plus20,5,5,Adjusted_minus_Heston,4,512,-1.152733805593408
252,0.9,theta_plus20,5,5,Adjusted_minus_Heston,5,512,-1.1402414664979053
252,0.9,theta_plus20,5,5,Adjusted_minus_Heston,6,512,-0.8875263033263954
252,0.9,theta_plus20,5,5,Adjusted_minus_Heston,7,512,-1.292776575394878
252,0.9,theta_plus20,10,1,Heston_minus_BS,0,512,0.905411119340644
252,0.9,theta_plus20,10,1,Heston_minus_BS,1,512,0.9774282038287607
252,0.9,theta_plus20,10,1,Heston_minus_BS,2,512,1.07268679573587
252,0.9,theta_plus20,10,1,Heston_minus_BS,3,512,1.1668940514328754
252,0.9,theta_plus20,10,1,Heston_minus_BS,4,512,0.9424653349250474
252,0.9,theta_plus20,10,1,Heston_minus_BS,5,512,1.010495213467242
252,0.9,theta_plus20,10,1,Heston_minus_BS,6,512,0.7974397621808922
252,0.9,theta_plus20,10,1,Heston_minus_BS,7,512,1.0903519767043424
252,0.9,theta_plus20,10,1,Adjusted_minus_Heston,0,512,-0.9139645739637897
252,0.9,theta_plus20,10,1,Adjusted_minus_Heston,1,512,-1.0685220696414572
252,0.9,theta_plus20,10,1,Adjusted_minus_Heston,2,512,-1.246373066615105
252,0.9,theta_plus20,10,1,Adjusted_minus_Heston,3,512,-1.2963616999356038
252,0.9,theta_plus20,10,1,Adjusted_minus_Heston,4,512,-1.0182905851351145
252,0.9,theta_plus20,10,1,Adjusted_minus_Heston,5,512,-1.0845950940417737
252,0.9,theta_plus20,10,1,Adjusted_minus_Heston,6,512,-0.7754971729395226
252,0.9,theta_plus20,10,1,Adjusted_minus_Heston,7,512,-1.175707293575362
252,0.9,theta_plus20,10,5,Heston_minus_BS,0,512,0.9184601765017848
252,0.9,theta_plus20,10,5,Heston_minus_BS,1,512,1.010919385066659
252,0.9,theta_plus20,10,5,Heston_minus_BS,2,512,1.078881568127172
252,0.9,theta_plus20,10,5,Heston_minus_BS,3,512,1.2431175863560076
252,0.9,theta_plus20,10,5,Heston_minus_BS,4,512,0.9481771422630603
252,0.9,theta_plus20,10,5,Heston_minus_BS,5,512,0.9525584178489113
252,0.9,theta_plus20,10,5,Heston_minus_BS,6,512,0.7793912511525916
252,0.9,theta_plus20,10,5,Heston_minus_BS,7,512,1.079827843345797
252,0.9,theta_plus20,10,5,Adjusted_minus_Heston,0,512,-0.9416240957860832
252,0.9,theta_plus20,10,5,Adjusted_minus_Heston,1,512,-1.177297724405225
252,0.9,theta_plus20,10,5,Adjusted_minus_Heston,2,512,-1.2844594447473177
252,0.9,theta_plus20,10,5,Adjusted_minus_Heston,3,512,-1.4484783179243486
252,0.9,theta_plus20,10,5,Adjusted_minus_Heston,4,512,-1.0214901243992918
252,0.9,theta_plus20,10,5,Adjusted_minus_Heston,5,512,-1.026740899227475
252,0.9,theta_plus20,10,5,Adjusted_minus_Heston,6,512,-0.7514728356550691
252,0.9,theta_plus20,10,5,Adjusted_minus_Heston,7,512,-1.2043580353781118
252,0.9,xi_minus20,0,1,Heston_minus_BS,0,512,0.9344467954900093
252,0.9,xi_minus20,0,1,Heston_minus_BS,1,512,0.9806494106913428
252,0.9,xi_minus20,0,1,Heston_minus_BS,2,512,1.0679913731533444
252,0.9,xi_minus20,0,1,Heston_minus_BS,3,512,1.101803553478549
252,0.9,xi_minus20,0,1,Heston_minus_BS,4,512,0.9936315781836819
252,0.9,xi_minus20,0,1,Heston_minus_BS,5,512,1.0153420297389353
252,0.9,xi_minus20,0,1,Heston_minus_BS,6,512,0.8939667108793821
252,0.9,xi_minus20,0,1,Heston_minus_BS,7,512,1.0490174673193544
252,0.9,xi_minus20,0,1,Adjusted_minus_Heston,0,512,-1.15869938824279
252,0.9,xi_minus20,0,1,Adjusted_minus_Heston,1,512,-1.2281332202055661
252,0.9,xi_minus20,0,1,Adjusted_minus_Heston,2,512,-1.3647260219108008
252,0.9,xi_minus20,0,1,Adjusted_minus_Heston,3,512,-1.3600152943127104
252,0.9,xi_minus20,0,1,Adjusted_minus_Heston,4,512,-1.2488235838800366
252,0.9,xi_minus20,0,1,Adjusted_minus_Heston,5,512,-1.2611967924139118
252,0.9,xi_minus20,0,1,Adjusted_minus_Heston,6,512,-1.0923595380406994
252,0.9,xi_minus20,0,1,Adjusted_minus_Heston,7,512,-1.265818086063447
252,0.9,xi_minus20,0,5,Heston_minus_BS,0,512,0.9405137008645477
252,0.9,xi_minus20,0,5,Heston_minus_BS,1,512,1.0456547413315316
252,0.9,xi_minus20,0,5,Heston_minus_BS,2,512,1.1094208528217804
252,0.9,xi_minus20,0,5,Heston_minus_BS,3,512,1.1970246547862016
252,0.9,xi_minus20,0,5,Heston_minus_BS,4,512,1.004133836830346
252,0.9,xi_minus20,0,5,Heston_minus_BS,5,512,0.9915662216133088
252,0.9,xi_minus20,0,5,Heston_minus_BS,6,512,0.873235633015241
252,0.9,xi_minus20,0,5,Heston_minus_BS,7,512,1.0938603403327436
252,0.9,xi_minus20,0,5,Adjusted_minus_Heston,0,512,-1.1796599318249277
252,0.9,xi_minus20,0,5,Adjusted_minus_Heston,1,512,-1.3296876362612169
252,0.9,xi_minus20,0,5,Adjusted_minus_Heston,2,512,-1.4080691677297437
252,0.9,xi_minus20,0,5,Adjusted_minus_Heston,3,512,-1.5141136987939172
252,0.9,xi_minus20,0,5,Adjusted_minus_Heston,4,512,-1.242186745556456
252,0.9,xi_minus20,0,5,Adjusted_minus_Heston,5,512,-1.2316435764275155
252,0.9,xi_minus20,0,5,Adjusted_minus_Heston,6,512,-1.0616656039907033
252,0.9,xi_minus20,0,5,Adjusted_minus_Heston,7,512,-1.3385060998997553
252,0.9,xi_minus20,5,1,Heston_minus_BS,0,512,0.8712037468583086
252,0.9,xi_minus20,5,1,Heston_minus_BS,1,512,0.9376037186692558
252,0.9,xi_minus20,5,1,Heston_minus_BS,2,512,1.0259965268623485
252,0.9,xi_minus20,5,1,Heston_minus_BS,3,512,1.0750020023330364
252,0.9,xi_minus20,5,1,Heston_minus_BS,4,512,0.927804423331047
252,0.9,xi_minus20,5,1,Heston_minus_BS,5,512,0.9675176941602237
252,0.9,xi_minus20,5,1,Heston_minus_BS,6,512,0.8222811311718706
252,0.9,xi_minus20,5,1,Heston_minus_BS,7,512,1.0239764757703018
252,0.9,xi_minus20,5,1,Adjusted_minus_Heston,0,512,-1.0481555347865343
252,0.9,xi_minus20,5,1,Adjusted_minus_Heston,1,512,-1.1498989133022082
252,0.9,xi_minus20,5,1,Adjusted_minus_Heston,2,512,-1.2878553531507517
252,0.9,xi_minus20,5,1,Adjusted_minus_Heston,3,512,-1.3064643072113342
252,0.9,xi_minus20,5,1,Adjusted_minus_Heston,4,512,-1.1372222182204597
252,0.9,xi_minus20,5,1,Adjusted_minus_Heston,5,512,-1.1784846269894478
252,0.9,xi_minus20,5,1,Adjusted_minus_Heston,6,512,-0.973179064691905
252,0.9,xi_minus20,5,1,Adjusted_minus_Heston,7,512,-1.219386311289555
252,0.9,xi_minus20,5,5,Heston_minus_BS,0,512,0.8737189546630354
252,0.9,xi_minus20,5,5,Heston_minus_BS,1,512,0.9925132729610704
252,0.9,xi_minus20,5,5,Heston_minus_BS,2,512,1.0561286831097452
252,0.9,xi_minus20,5,5,Heston_minus_BS,3,512,1.1541632307490013
252,0.9,xi_minus20,5,5,Heston_minus_BS,4,512,0.9361102185621558
252,0.9,xi_minus20,5,5,Heston_minus_BS,5,512,0.932583858677941
252,0.9,xi_minus20,5,5,Heston_minus_BS,6,512,0.8012412591587046
252,0.9,xi_minus20,5,5,Heston_minus_BS,7,512,1.0489651654937662
252,0.9,xi_minus20,5,5,Adjusted_minus_Heston,0,512,-1.0727188818302849
252,0.9,xi_minus20,5,5,Adjusted_minus_Heston,1,512,-1.2438094931394712
252,0.9,xi_minus20,5,5,Adjusted_minus_Heston,2,512,-1.321631259678008
252,0.9,xi_minus20,5,5,Adjusted_minus_Heston,3,512,-1.444864387031037
252,0.9,xi_minus20,5,5,Adjusted_minus_Heston,4,512,-1.1350293251771575
252,0.9,xi_minus20,5,5,Adjusted_minus_Heston,5,512,-1.139579358516523
252,0.9,xi_minus20,5,5,Adjusted_minus_Heston,6,512,-0.9504795011060215
252,0.9,xi_minus20,5,5,Adjusted_minus_Heston,7,512,-1.2672517983143852
252,0.9,xi_minus20,10,1,Heston_minus_BS,0,512,0.8024132987961154
252,0.9,xi_minus20,10,1,Heston_minus_BS,1,512,0.889421782852207
252,0.9,xi_minus20,10,1,Heston_minus_BS,2,512,0.978686441902692
252,0.9,xi_minus20,10,1,Heston_minus_BS,3,512,1.0432783194562272
252,0.9,xi_minus20,10,1,Heston_minus_BS,4,512,0.8564236608169099
252,0.9,xi_minus20,10,1,Heston_minus_BS,5,512,0.91462112228335
252,0.9,xi_minus20,10,1,Heston_minus_BS,6,512,0.7450340063738015
252,0.9,xi_minus20,10,1,Heston_minus_BS,7,512,0.9941178031797192
252,0.9,xi_minus20,10,1,Adjusted_minus_Heston,0,512,-0.9284903777754933
252,0.9,xi_minus20,10,1,Adjusted_minus_Heston,1,512,-1.0633957060684927
252,0.9,xi_minus20,10,1,Adjusted_minus_Heston,2,512,-1.2024681393546928
252,0.9,xi_minus20,10,1,Adjusted_minus_Heston,3,512,-1.2449007532820509
252,0.9,xi_minus20,10,1,Adjusted_minus_Heston,4,512,-1.0167314369047062
252,0.9,xi_minus20,10,1,Adjusted_minus_Heston,5,512,-1.0876856125163934
252,0.9,xi_minus20,10,1,Adjusted_minus_Heston,6,512,-0.8450042516476253
252,0.9,xi_minus20,10,1,Adjusted_minus_Heston,7,512,-1.1652690793236693
252,0.9,xi_minus20,10,5,Heston_minus_BS,0,512,0.8058250574513522
252,0.9,xi_minus20,10,5,Heston_minus_BS,1,512,0.938433156841667
252,0.9,xi_minus20,10,5,Heston_minus_BS,2,512,1.001796219981316
252,0.9,xi_minus20,10,5,Heston_minus_BS,3,512,1.1103908385238765
252,0.9,xi_minus20,10,5,Heston_minus_BS,4,512,0.8669825569681819
252,0.9,xi_minus20,10,5,Heston_minus_BS,5,512,0.8726025662746086
252,0.9,xi_minus20,10,5,Heston_minus_BS,6,512,0.7281635202421306
252,0.9,xi_minus20,10,5,Heston_minus_BS,7,512,1.0031310453169473
252,0.9,xi_minus20,10,5,Adjusted_minus_Heston,0,512,-0.9638145620191478
252,0.9,xi_minus20,10,5,Adjusted_minus_Heston,1,512,-1.1562864878411965
252,0.9,xi_minus20,10,5,Adjusted_minus_Heston,2,512,-1.2333828809757073
252,0.9,xi_minus20,10,5,Adjusted_minus_Heston,3,512,-1.3739644312742967
252,0.9,xi_minus20,10,5,Adjusted_minus_Heston,4,512,-1.0259739137278976
252,0.9,xi_minus20,10,5,Adjusted_minus_Heston,5,512,-1.045764964784242
252,0.9,xi_minus20,10,5,Adjusted_minus_Heston,6,512,-0.837444122167815
252,0.9,xi_minus20,10,5,Adjusted_minus_Heston,7,512,-1.194355695359953
252,0.9,xi_plus20,0,1,Heston_minus_BS,0,512,1.3704526762292697
252,0.9,xi_plus20,0,1,Heston_minus_BS,1,512,1.5080307385715792
252,0.9,xi_plus20,0,1,Heston_minus_BS,2,512,1.5459739502821626
252,0.9,xi_plus20,0,1,Heston_minus_BS,3,512,1.6408653767906334
252,0.9,xi_plus20,0,1,Heston_minus_BS,4,512,1.5018790097186714
252,0.9,xi_plus20,0,1,Heston_minus_BS,5,512,1.5306779369566441
252,0.9,xi_plus20,0,1,Heston_minus_BS,6,512,1.3635136785228674
252,0.9,xi_plus20,0,1,Heston_minus_BS,7,512,1.6486706606477213
252,0.9,xi_plus20,0,1,Adjusted_minus_Heston,0,512,-1.6866673693436196
252,0.9,xi_plus20,0,1,Adjusted_minus_Heston,1,512,-1.8118375596464453
252,0.9,xi_plus20,0,1,Adjusted_minus_Heston,2,512,-2.0246952540109078
252,0.9,xi_plus20,0,1,Adjusted_minus_Heston,3,512,-1.9937448557374178
252,0.9,xi_plus20,0,1,Adjusted_minus_Heston,4,512,-1.8676437782985853
252,0.9,xi_plus20,0,1,Adjusted_minus_Heston,5,512,-1.8688025873951362
252,0.9,xi_plus20,0,1,Adjusted_minus_Heston,6,512,-1.5991403063216778
252,0.9,xi_plus20,0,1,Adjusted_minus_Heston,7,512,-1.8691664042725318
252,0.9,xi_plus20,0,5,Heston_minus_BS,0,512,1.3940557110578369
252,0.9,xi_plus20,0,5,Heston_minus_BS,1,512,1.6218405317207467
252,0.9,xi_plus20,0,5,Heston_minus_BS,2,512,1.6185228123586668
252,0.9,xi_plus20,0,5,Heston_minus_BS,3,512,1.814205089261505
252,0.9,xi_plus20,0,5,Heston_minus_BS,4,512,1.5491996075566392
252,0.9,xi_plus20,0,5,Heston_minus_BS,5,512,1.4929976134606302
252,0.9,xi_plus20,0,5,Heston_minus_BS,6,512,1.3211443938969376
252,0.9,xi_plus20,0,5,Heston_minus_BS,7,512,1.7298598831396386
252,0.9,xi_plus20,0,5,Adjusted_minus_Heston,0,512,-1.7252754892434337
252,0.9,xi_plus20,0,5,Adjusted_minus_Heston,1,512,-1.976200761577408
252,0.9,xi_plus20,0,5,Adjusted_minus_Heston,2,512,-2.1005489875133856
252,0.9,xi_plus20,0,5,Adjusted_minus_Heston,3,512,-2.2356911211651154
252,0.9,xi_plus20,0,5,Adjusted_minus_Heston,4,512,-1.866112492987319
252,0.9,xi_plus20,0,5,Adjusted_minus_Heston,5,512,-1.8206008931847122
252,0.9,xi_plus20,0,5,Adjusted_minus_Heston,6,512,-1.5513283853406272
252,0.9,xi_plus20,0,5,Adjusted_minus_Heston,7,512,-1.9726859756031112
252,0.9,xi_plus20,5,1,Heston_minus_BS,0,512,1.304873719484502
252,0.9,xi_plus20,5,1,Heston_minus_BS,1,512,1.4774337334648626
252,0.9,xi_plus20,5,1,Heston_minus_BS,2,512,1.5162994266143737
252,0.9,xi_plus20,5,1,Heston_minus_BS,3,512,1.6288276008247005
252,0.9,xi_plus20,5,1,Heston_minus_BS,4,512,1.4404028284798407
252,0.9,xi_plus20,5,1,Heston_minus_BS,5,512,1.4960058905193108
252,0.9,xi_plus20,5,1,Heston_minus_BS,6,512,1.286794879411337
252,0.9,xi_plus20,5,1,Heston_minus_BS,7,512,1.646531488774098
252,0.9,xi_plus20,5,1,Adjusted_minus_Heston,0,512,-1.531824633445118
252,0.9,xi_plus20,5,1,Adjusted_minus_Heston,1,512,-1.7054192652901912
252,0.9,xi_plus20,5,1,Adjusted_minus_Heston,2,512,-1.920114378204374
252,0.9,xi_plus20,5,1,Adjusted_minus_Heston,3,512,-1.9246096683192375
252,0.9,xi_plus20,5,1,Adjusted_minus_Heston,4,512,-1.7129377719847527
252,0.9,xi_plus20,5,1,Adjusted_minus_Heston,5,512,-1.7564211736867086
252,0.9,xi_plus20,5,1,Adjusted_minus_Heston,6,512,-1.4302728323614042
252,0.9,xi_plus20,5,1,Adjusted_minus_Heston,7,512,-1.8109123934906697
252,0.9,xi_plus20,5,5,Heston_minus_BS,0,512,1.3126217705843781
252,0.9,xi_plus20,5,5,Heston_minus_BS,1,512,1.563734912160332
252,0.9,xi_plus20,5,5,Heston_minus_BS,2,512,1.559277425979494
252,0.9,xi_plus20,5,5,Heston_minus_BS,3,512,1.767886355970002
252,0.9,xi_plus20,5,5,Heston_minus_BS,4,512,1.4711402358442296
252,0.9,xi_plus20,5,5,Heston_minus_BS,5,512,1.4266331150048932
252,0.9,xi_plus20,5,5,Heston_minus_BS,6,512,1.2327273775709227
252,0.9,xi_plus20,5,5,Heston_minus_BS,7,512,1.6828857379933209
252,0.9,xi_plus20,5,5,Adjusted_minus_Heston,0,512,-1.570584257720911
252,0.9,xi_plus20,5,5,Adjusted_minus_Heston,1,512,-1.8528217732854038
252,0.9,xi_plus20,5,5,Adjusted_minus_Heston,2,512,-1.9763674183572832
252,0.9,xi_plus20,5,5,Adjusted_minus_Heston,3,512,-2.1374525855177886
252,0.9,xi_plus20,5,5,Adjusted_minus_Heston,4,512,-1.7121098932438217
252,0.9,xi_plus20,5,5,Adjusted_minus_Heston,5,512,-1.688151577408923
252,0.9,xi_plus20,5,5,Adjusted_minus_Heston,6,512,-1.3892272583120762
252,0.9,xi_plus20,5,5,Adjusted_minus_Heston,7,512,-1.8715006848907099
252,0.9,xi_plus20,10,1,Heston_minus_BS,0,512,1.2317226969215804
252,0.9,xi_plus20,10,1,Heston_minus_BS,1,512,1.4404738912109596
252,0.9,xi_plus20,10,1,Heston_minus_BS,2,512,1.4801043104670626
252,0.9,xi_plus20,10,1,Heston_minus_BS,3,512,1.6107153367722895
252,0.9,xi_plus20,10,1,Heston_minus_BS,4,512,1.3717914070221302
252,0.9,xi_plus20,10,1,Heston_minus_BS,5,512,1.4549584519450733
252,0.9,xi_plus20,10,1,Heston_minus_BS,6,512,1.2026296194509567
252,0.9,xi_plus20,10,1,Heston_minus_BS,7,512,1.6386477452548744
252,0.9,xi_plus20,10,1,Adjusted_minus_Heston,0,512,-1.3643985752452683
252,0.9,xi_plus20,10,1,Adjusted_minus_Heston,1,512,-1.5876954475684693
252,0.9,xi_plus20,10,1,Adjusted_minus_Heston,2,512,-1.8037582239481922
252,0.9,xi_plus20,10,1,Adjusted_minus_Heston,3,512,-1.8444423078130492
252,0.9,xi_plus20,10,1,Adjusted_minus_Heston,4,512,-1.546033798028228
252,0.9,xi_plus20,10,1,Adjusted_minus_Heston,5,512,-1.6330313647449544
252,0.9,xi_plus20,10,1,Adjusted_minus_Heston,6,512,-1.2489550910980551
252,0.9,xi_plus20,10,1,Adjusted_minus_Heston,7,512,-1.7421784010012953
252,0.9,xi_plus20,10,5,Heston_minus_BS,0,512,1.2296877249525322
252,0.9,xi_plus20,10,5,Heston_minus_BS,1,512,1.5045055808168688
252,0.9,xi_plus20,10,5,Heston_minus_BS,2,512,1.4987984539229293
252,0.9,xi_plus20,10,5,Heston_minus_BS,3,512,1.7204694633069626
252,0.9,xi_plus20,10,5,Heston_minus_BS,4,512,1.3917269824007792
252,0.9,xi_plus20,10,5,Heston_minus_BS,5,512,1.35902708432429
252,0.9,xi_plus20,10,5,Heston_minus_BS,6,512,1.1429025287514796
252,0.9,xi_plus20,10,5,Heston_minus_BS,7,512,1.6348038554970077
252,0.9,xi_plus20,10,5,Adjusted_minus_Heston,0,512,-1.4131824304503247
252,0.9,xi_plus20,10,5,Adjusted_minus_Heston,1,512,-1.7272049768034505
252,0.9,xi_plus20,10,5,Adjusted_minus_Heston,2,512,-1.8496836055704198
252,0.9,xi_plus20,10,5,Adjusted_minus_Heston,3,512,-2.0369420902212116
252,0.9,xi_plus20,10,5,Adjusted_minus_Heston,4,512,-1.5555043964745643
252,0.9,xi_plus20,10,5,Adjusted_minus_Heston,5,512,-1.5533235119521505
252,0.9,xi_plus20,10,5,Adjusted_minus_Heston,6,512,-1.2245658896223615
252,0.9,xi_plus20,10,5,Adjusted_minus_Heston,7,512,-1.768087210359743
252,0.9,rho_minus10pp,0,1,Heston_minus_BS,0,512,1.3369442266358476
252,0.9,rho_minus10pp,0,1,Heston_minus_BS,1,512,1.4495400772638853
252,0.9,rho_minus10pp,0,1,Heston_minus_BS,2,512,1.504895415268218
252,0.9,rho_minus10pp,0,1,Heston_minus_BS,3,512,1.6034807910357407
252,0.9,rho_minus10pp,0,1,Heston_minus_BS,4,512,1.4436539698909132
252,0.9,rho_minus10pp,0,1,Heston_minus_BS,5,512,1.4737538585536898
252,0.9,rho_minus10pp,0,1,Heston_minus_BS,6,512,1.3043206750771783
252,0.9,rho_minus10pp,0,1,Heston_minus_BS,7,512,1.5704553676130764
252,0.9,rho_minus10pp,0,1,Adjusted_minus_Heston,0,512,-1.6032452035260403
252,0.9,rho_minus10pp,0,1,Adjusted_minus_Heston,1,512,-1.7252706950788679
252,0.9,rho_minus10pp,0,1,Adjusted_minus_Heston,2,512,-1.9251115418046512
252,0.9,rho_minus10pp,0,1,Adjusted_minus_Heston,3,512,-1.9114384829765738
252,0.9,rho_minus10pp,0,1,Adjusted_minus_Heston,4,512,-1.7682445588939975
252,0.9,rho_minus10pp,0,1,Adjusted_minus_Heston,5,512,-1.7712982860912825
252,0.9,rho_minus10pp,0,1,Adjusted_minus_Heston,6,512,-1.5002365281097596
252,0.9,rho_minus10pp,0,1,Adjusted_minus_Heston,7,512,-1.768594830969362
252,0.9,rho_minus10pp,0,5,Heston_minus_BS,0,512,1.3593433997685962
252,0.9,rho_minus10pp,0,5,Heston_minus_BS,1,512,1.544586356634117
252,0.9,rho_minus10pp,0,5,Heston_minus_BS,2,512,1.567457966305663
252,0.9,rho_minus10pp,0,5,Heston_minus_BS,3,512,1.7641813505456736
252,0.9,rho_minus10pp,0,5,Heston_minus_BS,4,512,1.4841557690377045
252,0.9,rho_minus10pp,0,5,Heston_minus_BS,5,512,1.4317123885811274
252,0.9,rho_minus10pp,0,5,Heston_minus_BS,6,512,1.2684067934482186
252,0.9,rho_minus10pp,0,5,Heston_minus_BS,7,512,1.6352281003876685
252,0.9,rho_minus10pp,0,5,Adjusted_minus_Heston,0,512,-1.6339576949135943
252,0.9,rho_minus10pp,0,5,Adjusted_minus_Heston,1,512,-1.8799847238161476
252,0.9,rho_minus10pp,0,5,Adjusted_minus_Heston,2,512,-1.997256578737931
252,0.9,rho_minus10pp,0,5,Adjusted_minus_Heston,3,512,-2.146287434419367
252,0.9,rho_minus10pp,0,5,Adjusted_minus_Heston,4,512,-1.7633677398446648
252,0.9,rho_minus10pp,0,5,Adjusted_minus_Heston,5,512,-1.7204158495855002
252,0.9,rho_minus10pp,0,5,Adjusted_minus_Heston,6,512,-1.4458693798019855
252,0.9,rho_minus10pp,0,5,Adjusted_minus_Heston,7,512,-1.8685070503455257
252,0.9,rho_minus10pp,5,1,Heston_minus_BS,0,512,1.2695904770838433
252,0.9,rho_minus10pp,5,1,Heston_minus_BS,1,512,1.415339013667518
252,0.9,rho_minus10pp,5,1,Heston_minus_BS,2,512,1.4687469859616842
252,0.9,rho_minus10pp,5,1,Heston_minus_BS,3,512,1.5863748773873843
252,0.9,rho_minus10pp,5,1,Heston_minus_BS,4,512,1.3796401643509122
252,0.9,rho_minus10pp,5,1,Heston_minus_BS,5,512,1.4356926848506002
252,0.9,rho_minus10pp,5,1,Heston_minus_BS,6,512,1.2257822308577362
252,0.9,rho_minus10pp,5,1,Heston_minus_BS,7,512,1.5618610368691708
252,0.9,rho_minus10pp,5,1,Adjusted_minus_Heston,0,512,-1.447532204565662
252,0.9,rho_minus10pp,5,1,Adjusted_minus_Heston,1,512,-1.6166061073392912
252,0.9,rho_minus10pp,5,1,Adjusted_minus_Heston,2,512,-1.8175624629042797
252,0.9,rho_minus10pp,5,1,Adjusted_minus_Heston,3,512,-1.8392985777358781
252,0.9,rho_minus10pp,5,1,Adjusted_minus_Heston,4,512,-1.6113204114002295
252,0.9,rho_minus10pp,5,1,Adjusted_minus_Heston,5,512,-1.655880366540607
252,0.9,rho_minus10pp,5,1,Adjusted_minus_Heston,6,512,-1.3301356723698505
252,0.9,rho_minus10pp,5,1,Adjusted_minus_Heston,7,512,-1.706109837045531
252,0.9,rho_minus10pp,5,5,Heston_minus_BS,0,512,1.2798064905956195
252,0.9,rho_minus10pp,5,5,Heston_minus_BS,1,512,1.4861451507296832
252,0.9,rho_minus10pp,5,5,Heston_minus_BS,2,512,1.5066331975305483
252,0.9,rho_minus10pp,5,5,Heston_minus_BS,3,512,1.717482178704726
252,0.9,rho_minus10pp,5,5,Heston_minus_BS,4,512,1.4071463604847612
252,0.9,rho_minus10pp,5,5,Heston_minus_BS,5,512,1.3669082693995003
252,0.9,rho_minus10pp,5,5,Heston_minus_BS,6,512,1.1818162295831796
252,0.9,rho_minus10pp,5,5,Heston_minus_BS,7,512,1.5874929233416444
252,0.9,rho_minus10pp,5,5,Adjusted_minus_Heston,0,512,-1.48001547593923
252,0.9,rho_minus10pp,5,5,Adjusted_minus_Heston,1,512,-1.7565631886371422
252,0.9,rho_minus10pp,5,5,Adjusted_minus_Heston,2,512,-1.8728675483538688
252,0.9,rho_minus10pp,5,5,Adjusted_minus_Heston,3,512,-2.0476348357985223
252,0.9,rho_minus10pp,5,5,Adjusted_minus_Heston,4,512,-1.6094343652853458
252,0.9,rho_minus10pp,5,5,Adjusted_minus_Heston,5,512,-1.587648631278956
252,0.9,rho_minus10pp,5,5,Adjusted_minus_Heston,6,512,-1.2843338744063795
252,0.9,rho_minus10pp,5,5,Adjusted_minus_Heston,7,512,-1.7664190619135576
252,0.9,rho_minus10pp,10,1,Heston_minus_BS,0,512,1.1930164355696082
252,0.9,rho_minus10pp,10,1,Heston_minus_BS,1,512,1.372874469333726
252,0.9,rho_minus10pp,10,1,Heston_minus_BS,2,512,1.4240187035156766
252,0.9,rho_minus10pp,10,1,Heston_minus_BS,3,512,1.5612056303415984
252,0.9,rho_minus10pp,10,1,Heston_minus_BS,4,512,1.3067239651565465
252,0.9,rho_minus10pp,10,1,Heston_minus_BS,5,512,1.3894906544253762
252,0.9,rho_minus10pp,10,1,Heston_minus_BS,6,512,1.138139950919725
252,0.9,rho_minus10pp,10,1,Heston_minus_BS,7,512,1.5456060139183836
252,0.9,rho_minus10pp,10,1,Adjusted_minus_Heston,0,512,-1.2796640091799596
252,0.9,rho_minus10pp,10,1,Adjusted_minus_Heston,1,512,-1.496999332076237
252,0.9,rho_minus10pp,10,1,Adjusted_minus_Heston,2,512,-1.6986093899419972
252,0.9,rho_minus10pp,10,1,Adjusted_minus_Heston,3,512,-1.7564949812473027
252,0.9,rho_minus10pp,10,1,Adjusted_minus_Heston,4,512,-1.442558277182882
252,0.9,rho_minus10pp,10,1,Adjusted_minus_Heston,5,512,-1.5297914060081788
252,0.9,rho_minus10pp,10,1,Adjusted_minus_Heston,6,512,-1.1479582518797506
252,0.9,rho_minus10pp,10,1,Adjusted_minus_Heston,7,512,-1.6334811029652467
252,0.9,rho_minus10pp,10,5,Heston_minus_BS,0,512,1.19831575680764
252,0.9,rho_minus10pp,10,5,Heston_minus_BS,1,512,1.4260676049165433
252,0.9,rho_minus10pp,10,5,Heston_minus_BS,2,512,1.4440123402461034
252,0.9,rho_minus10pp,10,5,Heston_minus_BS,3,512,1.6691549731408972
252,0.9,rho_minus10pp,10,5,Heston_minus_BS,4,512,1.328292617943671
252,0.9,rho_minus10pp,10,5,Heston_minus_BS,5,512,1.3004081534749423
252,0.9,rho_minus10pp,10,5,Heston_minus_BS,6,512,1.093359726373307
252,0.9,rho_minus10pp,10,5,Heston_minus_BS,7,512,1.5381493163829651
252,0.9,rho_minus10pp,10,5,Adjusted_minus_Heston,0,512,-1.323459896525742
252,0.9,rho_minus10pp,10,5,Adjusted_minus_Heston,1,512,-1.6309840967320102
252,0.9,rho_minus10pp,10,5,Adjusted_minus_Heston,2,512,-1.7460629753594648
252,0.9,rho_minus10pp,10,5,Adjusted_minus_Heston,3,512,-1.9467938222831376
252,0.9,rho_minus10pp,10,5,Adjusted_minus_Heston,4,512,-1.4529771953892054
252,0.9,rho_minus10pp,10,5,Adjusted_minus_Heston,5,512,-1.4525773775552862
252,0.9,rho_minus10pp,10,5,Adjusted_minus_Heston,6,512,-1.1203203307726535
252,0.9,rho_minus10pp,10,5,Adjusted_minus_Heston,7,512,-1.6621835329144963
252,0.9,rho_plus10pp,0,1,Heston_minus_BS,0,512,0.9666960744154315
252,0.9,rho_plus10pp,0,1,Heston_minus_BS,1,512,1.0357694865933416
252,0.9,rho_plus10pp,0,1,Heston_minus_BS,2,512,1.1062912599432604
252,0.9,rho_plus10pp,0,1,Heston_minus_BS,3,512,1.142089037858752
252,0.9,rho_plus10pp,0,1,Heston_minus_BS,4,512,1.0456303256678363
252,0.9,rho_plus10pp,0,1,Heston_minus_BS,5,512,1.0664262441843213
252,0.9,rho_plus10pp,0,1,Heston_minus_BS,6,512,0.9464237229048759
252,0.9,rho_plus10pp,0,1,Heston_minus_BS,7,512,1.1197646171841042
252,0.9,rho_plus10pp,0,1,Adjusted_minus_Heston,0,512,-1.2343257707674513
252,0.9,rho_plus10pp,0,1,Adjusted_minus_Heston,1,512,-1.306988757780423
252,0.9,rho_plus10pp,0,1,Adjusted_minus_Heston,2,512,-1.4526842549788217
252,0.9,rho_plus10pp,0,1,Adjusted_minus_Heston,3,512,-1.4388161245359496
252,0.9,rho_plus10pp,0,1,Adjusted_minus_Heston,4,512,-1.3348611922040234
252,0.9,rho_plus10pp,0,1,Adjusted_minus_Heston,5,512,-1.3459659583131258
252,0.9,rho_plus10pp,0,1,Adjusted_minus_Heston,6,512,-1.1751505354005407
252,0.9,rho_plus10pp,0,1,Adjusted_minus_Heston,7,512,-1.3523455268277194
252,0.9,rho_plus10pp,0,5,Heston_minus_BS,0,512,0.9741564806459242
252,0.9,rho_plus10pp,0,5,Heston_minus_BS,1,512,1.1155995633870712
252,0.9,rho_plus10pp,0,5,Heston_minus_BS,2,512,1.1567056468598949
252,0.9,rho_plus10pp,0,5,Heston_minus_BS,3,512,1.248802040899362
252,0.9,rho_plus10pp,0,5,Heston_minus_BS,4,512,1.0622726135528007
252,0.9,rho_plus10pp,0,5,Heston_minus_BS,5,512,1.0447262872920122
252,0.9,rho_plus10pp,0,5,Heston_minus_BS,6,512,0.9194053233110371
252,0.9,rho_plus10pp,0,5,Heston_minus_BS,7,512,1.1780131767354654
252,0.9,rho_plus10pp,0,5,Adjusted_minus_Heston,0,512,-1.2607053601478282
252,0.9,rho_plus10pp,0,5,Adjusted_minus_Heston,1,512,-1.4153654198637264
252,0.9,rho_plus10pp,0,5,Adjusted_minus_Heston,2,512,-1.4990498230998015
252,0.9,rho_plus10pp,0,5,Adjusted_minus_Heston,3,512,-1.599692950317353
252,0.9,rho_plus10pp,0,5,Adjusted_minus_Heston,4,512,-1.3306323611593145
252,0.9,rho_plus10pp,0,5,Adjusted_minus_Heston,5,512,-1.3170927211583834
252,0.9,rho_plus10pp,0,5,Adjusted_minus_Heston,6,512,-1.147522021122009
252,0.9,rho_plus10pp,0,5,Adjusted_minus_Heston,7,512,-1.4277672163377373
252,0.9,rho_plus10pp,5,1,Heston_minus_BS,0,512,0.9036703307845759
252,0.9,rho_plus10pp,5,1,Heston_minus_BS,1,512,0.9948220412410116
252,0.9,rho_plus10pp,5,1,Heston_minus_BS,2,512,1.0683872549629816
252,0.9,rho_plus10pp,5,1,Heston_minus_BS,3,512,1.1187586782944927
252,0.9,rho_plus10pp,5,1,Heston_minus_BS,4,512,0.9805559014914433
252,0.9,rho_plus10pp,5,1,Heston_minus_BS,5,512,1.0202779111885365
252,0.9,rho_plus10pp,5,1,Heston_minus_BS,6,512,0.8747378256410894
252,0.9,rho_plus10pp,5,1,Heston_minus_BS,7,512,1.0992981685136471
252,0.9,rho_plus10pp,5,1,Adjusted_minus_Heston,0,512,-1.1231454852878175
252,0.9,rho_plus10pp,5,1,Adjusted_minus_Heston,1,512,-1.229363980825997
252,0.9,rho_plus10pp,5,1,Adjusted_minus_Heston,2,512,-1.3768057420918778
252,0.9,rho_plus10pp,5,1,Adjusted_minus_Heston,3,512,-1.3866033490807388
252,0.9,rho_plus10pp,5,1,Adjusted_minus_Heston,4,512,-1.2233950300950815
252,0.9,rho_plus10pp,5,1,Adjusted_minus_Heston,5,512,-1.2642685175242534
252,0.9,rho_plus10pp,5,1,Adjusted_minus_Heston,6,512,-1.055312025963485
252,0.9,rho_plus10pp,5,1,Adjusted_minus_Heston,7,512,-1.308049652684687
252,0.9,rho_plus10pp,5,5,Heston_minus_BS,0,512,0.9047538010907926
252,0.9,rho_plus10pp,5,5,Heston_minus_BS,1,512,1.0618077263877743
252,0.9,rho_plus10pp,5,5,Heston_minus_BS,2,512,1.1036974978665741
252,0.9,rho_plus10pp,5,5,Heston_minus_BS,3,512,1.2055193088540461
252,0.9,rho_plus10pp,5,5,Heston_minus_BS,4,512,0.9922290765349809
252,0.9,rho_plus10pp,5,5,Heston_minus_BS,5,512,0.9834325040679168
252,0.9,rho_plus10pp,5,5,Heston_minus_BS,6,512,0.8446305937817566
252,0.9,rho_plus10pp,5,5,Heston_minus_BS,7,512,1.1329120611040255
252,0.9,rho_plus10pp,5,5,Adjusted_minus_Heston,0,512,-1.152081698815394
252,0.9,rho_plus10pp,5,5,Adjusted_minus_Heston,1,512,-1.3285187058260006
252,0.9,rho_plus10pp,5,5,Adjusted_minus_Heston,2,512,-1.4117270282767649
252,0.9,rho_plus10pp,5,5,Adjusted_minus_Heston,3,512,-1.5299113808334432
252,0.9,rho_plus10pp,5,5,Adjusted_minus_Heston,4,512,-1.2221950846899274
252,0.9,rho_plus10pp,5,5,Adjusted_minus_Heston,5,512,-1.2241491667285718
252,0.9,rho_plus10pp,5,5,Adjusted_minus_Heston,6,512,-1.0346109403402415
252,0.9,rho_plus10pp,5,5,Adjusted_minus_Heston,7,512,-1.3562203397638792
252,0.9,rho_plus10pp,10,1,Heston_minus_BS,0,512,0.8364001833674783
252,0.9,rho_plus10pp,10,1,Heston_minus_BS,1,512,0.9502488083534303
252,0.9,rho_plus10pp,10,1,Heston_minus_BS,2,512,1.0267934770139693
252,0.9,rho_plus10pp,10,1,Heston_minus_BS,3,512,1.0920870720157363
252,0.9,rho_plus10pp,10,1,Heston_minus_BS,4,512,0.9113150072953144
252,0.9,rho_plus10pp,10,1,Heston_minus_BS,5,512,0.9704479773004897
252,0.9,rho_plus10pp,10,1,Heston_minus_BS,6,512,0.7987770839038395
252,0.9,rho_plus10pp,10,1,Heston_minus_BS,7,512,1.0755601671708768
252,0.9,rho_plus10pp,10,1,Adjusted_minus_Heston,0,512,-1.0024738348332627
252,0.9,rho_plus10pp,10,1,Adjusted_minus_Heston,1,512,-1.14314095440318
252,0.9,rho_plus10pp,10,1,Adjusted_minus_Heston,2,512,-1.2920740679613807
252,0.9,rho_plus10pp,10,1,Adjusted_minus_Heston,3,512,-1.3260448267531584
252,0.9,rho_plus10pp,10,1,Adjusted_minus_Heston,4,512,-1.102703593777148
252,0.9,rho_plus10pp,10,1,Adjusted_minus_Heston,5,512,-1.1741773168069274
252,0.9,rho_plus10pp,10,1,Adjusted_minus_Heston,6,512,-0.9261344007453347
252,0.9,rho_plus10pp,10,1,Adjusted_minus_Heston,7,512,-1.2557626545880152
252,0.9,rho_plus10pp,10,5,Heston_minus_BS,0,512,0.8346162266496222
252,0.9,rho_plus10pp,10,5,Heston_minus_BS,1,512,1.0074906299246098
252,0.9,rho_plus10pp,10,5,Heston_minus_BS,2,512,1.0501004525351525
252,0.9,rho_plus10pp,10,5,Heston_minus_BS,3,512,1.1617534017700866
252,0.9,rho_plus10pp,10,5,Heston_minus_BS,4,512,0.9214737963556958
252,0.9,rho_plus10pp,10,5,Heston_minus_BS,5,512,0.9215039942097342
252,0.9,rho_plus10pp,10,5,Heston_minus_BS,6,512,0.7691359267218258
252,0.9,rho_plus10pp,10,5,Heston_minus_BS,7,512,1.0872809897234852
252,0.9,rho_plus10pp,10,5,Adjusted_minus_Heston,0,512,-1.0414115772631036
252,0.9,rho_plus10pp,10,5,Adjusted_minus_Heston,1,512,-1.2399561702213608
252,0.9,rho_plus10pp,10,5,Adjusted_minus_Heston,2,512,-1.3225160375963452
252,0.9,rho_plus10pp,10,5,Adjusted_minus_Heston,3,512,-1.4584056991241767
252,0.9,rho_plus10pp,10,5,Adjusted_minus_Heston,4,512,-1.111785509126134
252,0.9,rho_plus10pp,10,5,Adjusted_minus_Heston,5,512,-1.1293888073874463
252,0.9,rho_plus10pp,10,5,Adjusted_minus_Heston,6,512,-0.9197766305499253
252,0.9,rho_plus10pp,10,5,Adjusted_minus_Heston,7,512,-1.2829600134836936
252,1.0,reference,0,1,Heston_minus_BS,0,512,1.9678245759940676
252,1.0,reference,0,1,Heston_minus_BS,1,512,2.155828638305966
252,1.0,reference,0,1,Heston_minus_BS,2,512,2.2375316500202374
252,1.0,reference,0,1,Heston_minus_BS,3,512,2.262148601132324
252,1.0,reference,0,1,Heston_minus_BS,4,512,2.1802398198196755
252,1.0,reference,0,1,Heston_minus_BS,5,512,2.2838191456887413
252,1.0,reference,0,1,Heston_minus_BS,6,512,2.162973453293168
252,1.0,reference,0,1,Heston_minus_BS,7,512,2.3262544459450964
252,1.0,reference,0,1,Adjusted_minus_Heston,0,512,-2.5936367823617816
252,1.0,reference,0,1,Adjusted_minus_Heston,1,512,-2.9089399541265104
252,1.0,reference,0,1,Adjusted_minus_Heston,2,512,-3.114584808485803
252,1.0,reference,0,1,Adjusted_minus_Heston,3,512,-2.9883725448839145
252,1.0,reference,0,1,Adjusted_minus_Heston,4,512,-3.0197546669977524
252,1.0,reference,0,1,Adjusted_minus_Heston,5,512,-3.0973462430530905
252,1.0,reference,0,1,Adjusted_minus_Heston,6,512,-2.8439796190248954
252,1.0,reference,0,1,Adjusted_minus_Heston,7,512,-3.031460865976076
252,1.0,reference,0,5,Heston_minus_BS,0,512,1.955373339787014
252,1.0,reference,0,5,Heston_minus_BS,1,512,2.248941748596538
252,1.0,reference,0,5,Heston_minus_BS,2,512,2.274543203095713
252,1.0,reference,0,5,Heston_minus_BS,3,512,2.4159165209611126
252,1.0,reference,0,5,Heston_minus_BS,4,512,2.163518555111077
252,1.0,reference,0,5,Heston_minus_BS,5,512,2.3080633758038624
252,1.0,reference,0,5,Heston_minus_BS,6,512,2.1309650216494864
252,1.0,reference,0,5,Heston_minus_BS,7,512,2.3785764027496583
252,1.0,reference,0,5,Adjusted_minus_Heston,0,512,-2.5799619609747673
252,1.0,reference,0,5,Adjusted_minus_Heston,1,512,-3.0378993592328953
252,1.0,reference,0,5,Adjusted_minus_Heston,2,512,-3.1544831715745136
252,1.0,reference,0,5,Adjusted_minus_Heston,3,512,-3.231125208462908
252,1.0,reference,0,5,Adjusted_minus_Heston,4,512,-2.933959549377464
252,1.0,reference,0,5,Adjusted_minus_Heston,5,512,-3.1480939729686295
252,1.0,reference,0,5,Adjusted_minus_Heston,6,512,-2.7979455022910202
252,1.0,reference,0,5,Adjusted_minus_Heston,7,512,-3.0988803278685046
252,1.0,reference,5,1,Heston_minus_BS,0,512,1.810974138341514
252,1.0,reference,5,1,Heston_minus_BS,1,512,2.0171216493912993
252,1.0,reference,5,1,Heston_minus_BS,2,512,2.1120784708816496
252,1.0,reference,5,1,Heston_minus_BS,3,512,2.14959486633502
252,1.0,reference,5,1,Heston_minus_BS,4,512,2.0047080575895126
252,1.0,reference,5,1,Heston_minus_BS,5,512,2.1302155790134316
252,1.0,reference,5,1,Heston_minus_BS,6,512,1.9895890330645107
252,1.0,reference,5,1,Heston_minus_BS,7,512,2.211679389388359
252,1.0,reference,5,1,Adjusted_minus_Heston,0,512,-2.289946105287177
252,1.0,reference,5,1,Adjusted_minus_Heston,1,512,-2.6282929115846576
252,1.0,reference,5,1,Adjusted_minus_Heston,2,512,-2.859031957074973
252,1.0,reference,5,1,Adjusted_minus_Heston,3,512,-2.7621847496373904
252,1.0,reference,5,1,Adjusted_minus_Heston,4,512,-2.6823216772452945
252,1.0,reference,5,1,Adjusted_minus_Heston,5,512,-2.800252728089217
252,1.0,reference,5,1,Adjusted_minus_Heston,6,512,-2.5134150149405237
252,1.0,reference,5,1,Adjusted_minus_Heston,7,512,-2.799385816980279
252,1.0,reference,5,5,Heston_minus_BS,0,512,1.8309950417245213
252,1.0,reference,5,5,Heston_minus_BS,1,512,2.1410687582372163
252,1.0,reference,5,5,Heston_minus_BS,2,512,2.170941569984474
252,1.0,reference,5,5,Heston_minus_BS,3,512,2.320749000641179
252,1.0,reference,5,5,Heston_minus_BS,4,512,2.0307254975401685
252,1.0,reference,5,5,Heston_minus_BS,5,512,2.184342137253268
252,1.0,reference,5,5,Heston_minus_BS,6,512,1.9955254709845907
252,1.0,reference,5,5,Heston_minus_BS,7,512,2.2804162803881525
252,1.0,reference,5,5,Adjusted_minus_Heston,0,512,-2.3544965101770323
252,1.0,reference,5,5,Adjusted_minus_Heston,1,512,-2.8343822747766265
252,1.0,reference,5,5,Adjusted_minus_Heston,2,512,-2.9594566375107334
252,1.0,reference,5,5,Adjusted_minus_Heston,3,512,-3.055279905948467
252,1.0,reference,5,5,Adjusted_minus_Heston,4,512,-2.691682103767925
252,1.0,reference,5,5,Adjusted_minus_Heston,5,512,-2.924585886318087
252,1.0,reference,5,5,Adjusted_minus_Heston,6,512,-2.5559636759796307
252,1.0,reference,5,5,Adjusted_minus_Heston,7,512,-2.91649537844671
252,1.0,reference,10,1,Heston_minus_BS,0,512,1.6563108791332897
252,1.0,reference,10,1,Heston_minus_BS,1,512,1.8810951568447507
252,1.0,reference,10,1,Heston_minus_BS,2,512,1.989439731781773
252,1.0,reference,10,1,Heston_minus_BS,3,512,2.0398683623978378
252,1.0,reference,10,1,Heston_minus_BS,4,512,1.8306415745936524
252,1.0,reference,10,1,Heston_minus_BS,5,512,1.978667565067866
252,1.0,reference,10,1,Heston_minus_BS,6,512,1.8174104010343197
252,1.0,reference,10,1,Heston_minus_BS,7,512,2.0997039911828423
252,1.0,reference,10,1,Adjusted_minus_Heston,0,512,-1.9864567521428054
252,1.0,reference,10,1,Adjusted_minus_Heston,1,512,-2.34840110823611
252,1.0,reference,10,1,Adjusted_minus_Heston,2,512,-2.6047453952061446
252,1.0,reference,10,1,Adjusted_minus_Heston,3,512,-2.5374471139092574
252,1.0,reference,10,1,Adjusted_minus_Heston,4,512,-2.344234287564011
252,1.0,reference,10,1,Adjusted_minus_Heston,5,512,-2.503562327161561
252,1.0,reference,10,1,Adjusted_minus_Heston,6,512,-2.181579243613497
252,1.0,reference,10,1,Adjusted_minus_Heston,7,512,-2.5685170557193167
252,1.0,reference,10,5,Heston_minus_BS,0,512,1.7077634605143426
252,1.0,reference,10,5,Heston_minus_BS,1,512,2.0345105715835756
252,1.0,reference,10,5,Heston_minus_BS,2,512,2.0686405978814104
252,1.0,reference,10,5,Heston_minus_BS,3,512,2.2268695050730036
252,1.0,reference,10,5,Heston_minus_BS,4,512,1.8989096532770624
252,1.0,reference,10,5,Heston_minus_BS,5,512,2.0616340704863942
252,1.0,reference,10,5,Heston_minus_BS,6,512,1.8609314284794345
252,1.0,reference,10,5,Heston_minus_BS,7,512,2.183533755481321
252,1.0,reference,10,5,Adjusted_minus_Heston,0,512,-2.129902265544355
252,1.0,reference,10,5,Adjusted_minus_Heston,1,512,-2.6319596886664707
252,1.0,reference,10,5,Adjusted_minus_Heston,2,512,-2.76555416482008
252,1.0,reference,10,5,Adjusted_minus_Heston,3,512,-2.8805925684528297
252,1.0,reference,10,5,Adjusted_minus_Heston,4,512,-2.4500403144562277
252,1.0,reference,10,5,Adjusted_minus_Heston,5,512,-2.7017996174658205
252,1.0,reference,10,5,Adjusted_minus_Heston,6,512,-2.314410595404132
252,1.0,reference,10,5,Adjusted_minus_Heston,7,512,-2.7353164256977176
252,1.0,kappa_minus20,0,1,Heston_minus_BS,0,512,2.2099468902304866
252,1.0,kappa_minus20,0,1,Heston_minus_BS,1,512,2.4130316293660847
252,1.0,kappa_minus20,0,1,Heston_minus_BS,2,512,2.514622642358443
252,1.0,kappa_minus20,0,1,Heston_minus_BS,3,512,2.5582925003658015
252,1.0,kappa_minus20,0,1,Heston_minus_BS,4,512,2.4262287371579316
252,1.0,kappa_minus20,0,1,Heston_minus_BS,5,512,2.542102075491961
252,1.0,kappa_minus20,0,1,Heston_minus_BS,6,512,2.4422867582882826
252,1.0,kappa_minus20,0,1,Heston_minus_BS,7,512,2.648643077815567
252,1.0,kappa_minus20,0,1,Adjusted_minus_Heston,0,512,-2.8922871357381332
252,1.0,kappa_minus20,0,1,Adjusted_minus_Heston,1,512,-3.244129530186543
252,1.0,kappa_minus20,0,1,Adjusted_minus_Heston,2,512,-3.4898063493736386
252,1.0,kappa_minus20,0,1,Adjusted_minus_Heston,3,512,-3.3291147275031463
252,1.0,kappa_minus20,0,1,Adjusted_minus_Heston,4,512,-3.3514253261513622
252,1.0,kappa_minus20,0,1,Adjusted_minus_Heston,5,512,-3.4465085312234343
252,1.0,kappa_minus20,0,1,Adjusted_minus_Heston,6,512,-3.1985535487311365
252,1.0,kappa_minus20,0,1,Adjusted_minus_Heston,7,512,-3.40259142064765
252,1.0,kappa_minus20,0,5,Heston_minus_BS,0,512,2.1793265723871458
252,1.0,kappa_minus20,0,5,Heston_minus_BS,1,512,2.5172661217496675
252,1.0,kappa_minus20,0,5,Heston_minus_BS,2,512,2.5673866150306517
252,1.0,kappa_minus20,0,5,Heston_minus_BS,3,512,2.725935427382174
252,1.0,kappa_minus20,0,5,Heston_minus_BS,4,512,2.429208224830574
252,1.0,kappa_minus20,0,5,Heston_minus_BS,5,512,2.574305140530709
252,1.0,kappa_minus20,0,5,Heston_minus_BS,6,512,2.4110171386555486
252,1.0,kappa_minus20,0,5,Heston_minus_BS,7,512,2.708221649402331
252,1.0,kappa_minus20,0,5,Adjusted_minus_Heston,0,512,-2.87128117369366
252,1.0,kappa_minus20,0,5,Adjusted_minus_Heston,1,512,-3.3878054485864713
252,1.0,kappa_minus20,0,5,Adjusted_minus_Heston,2,512,-3.532455108677459
252,1.0,kappa_minus20,0,5,Adjusted_minus_Heston,3,512,-3.5987188761496713
252,1.0,kappa_minus20,0,5,Adjusted_minus_Heston,4,512,-3.2653678553635155
252,1.0,kappa_minus20,0,5,Adjusted_minus_Heston,5,512,-3.5057937804892827
252,1.0,kappa_minus20,0,5,Adjusted_minus_Heston,6,512,-3.14220881346903
252,1.0,kappa_minus20,0,5,Adjusted_minus_Heston,7,512,-3.4859204125987184
252,1.0,kappa_minus20,5,1,Heston_minus_BS,0,512,2.033624774866232
252,1.0,kappa_minus20,5,1,Heston_minus_BS,1,512,2.2543407851394517
252,1.0,kappa_minus20,5,1,Heston_minus_BS,2,512,2.3711384534454765
252,1.0,kappa_minus20,5,1,Heston_minus_BS,3,512,2.4269757179572746
252,1.0,kappa_minus20,5,1,Heston_minus_BS,4,512,2.22375115025996
252,1.0,kappa_minus20,5,1,Heston_minus_BS,5,512,2.3624190510441925
252,1.0,kappa_minus20,5,1,Heston_minus_BS,6,512,2.245218081898918
252,1.0,kappa_minus20,5,1,Heston_minus_BS,7,512,2.5122555742832753
252,1.0,kappa_minus20,5,1,Adjusted_minus_Heston,0,512,-2.539149631786314
252,1.0,kappa_minus20,5,1,Adjusted_minus_Heston,1,512,-2.9189361848258093
252,1.0,kappa_minus20,5,1,Adjusted_minus_Heston,2,512,-3.190938130050224
252,1.0,kappa_minus20,5,1,Adjusted_minus_Heston,3,512,-3.0632571919424336
252,1.0,kappa_minus20,5,1,Adjusted_minus_Heston,4,512,-2.9595884689029237
252,1.0,kappa_minus20,5,1,Adjusted_minus_Heston,5,512,-3.098574552963539
252,1.0,kappa_minus20,5,1,Adjusted_minus_Heston,6,512,-2.8126756705352687
252,1.0,kappa_minus20,5,1,Adjusted_minus_Heston,7,512,-3.1282862771022515
252,1.0,kappa_minus20,5,5,Heston_minus_BS,0,512,2.041729701479469
252,1.0,kappa_minus20,5,5,Heston_minus_BS,1,512,2.396416390694042
252,1.0,kappa_minus20,5,5,Heston_minus_BS,2,512,2.4522177563026646
252,1.0,kappa_minus20,5,5,Heston_minus_BS,3,512,2.6184563777400944
252,1.0,kappa_minus20,5,5,Heston_minus_BS,4,512,2.280855298778298
252,1.0,kappa_minus20,5,5,Heston_minus_BS,5,512,2.4337987756972574
252,1.0,kappa_minus20,5,5,Heston_minus_BS,6,512,2.2593247552304567
252,1.0,kappa_minus20,5,5,Heston_minus_BS,7,512,2.595754422801333
252,1.0,kappa_minus20,5,5,Adjusted_minus_Heston,0,512,-2.6114654337989744
252,1.0,kappa_minus20,5,5,Adjusted_minus_Heston,1,512,-3.1539722444987257
252,1.0,kappa_minus20,5,5,Adjusted_minus_Heston,2,512,-3.307148868556014
252,1.0,kappa_minus20,5,5,Adjusted_minus_Heston,3,512,-3.394699931327648
252,1.0,kappa_minus20,5,5,Adjusted_minus_Heston,4,512,-2.98671611066314
252,1.0,kappa_minus20,5,5,Adjusted_minus_Heston,5,512,-3.246888518245513
252,1.0,kappa_minus20,5,5,Adjusted_minus_Heston,6,512,-2.8626305373714143
252,1.0,kappa_minus20,5,5,Adjusted_minus_Heston,7,512,-3.273641188272287
252,1.0,kappa_minus20,10,1,Heston_minus_BS,0,512,1.865857739458301
252,1.0,kappa_minus20,10,1,Heston_minus_BS,1,512,2.104902514811646
252,1.0,kappa_minus20,10,1,Heston_minus_BS,2,512,2.2369202330373614
252,1.0,kappa_minus20,10,1,Heston_minus_BS,3,512,2.3043856159764577
252,1.0,kappa_minus20,10,1,Heston_minus_BS,4,512,2.0289084422599863
252,1.0,kappa_minus20,10,1,Heston_minus_BS,5,512,2.1910713821030363
252,1.0,kappa_minus20,10,1,Heston_minus_BS,6,512,2.0552880555084965
252,1.0,kappa_minus20,10,1,Heston_minus_BS,7,512,2.3845022110127534
252,1.0,kappa_minus20,10,1,Adjusted_minus_Heston,0,512,-2.187612278042849
252,1.0,kappa_minus20,10,1,Adjusted_minus_Heston,1,512,-2.5960792115546347
252,1.0,kappa_minus20,10,1,Adjusted_minus_Heston,2,512,-2.894880755385433
252,1.0,kappa_minus20,10,1,Adjusted_minus_Heston,3,512,-2.800241546719045
252,1.0,kappa_minus20,10,1,Adjusted_minus_Heston,4,512,-2.5683881214762954
252,1.0,kappa_minus20,10,1,Adjusted_minus_Heston,5,512,-2.752355166084334
252,1.0,kappa_minus20,10,1,Adjusted_minus_Heston,6,512,-2.4266698170254712
252,1.0,kappa_minus20,10,1,Adjusted_minus_Heston,7,512,-2.856614339917922
252,1.0,kappa_minus20,10,5,Heston_minus_BS,0,512,1.9069475621420438
252,1.0,kappa_minus20,10,5,Heston_minus_BS,1,512,2.278548270590496
252,1.0,kappa_minus20,10,5,Heston_minus_BS,2,512,2.340029554097127
252,1.0,kappa_minus20,10,5,Heston_minus_BS,3,512,2.513801150451202
252,1.0,kappa_minus20,10,5,Heston_minus_BS,4,512,2.1350866081464943
252,1.0,kappa_minus20,10,5,Heston_minus_BS,5,512,2.2959634792414674
252,1.0,kappa_minus20,10,5,Heston_minus_BS,6,512,2.109997704153465
252,1.0,kappa_minus20,10,5,Heston_minus_BS,7,512,2.486151451977899
252,1.0,kappa_minus20,10,5,Adjusted_minus_Heston,0,512,-2.3530877583730962
252,1.0,kappa_minus20,10,5,Adjusted_minus_Heston,1,512,-2.9218433679725013
252,1.0,kappa_minus20,10,5,Adjusted_minus_Heston,2,512,-3.0835703189377726
252,1.0,kappa_minus20,10,5,Adjusted_minus_Heston,3,512,-3.1924072123701595
252,1.0,kappa_minus20,10,5,Adjusted_minus_Heston,4,512,-2.709250658527387
252,1.0,kappa_minus20,10,5,Adjusted_minus_Heston,5,512,-2.989243083430693
252,1.0,kappa_minus20,10,5,Adjusted_minus_Heston,6,512,-2.583972982897757
252,1.0,kappa_minus20,10,5,Adjusted_minus_Heston,7,512,-3.0631633341293503
252,1.0,kappa_plus20,0,1,Heston_minus_BS,0,512,1.788417515058157
252,1.0,kappa_plus20,0,1,Heston_minus_BS,1,512,1.9640261833147041
252,1.0,kappa_plus20,0,1,Heston_minus_BS,2,512,2.0284043136163734
252,1.0,kappa_plus20,0,1,Heston_minus_BS,3,512,2.040796782281152
252,1.0,kappa_plus20,0,1,Heston_minus_BS,4,512,1.9979120792790397
252,1.0,kappa_plus20,0,1,Heston_minus_BS,5,512,2.0917706764474326
252,1.0,kappa_plus20,0,1,Heston_minus_BS,6,512,1.955537174966757
252,1.0,kappa_plus20,0,1,Heston_minus_BS,7,512,2.0834975949916306
252,1.0,kappa_plus20,0,1,Adjusted_minus_Heston,0,512,-2.340133132172226
252,1.0,kappa_plus20,0,1,Adjusted_minus_Heston,1,512,-2.6257567660744066
252,1.0,kappa_plus20,0,1,Adjusted_minus_Heston,2,512,-2.7995663009593246
252,1.0,kappa_plus20,0,1,Adjusted_minus_Heston,3,512,-2.6960262329084186
252,1.0,kappa_plus20,0,1,Adjusted_minus_Heston,4,512,-2.7373310525483907
252,1.0,kappa_plus20,0,1,Adjusted_minus_Heston,5,512,-2.8012560861821925
252,1.0,kappa_plus20,0,1,Adjusted_minus_Heston,6,512,-2.548704866426908
252,1.0,kappa_plus20,0,1,Adjusted_minus_Heston,7,512,-2.719709777399562
252,1.0,kappa_plus20,0,5,Heston_minus_BS,0,512,1.7914423041447385
252,1.0,kappa_plus20,0,5,Heston_minus_BS,1,512,2.049077124784405
252,1.0,kappa_plus20,0,5,Heston_minus_BS,2,512,2.05320424838956
252,1.0,kappa_plus20,0,5,Heston_minus_BS,3,512,2.1837909675204594
252,1.0,kappa_plus20,0,5,Heston_minus_BS,4,512,1.9665890871211422
252,1.0,kappa_plus20,0,5,Heston_minus_BS,5,512,2.1092462857157463
252,1.0,kappa_plus20,0,5,Heston_minus_BS,6,512,1.9232103628758388
252,1.0,kappa_plus20,0,5,Heston_minus_BS,7,512,2.1305653752778935
252,1.0,kappa_plus20,0,5,Adjusted_minus_Heston,0,512,-2.3299925237213452
252,1.0,kappa_plus20,0,5,Adjusted_minus_Heston,1,512,-2.741894390564922
252,1.0,kappa_plus20,0,5,Adjusted_minus_Heston,2,512,-2.8368382901851117
252,1.0,kappa_plus20,0,5,Adjusted_minus_Heston,3,512,-2.917160272269045
252,1.0,kappa_plus20,0,5,Adjusted_minus_Heston,4,512,-2.653415038553828
252,1.0,kappa_plus20,0,5,Adjusted_minus_Heston,5,512,-2.8459683667393088
252,1.0,kappa_plus20,0,5,Adjusted_minus_Heston,6,512,-2.510105148790425
252,1.0,kappa_plus20,0,5,Adjusted_minus_Heston,7,512,-2.7742902031776913
252,1.0,kappa_plus20,5,1,Heston_minus_BS,0,512,1.6476076290533526
252,1.0,kappa_plus20,5,1,Heston_minus_BS,1,512,1.841348966088044
252,1.0,kappa_plus20,5,1,Heston_minus_BS,2,512,1.917280632975971
252,1.0,kappa_plus20,5,1,Heston_minus_BS,3,512,1.9429441631142423
252,1.0,kappa_plus20,5,1,Heston_minus_BS,4,512,1.8438099763055131
252,1.0,kappa_plus20,5,1,Heston_minus_BS,5,512,1.9586879613296029
252,1.0,kappa_plus20,5,1,Heston_minus_BS,6,512,1.8010139252832542
252,1.0,kappa_plus20,5,1,Heston_minus_BS,7,512,1.9860411528601922
252,1.0,kappa_plus20,5,1,Adjusted_minus_Heston,0,512,-2.074652229027764
252,1.0,kappa_plus20,5,1,Adjusted_minus_Heston,1,512,-2.37945224411066
252,1.0,kappa_plus20,5,1,Adjusted_minus_Heston,2,512,-2.577123680983357
252,1.0,kappa_plus20,5,1,Adjusted_minus_Heston,3,512,-2.4999244138402323
252,1.0,kappa_plus20,5,1,Adjusted_minus_Heston,4,512,-2.4417235149329475
252,1.0,kappa_plus20,5,1,Adjusted_minus_Heston,5,512,-2.542804132605302
252,1.0,kappa_plus20,5,1,Adjusted_minus_Heston,6,512,-2.260432485764888
252,1.0,kappa_plus20,5,1,Adjusted_minus_Heston,7,512,-2.519438476463032
252,1.0,kappa_plus20,5,5,Heston_minus_BS,0,512,1.6779735999315268
252,1.0,kappa_plus20,5,5,Heston_minus_BS,1,512,1.9517180693731628
252,1.0,kappa_plus20,5,5,Heston_minus_BS,2,512,1.9589816814312226
252,1.0,kappa_plus20,5,5,Heston_minus_BS,3,512,2.098367374535696
252,1.0,kappa_plus20,5,5,Heston_minus_BS,4,512,1.846299465763332
252,1.0,kappa_plus20,5,5,Heston_minus_BS,5,512,1.9989115692900201
252,1.0,kappa_plus20,5,5,Heston_minus_BS,6,512,1.800868547164676
252,1.0,kappa_plus20,5,5,Heston_minus_BS,7,512,2.0437846151719343
252,1.0,kappa_plus20,5,5,Adjusted_minus_Heston,0,512,-2.1313477380583135
252,1.0,kappa_plus20,5,5,Adjusted_minus_Heston,1,512,-2.562186382375626
252,1.0,kappa_plus20,5,5,Adjusted_minus_Heston,2,512,-2.6653275895706616
252,1.0,kappa_plus20,5,5,Adjusted_minus_Heston,3,512,-2.7629994080629308
252,1.0,kappa_plus20,5,5,Adjusted_minus_Heston,4,512,-2.4394317201914406
252,1.0,kappa_plus20,5,5,Adjusted_minus_Heston,5,512,-2.649736439391922
252,1.0,kappa_plus20,5,5,Adjusted_minus_Heston,6,512,-2.2973286028462923
252,1.0,kappa_plus20,5,5,Adjusted_minus_Heston,7,512,-2.6147978504531553
252,1.0,kappa_plus20,10,1,Heston_minus_BS,0,512,1.5043929091119854
252,1.0,kappa_plus20,10,1,Heston_minus_BS,1,512,1.7165943074427372
252,1.0,kappa_plus20,10,1,Heston_minus_BS,2,512,1.8043007603564094
252,1.0,kappa_plus20,10,1,Heston_minus_BS,3,512,1.8436383026128398
252,1.0,kappa_plus20,10,1,Heston_minus_BS,4,512,1.6866989792659215
252,1.0,kappa_plus20,10,1,Heston_minus_BS,5,512,1.8231219211228185
252,1.0,kappa_plus20,10,1,Heston_minus_BS,6,512,1.6434050911244316
252,1.0,kappa_plus20,10,1,Heston_minus_BS,7,512,1.8868263612103502
252,1.0,kappa_plus20,10,1,Adjusted_minus_Heston,0,512,-1.8084804966131673
252,1.0,kappa_plus20,10,1,Adjusted_minus_Heston,1,512,-2.1328919023455555
252,1.0,kappa_plus20,10,1,Adjusted_minus_Heston,2,512,-2.3549424612323886
252,1.0,kappa_plus20,10,1,Adjusted_minus_Heston,3,512,-2.3043587007427284
252,1.0,kappa_plus20,10,1,Adjusted_minus_Heston,4,512,-2.1446447209421153
252,1.0,kappa_plus20,10,1,Adjusted_minus_Heston,5,512,-2.2839237075625722
252,1.0,kappa_plus20,10,1,Adjusted_minus_Heston,6,512,-1.970197734865763
252,1.0,kappa_plus20,10,1,Adjusted_minus_Heston,7,512,-2.3194537442478156
252,1.0,kappa_plus20,10,5,Heston_minus_BS,0,512,1.5644441774820703
252,1.0,kappa_plus20,10,5,Heston_minus_BS,1,512,1.8544560648870476
252,1.0,kappa_plus20,10,5,Heston_minus_BS,2,512,1.8648424782006536
252,1.0,kappa_plus20,10,5,Heston_minus_BS,3,512,2.0131143639508386
252,1.0,kappa_plus20,10,5,Heston_minus_BS,4,512,1.7258204103306722
252,1.0,kappa_plus20,10,5,Heston_minus_BS,5,512,1.8883896495777295
252,1.0,kappa_plus20,10,5,Heston_minus_BS,6,512,1.678273020668151
252,1.0,kappa_plus20,10,5,Heston_minus_BS,7,512,1.9571321556556347
252,1.0,kappa_plus20,10,5,Adjusted_minus_Heston,0,512,-1.933199187728155
252,1.0,kappa_plus20,10,5,Adjusted_minus_Heston,1,512,-2.3831513573330483
252,1.0,kappa_plus20,10,5,Adjusted_minus_Heston,2,512,-2.4945378652462673
252,1.0,kappa_plus20,10,5,Adjusted_minus_Heston,3,512,-2.6096163571382904
252,1.0,kappa_plus20,10,5,Adjusted_minus_Heston,4,512,-2.2257234421537704
252,1.0,kappa_plus20,10,5,Adjusted_minus_Heston,5,512,-2.453879860948394
252,1.0,kappa_plus20,10,5,Adjusted_minus_Heston,6,512,-2.084661255375182
252,1.0,kappa_plus20,10,5,Adjusted_minus_Heston,7,512,-2.4561153423489746
252,1.0,theta_minus20,0,1,Heston_minus_BS,0,512,1.9658799590113019
252,1.0,theta_minus20,0,1,Heston_minus_BS,1,512,2.173958623563548
252,1.0,theta_minus20,0,1,Heston_minus_BS,2,512,2.2517920824725417
252,1.0,theta_minus20,0,1,Heston_minus_BS,3,512,2.2880671423300676
252,1.0,theta_minus20,0,1,Heston_minus_BS,4,512,2.181388562958805
252,1.0,theta_minus20,0,1,Heston_minus_BS,5,512,2.3262851017336317
252,1.0,theta_minus20,0,1,Heston_minus_BS,6,512,2.26460408054663
252,1.0,theta_minus20,0,1,Heston_minus_BS,7,512,2.4184757884848955
252,1.0,theta_minus20,0,1,Adjusted_minus_Heston,0,512,-2.717795557819705
252,1.0,theta_minus20,0,1,Adjusted_minus_Heston,1,512,-3.0426498985969808
252,1.0,theta_minus20,0,1,Adjusted_minus_Heston,2,512,-3.2769199591240192
252,1.0,theta_minus20,0,1,Adjusted_minus_Heston,3,512,-3.0930248912089677
252,1.0,theta_minus20,0,1,Adjusted_minus_Heston,4,512,-3.160691480005778
252,1.0,theta_minus20,0,1,Adjusted_minus_Heston,5,512,-3.2723935580753896
252,1.0,theta_minus20,0,1,Adjusted_minus_Heston,6,512,-3.044731406048725
252,1.0,theta_minus20,0,1,Adjusted_minus_Heston,7,512,-3.1947991187768734
252,1.0,theta_minus20,0,5,Heston_minus_BS,0,512,1.9062862077437566
252,1.0,theta_minus20,0,5,Heston_minus_BS,1,512,2.2942838393132066
252,1.0,theta_minus20,0,5,Heston_minus_BS,2,512,2.321892062466278
252,1.0,theta_minus20,0,5,Heston_minus_BS,3,512,2.461823411261329
252,1.0,theta_minus20,0,5,Heston_minus_BS,4,512,2.1864910148017027
252,1.0,theta_minus20,0,5,Heston_minus_BS,5,512,2.358118821844238
252,1.0,theta_minus20,0,5,Heston_minus_BS,6,512,2.2239417723970134
252,1.0,theta_minus20,0,5,Heston_minus_BS,7,512,2.481841844104893
252,1.0,theta_minus20,0,5,Adjusted_minus_Heston,0,512,-2.7068505851523463
252,1.0,theta_minus20,0,5,Adjusted_minus_Heston,1,512,-3.180690932818945
252,1.0,theta_minus20,0,5,Adjusted_minus_Heston,2,512,-3.316971022832758
252,1.0,theta_minus20,0,5,Adjusted_minus_Heston,3,512,-3.352425221696125
252,1.0,theta_minus20,0,5,Adjusted_minus_Heston,4,512,-3.076822198521068
252,1.0,theta_minus20,0,5,Adjusted_minus_Heston,5,512,-3.3360000146920195
252,1.0,theta_minus20,0,5,Adjusted_minus_Heston,6,512,-3.0102767686740823
252,1.0,theta_minus20,0,5,Adjusted_minus_Heston,7,512,-3.2736179016534033
252,1.0,theta_minus20,5,1,Heston_minus_BS,0,512,1.8104984369353105
252,1.0,theta_minus20,5,1,Heston_minus_BS,1,512,2.0336319695994036
252,1.0,theta_minus20,5,1,Heston_minus_BS,2,512,2.1265890969047385
252,1.0,theta_minus20,5,1,Heston_minus_BS,3,512,2.1714737574946037
252,1.0,theta_minus20,5,1,Heston_minus_BS,4,512,1.9970451212573421
252,1.0,theta_minus20,5,1,Heston_minus_BS,5,512,2.1593816734572773
252,1.0,theta_minus20,5,1,Heston_minus_BS,6,512,2.088947376147523
252,1.0,theta_minus20,5,1,Heston_minus_BS,7,512,2.2965054278017316
252,1.0,theta_minus20,5,1,Adjusted_minus_Heston,0,512,-2.393152373957357
252,1.0,theta_minus20,5,1,Adjusted_minus_Heston,1,512,-2.7428254867979076
252,1.0,theta_minus20,5,1,Adjusted_minus_Heston,2,512,-3.004098145947461
252,1.0,theta_minus20,5,1,Adjusted_minus_Heston,3,512,-2.8510155786938087
252,1.0,theta_minus20,5,1,Adjusted_minus_Heston,4,512,-2.7979640204726883
252,1.0,theta_minus20,5,1,Adjusted_minus_Heston,5,512,-2.9533395194560397
252,1.0,theta_minus20,5,1,Adjusted_minus_Heston,6,512,-2.6904109264035085
252,1.0,theta_minus20,5,1,Adjusted_minus_Heston,7,512,-2.9460555671613786
252,1.0,theta_minus20,5,5,Heston_minus_BS,0,512,1.7792340864963527
252,1.0,theta_minus20,5,5,Heston_minus_BS,1,512,2.184265072588228
252,1.0,theta_minus20,5,5,Heston_minus_BS,2,512,2.219025911599011
252,1.0,theta_minus20,5,5,Heston_minus_BS,3,512,2.362501484136131
252,1.0,theta_minus20,5,5,Heston_minus_BS,4,512,2.0490953181320313
252,1.0,theta_minus20,5,5,Heston_minus_BS,5,512,2.2236648585163095
252,1.0,theta_minus20,5,5,Heston_minus_BS,6,512,2.0830344110380734
252,1.0,theta_minus20,5,5,Heston_minus_BS,7,512,2.377950449126696
252,1.0,theta_minus20,5,5,Adjusted_minus_Heston,0,512,-2.4674938338682084
252,1.0,theta_minus20,5,5,Adjusted_minus_Heston,1,512,-2.9653157128772882
252,1.0,theta_minus20,5,5,Adjusted_minus_Heston,2,512,-3.110366859585075
252,1.0,theta_minus20,5,5,Adjusted_minus_Heston,3,512,-3.1656399409330556
252,1.0,theta_minus20,5,5,Adjusted_minus_Heston,4,512,-2.8187845856072222
252,1.0,theta_minus20,5,5,Adjusted_minus_Heston,5,512,-3.098153423519289
252,1.0,theta_minus20,5,5,Adjusted_minus_Heston,6,512,-2.753408381506488
252,1.0,theta_minus20,5,5,Adjusted_minus_Heston,7,512,-3.079741208761933
252,1.0,theta_minus20,10,1,Heston_minus_BS,0,512,1.6715780438976795
252,1.0,theta_minus20,10,1,Heston_minus_BS,1,512,1.9104227511761733
252,1.0,theta_minus20,10,1,Heston_minus_BS,2,512,2.018403069665455
252,1.0,theta_minus20,10,1,Heston_minus_BS,3,512,2.071044258343285
252,1.0,theta_minus20,10,1,Heston_minus_BS,4,512,1.8279793322557267
252,1.0,theta_minus20,10,1,Heston_minus_BS,5,512,2.0080487724680447
252,1.0,theta_minus20,10,1,Heston_minus_BS,6,512,1.9280547809064532
252,1.0,theta_minus20,10,1,Heston_minus_BS,7,512,2.1905992673611387
252,1.0,theta_minus20,10,1,Adjusted_minus_Heston,0,512,-2.0694860080275586
252,1.0,theta_minus20,10,1,Adjusted_minus_Heston,1,512,-2.444689913083561
252,1.0,theta_minus20,10,1,Adjusted_minus_Heston,2,512,-2.7334844382810073
252,1.0,theta_minus20,10,1,Adjusted_minus_Heston,3,512,-2.6112719826654116
252,1.0,theta_minus20,10,1,Adjusted_minus_Heston,4,512,-2.4352145867456296
252,1.0,theta_minus20,10,1,Adjusted_minus_Heston,5,512,-2.635407619031924
252,1.0,theta_minus20,10,1,Adjusted_minus_Heston,6,512,-2.3353379366914284
252,1.0,theta_minus20,10,1,Adjusted_minus_Heston,7,512,-2.699338660918494
252,1.0,theta_minus20,10,5,Heston_minus_BS,0,512,1.6568098730090957
252,1.0,theta_minus20,10,5,Heston_minus_BS,1,512,2.079029763140613
252,1.0,theta_minus20,10,5,Heston_minus_BS,2,512,2.120973192627307
252,1.0,theta_minus20,10,5,Heston_minus_BS,3,512,2.2677227812597867
252,1.0,theta_minus20,10,5,Heston_minus_BS,4,512,1.9160685044297951
252,1.0,theta_minus20,10,5,Heston_minus_BS,5,512,2.0935228188427786
252,1.0,theta_minus20,10,5,Heston_minus_BS,6,512,1.9462428935338925
252,1.0,theta_minus20,10,5,Heston_minus_BS,7,512,2.2786462838490973
252,1.0,theta_minus20,10,5,Adjusted_minus_Heston,0,512,-2.2293159599591736
252,1.0,theta_minus20,10,5,Adjusted_minus_Heston,1,512,-2.75138415899242
252,1.0,theta_minus20,10,5,Adjusted_minus_Heston,2,512,-2.9052343419935855
252,1.0,theta_minus20,10,5,Adjusted_minus_Heston,3,512,-2.9803307638431775
252,1.0,theta_minus20,10,5,Adjusted_minus_Heston,4,512,-2.5616638539520817
252,1.0,theta_minus20,10,5,Adjusted_minus_Heston,5,512,-2.8613163190504305
252,1.0,theta_minus20,10,5,Adjusted_minus_Heston,6,512,-2.497202986049004
252,1.0,theta_minus20,10,5,Adjusted_minus_Heston,7,512,-2.887400188099351
252,1.0,theta_plus20,0,1,Heston_minus_BS,0,512,2.055442026215408
252,1.0,theta_plus20,0,1,Heston_minus_BS,1,512,2.2283876938563547
252,1.0,theta_plus20,0,1,Heston_minus_BS,2,512,2.3043331480436717
252,1.0,theta_plus20,0,1,Heston_minus_BS,3,512,2.3437340129209394
252,1.0,theta_plus20,0,1,Heston_minus_BS,4,512,2.2638893910902587
252,1.0,theta_plus20,0,1,Heston_minus_BS,5,512,2.3357364350172256
252,1.0,theta_plus20,0,1,Heston_minus_BS,6,512,2.156848624328417
252,1.0,theta_plus20,0,1,Heston_minus_BS,7,512,2.3337367228425956
252,1.0,theta_plus20,0,1,Adjusted_minus_Heston,0,512,-2.5001077954041153
252,1.0,theta_plus20,0,1,Adjusted_minus_Heston,1,512,-2.806577459381505
252,1.0,theta_plus20,0,1,Adjusted_minus_Heston,2,512,-2.9894366543792303
252,1.0,theta_plus20,0,1,Adjusted_minus_Heston,3,512,-2.9123268814193874
252,1.0,theta_plus20,0,1,Adjusted_minus_Heston,4,512,-2.9119308130612493
252,1.0,theta_plus20,0,1,Adjusted_minus_Heston,5,512,-2.9608367424480053
252,1.0,theta_plus20,0,1,Adjusted_minus_Heston,6,512,-2.684371950167761
252,1.0,theta_plus20,0,1,Adjusted_minus_Heston,7,512,-2.907614298933997
252,1.0,theta_plus20,0,5,Heston_minus_BS,0,512,2.0836869041498938
252,1.0,theta_plus20,0,5,Heston_minus_BS,1,512,2.2995741395789078
252,1.0,theta_plus20,0,5,Heston_minus_BS,2,512,2.3162664973976943
252,1.0,theta_plus20,0,5,Heston_minus_BS,3,512,2.4821922226040725
252,1.0,theta_plus20,0,5,Heston_minus_BS,4,512,2.23308855680893
252,1.0,theta_plus20,0,5,Heston_minus_BS,5,512,2.3523588633509913
252,1.0,theta_plus20,0,5,Heston_minus_BS,6,512,2.1324693686856078
252,1.0,theta_plus20,0,5,Heston_minus_BS,7,512,2.3757565583638183
252,1.0,theta_plus20,0,5,Adjusted_minus_Heston,0,512,-2.483125096152661
252,1.0,theta_plus20,0,5,Adjusted_minus_Heston,1,512,-2.927106946143729
252,1.0,theta_plus20,0,5,Adjusted_minus_Heston,2,512,-3.030475199147936
252,1.0,theta_plus20,0,5,Adjusted_minus_Heston,3,512,-3.1422789594219944
252,1.0,theta_plus20,0,5,Adjusted_minus_Heston,4,512,-2.8256035837120486
252,1.0,theta_plus20,0,5,Adjusted_minus_Heston,5,512,-3.0017710985913557
252,1.0,theta_plus20,0,5,Adjusted_minus_Heston,6,512,-2.6300784573839264
252,1.0,theta_plus20,0,5,Adjusted_minus_Heston,7,512,-2.9648307371555713
252,1.0,theta_plus20,5,1,Heston_minus_BS,0,512,1.8992922182352756
252,1.0,theta_plus20,5,1,Heston_minus_BS,1,512,2.0927045300383424
252,1.0,theta_plus20,5,1,Heston_minus_BS,2,512,2.179873170081982
252,1.0,theta_plus20,5,1,Heston_minus_BS,3,512,2.2359384216420866
252,1.0,theta_plus20,5,1,Heston_minus_BS,4,512,2.096459595007334
252,1.0,theta_plus20,5,1,Heston_minus_BS,5,512,2.194445588883991
252,1.0,theta_plus20,5,1,Heston_minus_BS,6,512,1.9863900664028185
252,1.0,theta_plus20,5,1,Heston_minus_BS,7,512,2.2261230319684637
252,1.0,theta_plus20,5,1,Adjusted_minus_Heston,0,512,-2.214083802399509
252,1.0,theta_plus20,5,1,Adjusted_minus_Heston,1,512,-2.5421517000827984
252,1.0,theta_plus20,5,1,Adjusted_minus_Heston,2,512,-2.748432881059241
252,1.0,theta_plus20,5,1,Adjusted_minus_Heston,3,512,-2.699242833011571
252,1.0,theta_plus20,5,1,Adjusted_minus_Heston,4,512,-2.595437725387813
252,1.0,theta_plus20,5,1,Adjusted_minus_Heston,5,512,-2.6818113615152535
252,1.0,theta_plus20,5,1,Adjusted_minus_Heston,6,512,-2.3733600646885487
252,1.0,theta_plus20,5,1,Adjusted_minus_Heston,7,512,-2.689335479599557
252,1.0,theta_plus20,5,5,Heston_minus_BS,0,512,1.9622184464887718
252,1.0,theta_plus20,5,5,Heston_minus_BS,1,512,2.1939742162388756
252,1.0,theta_plus20,5,5,Heston_minus_BS,2,512,2.2124774152585456
252,1.0,theta_plus20,5,5,Heston_minus_BS,3,512,2.3908842216893467
252,1.0,theta_plus20,5,5,Heston_minus_BS,4,512,2.1042614236753043
252,1.0,theta_plus20,5,5,Heston_minus_BS,5,512,2.238038892776669
252,1.0,theta_plus20,5,5,Heston_minus_BS,6,512,2.0019370844609363
252,1.0,theta_plus20,5,5,Heston_minus_BS,7,512,2.28251571526671
252,1.0,theta_plus20,5,5,Adjusted_minus_Heston,0,512,-2.2693196848502426
252,1.0,theta_plus20,5,5,Adjusted_minus_Heston,1,512,-2.733760196890352
252,1.0,theta_plus20,5,5,Adjusted_minus_Heston,2,512,-2.845251487949224
252,1.0,theta_plus20,5,5,Adjusted_minus_Heston,3,512,-2.9754937778576442
252,1.0,theta_plus20,5,5,Adjusted_minus_Heston,4,512,-2.596383840813759
252,1.0,theta_plus20,5,5,Adjusted_minus_Heston,5,512,-2.7901199826429517
252,1.0,theta_plus20,5,5,Adjusted_minus_Heston,6,512,-2.400482186688512
252,1.0,theta_plus20,5,5,Adjusted_minus_Heston,7,512,-2.7919280715397834
252,1.0,theta_plus20,10,1,Heston_minus_BS,0,512,1.7340000210678173
252,1.0,theta_plus20,10,1,Heston_minus_BS,1,512,1.9482334443631926
252,1.0,theta_plus20,10,1,Heston_minus_BS,2,512,2.0469267416390764
252,1.0,theta_plus20,10,1,Heston_minus_BS,3,512,2.1203358029812702
252,1.0,theta_plus20,10,1,Heston_minus_BS,4,512,1.9194667646443768
252,1.0,theta_plus20,10,1,Heston_minus_BS,5,512,2.044482266943582
252,1.0,theta_plus20,10,1,Heston_minus_BS,6,512,1.8063082812884454
252,1.0,theta_plus20,10,1,Heston_minus_BS,7,512,2.1103876353847495
252,1.0,theta_plus20,10,1,Adjusted_minus_Heston,0,512,-1.9277497032336832
252,1.0,theta_plus20,10,1,Adjusted_minus_Heston,1,512,-2.2778644301340565
252,1.0,theta_plus20,10,1,Adjusted_minus_Heston,2,512,-2.508058550072849
252,1.0,theta_plus20,10,1,Adjusted_minus_Heston,3,512,-2.4870390518306227
252,1.0,theta_plus20,10,1,Adjusted_minus_Heston,4,512,-2.277873721213383
252,1.0,theta_plus20,10,1,Adjusted_minus_Heston,5,512,-2.4027164705306974
252,1.0,theta_plus20,10,1,Adjusted_minus_Heston,6,512,-2.0607564148915998
252,1.0,theta_plus20,10,1,Adjusted_minus_Heston,7,512,-2.4717100350705756
252,1.0,theta_plus20,10,5,Heston_minus_BS,0,512,1.8391292607592087
252,1.0,theta_plus20,10,5,Heston_minus_BS,1,512,2.0869199417859594
252,1.0,theta_plus20,10,5,Heston_minus_BS,2,512,2.107190283576182
252,1.0,theta_plus20,10,5,Heston_minus_BS,3,512,2.2982656238055736
252,1.0,theta_plus20,10,5,Heston_minus_BS,4,512,1.9737004303840455
252,1.0,theta_plus20,10,5,Heston_minus_BS,5,512,2.1221172920145497
252,1.0,theta_plus20,10,5,Heston_minus_BS,6,512,1.8696379566677617
252,1.0,theta_plus20,10,5,Heston_minus_BS,7,512,2.187914941761521
252,1.0,theta_plus20,10,5,Adjusted_minus_Heston,0,512,-2.0561701147847367
252,1.0,theta_plus20,10,5,Adjusted_minus_Heston,1,512,-2.541253473125186
252,1.0,theta_plus20,10,5,Adjusted_minus_Heston,2,512,-2.6609073072018408
252,1.0,theta_plus20,10,5,Adjusted_minus_Heston,3,512,-2.8096396104859918
252,1.0,theta_plus20,10,5,Adjusted_minus_Heston,4,512,-2.367605000744138
252,1.0,theta_plus20,10,5,Adjusted_minus_Heston,5,512,-2.5789980873827565
252,1.0,theta_plus20,10,5,Adjusted_minus_Heston,6,512,-2.171152492217307
252,1.0,theta_plus20,10,5,Adjusted_minus_Heston,7,512,-2.620000157327552
252,1.0,xi_minus20,0,1,Heston_minus_BS,0,512,1.687582795690772
252,1.0,xi_minus20,0,1,Heston_minus_BS,1,512,1.827485185501034
252,1.0,xi_minus20,0,1,Heston_minus_BS,2,512,1.9303699327562844
252,1.0,xi_minus20,0,1,Heston_minus_BS,3,512,1.926731867585366
252,1.0,xi_minus20,0,1,Heston_minus_BS,4,512,1.848935981317303
252,1.0,xi_minus20,0,1,Heston_minus_BS,5,512,1.9407590258618743
252,1.0,xi_minus20,0,1,Heston_minus_BS,6,512,1.809394387767377
252,1.0,xi_minus20,0,1,Heston_minus_BS,7,512,1.926705921685152
252,1.0,xi_minus20,0,1,Adjusted_minus_Heston,0,512,-2.1559600067557896
252,1.0,xi_minus20,0,1,Adjusted_minus_Heston,1,512,-2.411651024613718
252,1.0,xi_minus20,0,1,Adjusted_minus_Heston,2,512,-2.5668863431276963
252,1.0,xi_minus20,0,1,Adjusted_minus_Heston,3,512,-2.482746489261697
252,1.0,xi_minus20,0,1,Adjusted_minus_Heston,4,512,-2.4886991659721556
252,1.0,xi_minus20,0,1,Adjusted_minus_Heston,5,512,-2.5539341885085713
252,1.0,xi_minus20,0,1,Adjusted_minus_Heston,6,512,-2.3489900171854403
252,1.0,xi_minus20,0,1,Adjusted_minus_Heston,7,512,-2.4980200556540795
252,1.0,xi_minus20,0,5,Heston_minus_BS,0,512,1.6753322346145498
252,1.0,xi_minus20,0,5,Heston_minus_BS,1,512,1.8935069679389303
252,1.0,xi_minus20,0,5,Heston_minus_BS,2,512,1.9617326194360603
252,1.0,xi_minus20,0,5,Heston_minus_BS,3,512,2.040915683388758
252,1.0,xi_minus20,0,5,Heston_minus_BS,4,512,1.8176555753719992
252,1.0,xi_minus20,0,5,Heston_minus_BS,5,512,1.95997291618402
252,1.0,xi_minus20,0,5,Heston_minus_BS,6,512,1.7863372988919646
252,1.0,xi_minus20,0,5,Heston_minus_BS,7,512,1.9653992521142931
252,1.0,xi_minus20,0,5,Adjusted_minus_Heston,0,512,-2.1416980705963855
252,1.0,xi_minus20,0,5,Adjusted_minus_Heston,1,512,-2.5136808378291606
252,1.0,xi_minus20,0,5,Adjusted_minus_Heston,2,512,-2.6003365446563746
252,1.0,xi_minus20,0,5,Adjusted_minus_Heston,3,512,-2.671511048300129
252,1.0,xi_minus20,0,5,Adjusted_minus_Heston,4,512,-2.415089799297707
252,1.0,xi_minus20,0,5,Adjusted_minus_Heston,5,512,-2.5934288595812287
252,1.0,xi_minus20,0,5,Adjusted_minus_Heston,6,512,-2.30995063384467
252,1.0,xi_minus20,0,5,Adjusted_minus_Heston,7,512,-2.5526786207548997
252,1.0,xi_minus20,5,1,Heston_minus_BS,0,512,1.5399139860554714
252,1.0,xi_minus20,5,1,Heston_minus_BS,1,512,1.6947065165179818
252,1.0,xi_minus20,5,1,Heston_minus_BS,2,512,1.8093889853540026
252,1.0,xi_minus20,5,1,Heston_minus_BS,3,512,1.8177848413064075
252,1.0,xi_minus20,5,1,Heston_minus_BS,4,512,1.687289622599876
252,1.0,xi_minus20,5,1,Heston_minus_BS,5,512,1.7976022657727868
252,1.0,xi_minus20,5,1,Heston_minus_BS,6,512,1.6471529645779297
252,1.0,xi_minus20,5,1,Heston_minus_BS,7,512,1.8153605947536064
252,1.0,xi_minus20,5,1,Adjusted_minus_Heston,0,512,-1.9077387359443745
252,1.0,xi_minus20,5,1,Adjusted_minus_Heston,1,512,-2.1820837864201645
252,1.0,xi_minus20,5,1,Adjusted_minus_Heston,2,512,-2.356039402952078
252,1.0,xi_minus20,5,1,Adjusted_minus_Heston,3,512,-2.2965032099550537
252,1.0,xi_minus20,5,1,Adjusted_minus_Heston,4,512,-2.213147669158446
252,1.0,xi_minus20,5,1,Adjusted_minus_Heston,5,512,-2.311030183737346
252,1.0,xi_minus20,5,1,Adjusted_minus_Heston,6,512,-2.079285776668538
252,1.0,xi_minus20,5,1,Adjusted_minus_Heston,7,512,-2.3064909691137006
252,1.0,xi_minus20,5,5,Heston_minus_BS,0,512,1.5628888070593865
252,1.0,xi_minus20,5,5,Heston_minus_BS,1,512,1.7938558772523154
252,1.0,xi_minus20,5,5,Heston_minus_BS,2,512,1.8658782038856652
252,1.0,xi_minus20,5,5,Heston_minus_BS,3,512,1.9538882779294902
252,1.0,xi_minus20,5,5,Heston_minus_BS,4,512,1.6984650932752199
252,1.0,xi_minus20,5,5,Heston_minus_BS,5,512,1.8491911279755826
252,1.0,xi_minus20,5,5,Heston_minus_BS,6,512,1.6646040896216525
252,1.0,xi_minus20,5,5,Heston_minus_BS,7,512,1.8750532026992157
252,1.0,xi_minus20,5,5,Adjusted_minus_Heston,0,512,-1.9584212925078772
252,1.0,xi_minus20,5,5,Adjusted_minus_Heston,1,512,-2.3481320960712364
252,1.0,xi_minus20,5,5,Adjusted_minus_Heston,2,512,-2.441015330348125
252,1.0,xi_minus20,5,5,Adjusted_minus_Heston,3,512,-2.5280723319142453
252,1.0,xi_minus20,5,5,Adjusted_minus_Heston,4,512,-2.2182117089743087
252,1.0,xi_minus20,5,5,Adjusted_minus_Heston,5,512,-2.4120128698884593
252,1.0,xi_minus20,5,5,Adjusted_minus_Heston,6,512,-2.1136845378925884
252,1.0,xi_minus20,5,5,Adjusted_minus_Heston,7,512,-2.403847898892469
252,1.0,xi_minus20,10,1,Heston_minus_BS,0,512,1.39137216249478
252,1.0,xi_minus20,10,1,Heston_minus_BS,1,512,1.5614305700255555
252,1.0,xi_minus20,10,1,Heston_minus_BS,2,512,1.688015749681053
252,1.0,xi_minus20,10,1,Heston_minus_BS,3,512,1.7085889780988577
252,1.0,xi_minus20,10,1,Heston_minus_BS,4,512,1.5244718346197514
252,1.0,xi_minus20,10,1,Heston_minus_BS,5,512,1.6536789476232483
252,1.0,xi_minus20,10,1,Heston_minus_BS,6,512,1.483459781299067
252,1.0,xi_minus20,10,1,Heston_minus_BS,7,512,1.703651044289491
252,1.0,xi_minus20,10,1,Adjusted_minus_Heston,0,512,-1.6593720896568345
252,1.0,xi_minus20,10,1,Adjusted_minus_Heston,1,512,-1.9527719281030438
252,1.0,xi_minus20,10,1,Adjusted_minus_Heston,2,512,-2.145805161004681
252,1.0,xi_minus20,10,1,Adjusted_minus_Heston,3,512,-2.111064388560066
252,1.0,xi_minus20,10,1,Adjusted_minus_Heston,4,512,-1.9367124224797372
252,1.0,xi_minus20,10,1,Adjusted_minus_Heston,5,512,-2.0680987189000106
252,1.0,xi_minus20,10,1,Adjusted_minus_Heston,6,512,-1.8082337654887835
252,1.0,xi_minus20,10,1,Adjusted_minus_Heston,7,512,-2.1155521981115144
252,1.0,xi_minus20,10,5,Heston_minus_BS,0,512,1.4507663008272949
252,1.0,xi_minus20,10,5,Heston_minus_BS,1,512,1.6946472850638221
252,1.0,xi_minus20,10,5,Heston_minus_BS,2,512,1.7704455910676598
252,1.0,xi_minus20,10,5,Heston_minus_BS,3,512,1.8673199683801207
252,1.0,xi_minus20,10,5,Heston_minus_BS,4,512,1.5795114775203685
252,1.0,xi_minus20,10,5,Heston_minus_BS,5,512,1.7386723914401458
252,1.0,xi_minus20,10,5,Heston_minus_BS,6,512,1.5430063063783224
252,1.0,xi_minus20,10,5,Heston_minus_BS,7,512,1.7851656207047366
252,1.0,xi_minus20,10,5,Adjusted_minus_Heston,0,512,-1.7757711674361376
252,1.0,xi_minus20,10,5,Adjusted_minus_Heston,1,512,-2.1833824883038724
252,1.0,xi_minus20,10,5,Adjusted_minus_Heston,2,512,-2.2825023158013398
252,1.0,xi_minus20,10,5,Adjusted_minus_Heston,3,512,-2.385482110834624
252,1.0,xi_minus20,10,5,Adjusted_minus_Heston,4,512,-2.0217630685641907
252,1.0,xi_minus20,10,5,Adjusted_minus_Heston,5,512,-2.231095255508903
252,1.0,xi_minus20,10,5,Adjusted_minus_Heston,6,512,-1.9176935350740039
252,1.0,xi_minus20,10,5,Adjusted_minus_Heston,7,512,-2.2559031008948867
252,1.0,xi_plus20,0,1,Heston_minus_BS,0,512,2.2560751711912803
252,1.0,xi_plus20,0,1,Heston_minus_BS,1,512,2.48419034269846
252,1.0,xi_plus20,0,1,Heston_minus_BS,2,512,2.547629127245621
252,1.0,xi_plus20,0,1,Heston_minus_BS,3,512,2.6003891481639005
252,1.0,xi_plus20,0,1,Heston_minus_BS,4,512,2.515841793167151
252,1.0,xi_plus20,0,1,Heston_minus_BS,5,512,2.629165424723012
252,1.0,xi_plus20,0,1,Heston_minus_BS,6,512,2.5244709522250375
252,1.0,xi_plus20,0,1,Heston_minus_BS,7,512,2.729761677676249
252,1.0,xi_plus20,0,1,Adjusted_minus_Heston,0,512,-2.9641276235162692
252,1.0,xi_plus20,0,1,Adjusted_minus_Heston,1,512,-3.3335225126196457
252,1.0,xi_plus20,0,1,Adjusted_minus_Heston,2,512,-3.594077175551405
252,1.0,xi_plus20,0,1,Adjusted_minus_Heston,3,512,-3.417009939324565
252,1.0,xi_plus20,0,1,Adjusted_minus_Heston,4,512,-3.4842913196158953
252,1.0,xi_plus20,0,1,Adjusted_minus_Heston,5,512,-3.572779894973718
252,1.0,xi_plus20,0,1,Adjusted_minus_Heston,6,512,-3.2732934954975024
252,1.0,xi_plus20,0,1,Adjusted_minus_Heston,7,512,-3.4994906523692317
252,1.0,xi_plus20,0,5,Heston_minus_BS,0,512,2.242016463608529
252,1.0,xi_plus20,0,5,Heston_minus_BS,1,512,2.604527711530793
252,1.0,xi_plus20,0,5,Heston_minus_BS,2,512,2.5908871872269206
252,1.0,xi_plus20,0,5,Heston_minus_BS,3,512,2.794245411707883
252,1.0,xi_plus20,0,5,Heston_minus_BS,4,512,2.5166012996602145
252,1.0,xi_plus20,0,5,Heston_minus_BS,5,512,2.6586515681283402
252,1.0,xi_plus20,0,5,Heston_minus_BS,6,512,2.4860423535632226
252,1.0,xi_plus20,0,5,Heston_minus_BS,7,512,2.796476659967427
252,1.0,xi_plus20,0,5,Adjusted_minus_Heston,0,512,-2.9516395098005894
252,1.0,xi_plus20,0,5,Adjusted_minus_Heston,1,512,-3.4882302326477816
252,1.0,xi_plus20,0,5,Adjusted_minus_Heston,2,512,-3.6386867779550705
252,1.0,xi_plus20,0,5,Adjusted_minus_Heston,3,512,-3.7162242989197454
252,1.0,xi_plus20,0,5,Adjusted_minus_Heston,4,512,-3.3883900405049157
252,1.0,xi_plus20,0,5,Adjusted_minus_Heston,5,512,-3.6356521610071137
252,1.0,xi_plus20,0,5,Adjusted_minus_Heston,6,512,-3.222555143171196
252,1.0,xi_plus20,0,5,Adjusted_minus_Heston,7,512,-3.5791285614038046
252,1.0,xi_plus20,5,1,Heston_minus_BS,0,512,2.095524259503044
252,1.0,xi_plus20,5,1,Heston_minus_BS,1,512,2.3445879392651623
252,1.0,xi_plus20,5,1,Heston_minus_BS,2,512,2.4226570913792993
252,1.0,xi_plus20,5,1,Heston_minus_BS,3,512,2.488524990551439
252,1.0,xi_plus20,5,1,Heston_minus_BS,4,512,2.3311701634568074
252,1.0,xi_plus20,5,1,Heston_minus_BS,5,512,2.4694310947485327
252,1.0,xi_plus20,5,1,Heston_minus_BS,6,512,2.345021158972668
252,1.0,xi_plus20,5,1,Heston_minus_BS,7,512,2.6162608355417722
252,1.0,xi_plus20,5,1,Adjusted_minus_Heston,0,512,-2.607927255165256
252,1.0,xi_plus20,5,1,Adjusted_minus_Heston,1,512,-3.004506880038659
252,1.0,xi_plus20,5,1,Adjusted_minus_Heston,2,512,-3.297166910764675
252,1.0,xi_plus20,5,1,Adjusted_minus_Heston,3,512,-3.153371274128977
252,1.0,xi_plus20,5,1,Adjusted_minus_Heston,4,512,-3.0876835091403514
252,1.0,xi_plus20,5,1,Adjusted_minus_Heston,5,512,-3.224141431618453
252,1.0,xi_plus20,5,1,Adjusted_minus_Heston,6,512,-2.884721122186672
252,1.0,xi_plus20,5,1,Adjusted_minus_Heston,7,512,-3.2297763055923587
252,1.0,xi_plus20,5,5,Heston_minus_BS,0,512,2.108679304203664
252,1.0,xi_plus20,5,5,Heston_minus_BS,1,512,2.4911880268778104
252,1.0,xi_plus20,5,5,Heston_minus_BS,2,512,2.4824004720084902
252,1.0,xi_plus20,5,5,Heston_minus_BS,3,512,2.6932586770302054
252,1.0,xi_plus20,5,5,Heston_minus_BS,4,512,2.3730168105382416
252,1.0,xi_plus20,5,5,Heston_minus_BS,5,512,2.524306445295402
252,1.0,xi_plus20,5,5,Heston_minus_BS,6,512,2.339607632425238
252,1.0,xi_plus20,5,5,Heston_minus_BS,7,512,2.69292405360211
252,1.0,xi_plus20,5,5,Adjusted_minus_Heston,0,512,-2.6857438327160175
252,1.0,xi_plus20,5,5,Adjusted_minus_Heston,1,512,-3.2484043580455717
252,1.0,xi_plus20,5,5,Adjusted_minus_Heston,2,512,-3.409881062933691
252,1.0,xi_plus20,5,5,Adjusted_minus_Heston,3,512,-3.5094070385235474
252,1.0,xi_plus20,5,5,Adjusted_minus_Heston,4,512,-3.1023780355581607
252,1.0,xi_plus20,5,5,Adjusted_minus_Heston,5,512,-3.3715846336861546
252,1.0,xi_plus20,5,5,Adjusted_minus_Heston,6,512,-2.936505039645505
252,1.0,xi_plus20,5,5,Adjusted_minus_Heston,7,512,-3.3647931627496686
252,1.0,xi_plus20,10,1,Heston_minus_BS,0,512,1.9409994559723935
252,1.0,xi_plus20,10,1,Heston_minus_BS,1,512,2.2115917577246744
252,1.0,xi_plus20,10,1,Heston_minus_BS,2,512,2.3044349295209914
252,1.0,xi_plus20,10,1,Heston_minus_BS,3,512,2.3832358077392497
252,1.0,xi_plus20,10,1,Heston_minus_BS,4,512,2.1512812796569394
252,1.0,xi_plus20,10,1,Heston_minus_BS,5,512,2.3152613120031584
252,1.0,xi_plus20,10,1,Heston_minus_BS,6,512,2.170138002434334
252,1.0,xi_plus20,10,1,Heston_minus_BS,7,512,2.509009698485021
252,1.0,xi_plus20,10,1,Adjusted_minus_Heston,0,512,-2.2524479503426926
252,1.0,xi_plus20,10,1,Adjusted_minus_Heston,1,512,-2.6769304796721762
252,1.0,xi_plus20,10,1,Adjusted_minus_Heston,2,512,-3.0023841420907216
252,1.0,xi_plus20,10,1,Adjusted_minus_Heston,3,512,-2.891998751302135
252,1.0,xi_plus20,10,1,Adjusted_minus_Heston,4,512,-2.6908059803249094
252,1.0,xi_plus20,10,1,Adjusted_minus_Heston,5,512,-2.876513892087199
252,1.0,xi_plus20,10,1,Adjusted_minus_Heston,6,512,-2.4951183330834423
252,1.0,xi_plus20,10,1,Adjusted_minus_Heston,7,512,-2.962068652475424
252,1.0,xi_plus20,10,5,Heston_minus_BS,0,512,1.9774897242058416
252,1.0,xi_plus20,10,5,Heston_minus_BS,1,512,2.380202401208309
252,1.0,xi_plus20,10,5,Heston_minus_BS,2,512,2.3762613828993735
252,1.0,xi_plus20,10,5,Heston_minus_BS,3,512,2.5945392648970382
252,1.0,xi_plus20,10,5,Heston_minus_BS,4,512,2.231305644919359
252,1.0,xi_plus20,10,5,Heston_minus_BS,5,512,2.391881693481339
252,1.0,xi_plus20,10,5,Heston_minus_BS,6,512,2.19488689400435
252,1.0,xi_plus20,10,5,Heston_minus_BS,7,512,2.5916223023451304
252,1.0,xi_plus20,10,5,Adjusted_minus_Heston,0,512,-2.421000405525189
252,1.0,xi_plus20,10,5,Adjusted_minus_Heston,1,512,-3.0100059698457735
252,1.0,xi_plus20,10,5,Adjusted_minus_Heston,2,512,-3.182558809583751
252,1.0,xi_plus20,10,5,Adjusted_minus_Heston,3,512,-3.304092784038488
252,1.0,xi_plus20,10,5,Adjusted_minus_Heston,4,512,-2.8172410066956504
252,1.0,xi_plus20,10,5,Adjusted_minus_Heston,5,512,-3.10850054606821
252,1.0,xi_plus20,10,5,Adjusted_minus_Heston,6,512,-2.651069519876557
252,1.0,xi_plus20,10,5,Adjusted_minus_Heston,7,512,-3.152021449178923
252,1.0,rho_minus10pp,0,1,Heston_minus_BS,0,512,2.335825791453504
252,1.0,rho_minus10pp,0,1,Heston_minus_BS,1,512,2.577957635107813
252,1.0,rho_minus10pp,0,1,Heston_minus_BS,2,512,2.633644663139907
252,1.0,rho_minus10pp,0,1,Heston_minus_BS,3,512,2.6795009000708
252,1.0,rho_minus10pp,0,1,Heston_minus_BS,4,512,2.5953577602632274
252,1.0,rho_minus10pp,0,1,Heston_minus_BS,5,512,2.714525612491835
252,1.0,rho_minus10pp,0,1,Heston_minus_BS,6,512,2.5775397464364573
252,1.0,rho_minus10pp,0,1,Heston_minus_BS,7,512,2.7888153319740305
252,1.0,rho_minus10pp,0,1,Adjusted_minus_Heston,0,512,-2.989824658990354
252,1.0,rho_minus10pp,0,1,Adjusted_minus_Heston,1,512,-3.3706038688039373
252,1.0,rho_minus10pp,0,1,Adjusted_minus_Heston,2,512,-3.6142199185750226
252,1.0,rho_minus10pp,0,1,Adjusted_minus_Heston,3,512,-3.4576636393193483
252,1.0,rho_minus10pp,0,1,Adjusted_minus_Heston,4,512,-3.508399966041099
252,1.0,rho_minus10pp,0,1,Adjusted_minus_Heston,5,512,-3.5920804383329115
252,1.0,rho_minus10pp,0,1,Adjusted_minus_Heston,6,512,-3.2840941052206487
252,1.0,rho_minus10pp,0,1,Adjusted_minus_Heston,7,512,-3.5214099085772417
252,1.0,rho_minus10pp,0,5,Heston_minus_BS,0,512,2.337465145058361
252,1.0,rho_minus10pp,0,5,Heston_minus_BS,1,512,2.69201165215736
252,1.0,rho_minus10pp,0,5,Heston_minus_BS,2,512,2.6707291782220888
252,1.0,rho_minus10pp,0,5,Heston_minus_BS,3,512,2.869845518900269
252,1.0,rho_minus10pp,0,5,Heston_minus_BS,4,512,2.5880757069336138
252,1.0,rho_minus10pp,0,5,Heston_minus_BS,5,512,2.743504339012138
252,1.0,rho_minus10pp,0,5,Heston_minus_BS,6,512,2.533560554410525
252,1.0,rho_minus10pp,0,5,Heston_minus_BS,7,512,2.8499657621866135
252,1.0,rho_minus10pp,0,5,Adjusted_minus_Heston,0,512,-2.975452282382066
252,1.0,rho_minus10pp,0,5,Adjusted_minus_Heston,1,512,-3.5282747268492582
252,1.0,rho_minus10pp,0,5,Adjusted_minus_Heston,2,512,-3.6630475031612555
252,1.0,rho_minus10pp,0,5,Adjusted_minus_Heston,3,512,-3.751618569408933
252,1.0,rho_minus10pp,0,5,Adjusted_minus_Heston,4,512,-3.4132747841801994
252,1.0,rho_minus10pp,0,5,Adjusted_minus_Heston,5,512,-3.649418746758803
252,1.0,rho_minus10pp,0,5,Adjusted_minus_Heston,6,512,-3.223116632409244
252,1.0,rho_minus10pp,0,5,Adjusted_minus_Heston,7,512,-3.5985905104651117
252,1.0,rho_minus10pp,5,1,Heston_minus_BS,0,512,2.1666194911133436
252,1.0,rho_minus10pp,5,1,Heston_minus_BS,1,512,2.4315425655121246
252,1.0,rho_minus10pp,5,1,Heston_minus_BS,2,512,2.5027469525708836
252,1.0,rho_minus10pp,5,1,Heston_minus_BS,3,512,2.5631224755412783
252,1.0,rho_minus10pp,5,1,Heston_minus_BS,4,512,2.4072337093311087
252,1.0,rho_minus10pp,5,1,Heston_minus_BS,5,512,2.5528299722553465
252,1.0,rho_minus10pp,5,1,Heston_minus_BS,6,512,2.390929244494719
252,1.0,rho_minus10pp,5,1,Heston_minus_BS,7,512,2.6718116751073193
252,1.0,rho_minus10pp,5,1,Adjusted_minus_Heston,0,512,-2.6386597326036805
252,1.0,rho_minus10pp,5,1,Adjusted_minus_Heston,1,512,-3.0466842237652445
252,1.0,rho_minus10pp,5,1,Adjusted_minus_Heston,2,512,-3.320783083943104
252,1.0,rho_minus10pp,5,1,Adjusted_minus_Heston,3,512,-3.1980253245634636
252,1.0,rho_minus10pp,5,1,Adjusted_minus_Heston,4,512,-3.1189957514031157
252,1.0,rho_minus10pp,5,1,Adjusted_minus_Heston,5,512,-3.249233222436602
252,1.0,rho_minus10pp,5,1,Adjusted_minus_Heston,6,512,-2.901472340360849
252,1.0,rho_minus10pp,5,1,Adjusted_minus_Heston,7,512,-3.2553284125932542
252,1.0,rho_minus10pp,5,5,Heston_minus_BS,0,512,2.2009003764208335
252,1.0,rho_minus10pp,5,5,Heston_minus_BS,1,512,2.5754089998458753
252,1.0,rho_minus10pp,5,5,Heston_minus_BS,2,512,2.558651634934735
252,1.0,rho_minus10pp,5,5,Heston_minus_BS,3,512,2.76724328723167
252,1.0,rho_minus10pp,5,5,Heston_minus_BS,4,512,2.4425839062530486
252,1.0,rho_minus10pp,5,5,Heston_minus_BS,5,512,2.6090992580635555
252,1.0,rho_minus10pp,5,5,Heston_minus_BS,6,512,2.384865630742179
252,1.0,rho_minus10pp,5,5,Heston_minus_BS,7,512,2.7446463502367426
252,1.0,rho_minus10pp,5,5,Adjusted_minus_Heston,0,512,-2.713175352935389
252,1.0,rho_minus10pp,5,5,Adjusted_minus_Heston,1,512,-3.2918949738353023
252,1.0,rho_minus10pp,5,5,Adjusted_minus_Heston,2,512,-3.4369788142135453
252,1.0,rho_minus10pp,5,5,Adjusted_minus_Heston,3,512,-3.5479088330924795
252,1.0,rho_minus10pp,5,5,Adjusted_minus_Heston,4,512,-3.131932795004452
252,1.0,rho_minus10pp,5,5,Adjusted_minus_Heston,5,512,-3.389276651256889
252,1.0,rho_minus10pp,5,5,Adjusted_minus_Heston,6,512,-2.941105740755547
252,1.0,rho_minus10pp,5,5,Adjusted_minus_Heston,7,512,-3.387046761127783
252,1.0,rho_minus10pp,10,1,Heston_minus_BS,0,512,1.9986219816428732
252,1.0,rho_minus10pp,10,1,Heston_minus_BS,1,512,2.2870443715538236
252,1.0,rho_minus10pp,10,1,Heston_minus_BS,2,512,2.3741001142467124
252,1.0,rho_minus10pp,10,1,Heston_minus_BS,3,512,2.449066452613425
252,1.0,rho_minus10pp,10,1,Heston_minus_BS,4,512,2.219608306818561
252,1.0,rho_minus10pp,10,1,Heston_minus_BS,5,512,2.392426452543968
252,1.0,rho_minus10pp,10,1,Heston_minus_BS,6,512,2.204496306556488
252,1.0,rho_minus10pp,10,1,Heston_minus_BS,7,512,2.556828346335351
252,1.0,rho_minus10pp,10,1,Adjusted_minus_Heston,0,512,-2.288210872782767
252,1.0,rho_minus10pp,10,1,Adjusted_minus_Heston,1,512,-2.7242083396775385
252,1.0,rho_minus10pp,10,1,Adjusted_minus_Heston,2,512,-3.029447626772768
252,1.0,rho_minus10pp,10,1,Adjusted_minus_Heston,3,512,-2.940650307395177
252,1.0,rho_minus10pp,10,1,Adjusted_minus_Heston,4,512,-2.7294460369705744
252,1.0,rho_minus10pp,10,1,Adjusted_minus_Heston,5,512,-2.9074364532452073
252,1.0,rho_minus10pp,10,1,Adjusted_minus_Heston,6,512,-2.517899852033919
252,1.0,rho_minus10pp,10,1,Adjusted_minus_Heston,7,512,-2.9912496234174752
252,1.0,rho_minus10pp,10,5,Heston_minus_BS,0,512,2.065347772094473
252,1.0,rho_minus10pp,10,5,Heston_minus_BS,1,512,2.4600488554166304
252,1.0,rho_minus10pp,10,5,Heston_minus_BS,2,512,2.4478281363987806
252,1.0,rho_minus10pp,10,5,Heston_minus_BS,3,512,2.6658957940560732
252,1.0,rho_minus10pp,10,5,Heston_minus_BS,4,512,2.297930716079935
252,1.0,rho_minus10pp,10,5,Heston_minus_BS,5,512,2.4755914630537226
252,1.0,rho_minus10pp,10,5,Heston_minus_BS,6,512,2.236846032955259
252,1.0,rho_minus10pp,10,5,Heston_minus_BS,7,512,2.6405544317577614
252,1.0,rho_minus10pp,10,5,Adjusted_minus_Heston,0,512,-2.452023481037983
252,1.0,rho_minus10pp,10,5,Adjusted_minus_Heston,1,512,-3.056912292521157
252,1.0,rho_minus10pp,10,5,Adjusted_minus_Heston,2,512,-3.2123586853075925
252,1.0,rho_minus10pp,10,5,Adjusted_minus_Heston,3,512,-3.345677427421183
252,1.0,rho_minus10pp,10,5,Adjusted_minus_Heston,4,512,-2.851467925761054
252,1.0,rho_minus10pp,10,5,Adjusted_minus_Heston,5,512,-3.1301035179847574
252,1.0,rho_minus10pp,10,5,Adjusted_minus_Heston,6,512,-2.659705212969091
252,1.0,rho_minus10pp,10,5,Adjusted_minus_Heston,7,512,-3.177039200706462
252,1.0,rho_plus10pp,0,1,Heston_minus_BS,0,512,1.642542113417809
252,1.0,rho_plus10pp,0,1,Heston_minus_BS,1,512,1.777359099223333
252,1.0,rho_plus10pp,0,1,Heston_minus_BS,2,512,1.88515723512446
252,1.0,rho_plus10pp,0,1,Heston_minus_BS,3,512,1.8879224646765762
252,1.0,rho_plus10pp,0,1,Heston_minus_BS,4,512,1.8100443372596078
252,1.0,rho_plus10pp,0,1,Heston_minus_BS,5,512,1.9001257153630857
252,1.0,rho_plus10pp,0,1,Heston_minus_BS,6,512,1.7934109209651372
252,1.0,rho_plus10pp,0,1,Heston_minus_BS,7,512,1.9109398211605915
252,1.0,rho_plus10pp,0,1,Adjusted_minus_Heston,0,512,-2.1841294121135615
252,1.0,rho_plus10pp,0,1,Adjusted_minus_Heston,1,512,-2.437498974067224
252,1.0,rho_plus10pp,0,1,Adjusted_minus_Heston,2,512,-2.605420205815228
252,1.0,rho_plus10pp,0,1,Adjusted_minus_Heston,3,512,-2.508330050576263
252,1.0,rho_plus10pp,0,1,Adjusted_minus_Heston,4,512,-2.524089680215066
252,1.0,rho_plus10pp,0,1,Adjusted_minus_Heston,5,512,-2.5938200124297364
252,1.0,rho_plus10pp,0,1,Adjusted_minus_Heston,6,512,-2.3913799171446457
252,1.0,rho_plus10pp,0,1,Adjusted_minus_Heston,7,512,-2.5354428498863855
252,1.0,rho_plus10pp,0,5,Heston_minus_BS,0,512,1.617246245574187
252,1.0,rho_plus10pp,0,5,Heston_minus_BS,1,512,1.8513318153100304
252,1.0,rho_plus10pp,0,5,Heston_minus_BS,2,512,1.9228527156034816
252,1.0,rho_plus10pp,0,5,Heston_minus_BS,3,512,2.0077180075137475
252,1.0,rho_plus10pp,0,5,Heston_minus_BS,4,512,1.786161722212211
252,1.0,rho_plus10pp,0,5,Heston_minus_BS,5,512,1.9196051038407527
252,1.0,rho_plus10pp,0,5,Heston_minus_BS,6,512,1.7717758173398552
252,1.0,rho_plus10pp,0,5,Heston_minus_BS,7,512,1.9545796887565396
252,1.0,rho_plus10pp,0,5,Adjusted_minus_Heston,0,512,-2.17184858882539
252,1.0,rho_plus10pp,0,5,Adjusted_minus_Heston,1,512,-2.540116559944834
252,1.0,rho_plus10pp,0,5,Adjusted_minus_Heston,2,512,-2.6370819687880003
252,1.0,rho_plus10pp,0,5,Adjusted_minus_Heston,3,512,-2.702693635909659
252,1.0,rho_plus10pp,0,5,Adjusted_minus_Heston,4,512,-2.449638995963966
252,1.0,rho_plus10pp,0,5,Adjusted_minus_Heston,5,512,-2.636975742257272
252,1.0,rho_plus10pp,0,5,Adjusted_minus_Heston,6,512,-2.3577643132641835
252,1.0,rho_plus10pp,0,5,Adjusted_minus_Heston,7,512,-2.5924133241782714
252,1.0,rho_plus10pp,5,1,Heston_minus_BS,0,512,1.4996396252785227
252,1.0,rho_plus10pp,5,1,Heston_minus_BS,1,512,1.6482386892460064
252,1.0,rho_plus10pp,5,1,Heston_minus_BS,2,512,1.7674242094004988
252,1.0,rho_plus10pp,5,1,Heston_minus_BS,3,512,1.7812098062956725
252,1.0,rho_plus10pp,5,1,Heston_minus_BS,4,512,1.6492380741935027
252,1.0,rho_plus10pp,5,1,Heston_minus_BS,5,512,1.756707595368778
252,1.0,rho_plus10pp,5,1,Heston_minus_BS,6,512,1.6350166967327862
252,1.0,rho_plus10pp,5,1,Heston_minus_BS,7,512,1.8010086785115949
252,1.0,rho_plus10pp,5,1,Adjusted_minus_Heston,0,512,-1.9299236606013381
252,1.0,rho_plus10pp,5,1,Adjusted_minus_Heston,1,512,-2.20223722536951
252,1.0,rho_plus10pp,5,1,Adjusted_minus_Heston,2,512,-2.3901987526213593
252,1.0,rho_plus10pp,5,1,Adjusted_minus_Heston,3,512,-2.3178313402588904
252,1.0,rho_plus10pp,5,1,Adjusted_minus_Heston,4,512,-2.2411889906948885
252,1.0,rho_plus10pp,5,1,Adjusted_minus_Heston,5,512,-2.3447713946572746
252,1.0,rho_plus10pp,5,1,Adjusted_minus_Heston,6,512,-2.1150363228341176
252,1.0,rho_plus10pp,5,1,Adjusted_minus_Heston,7,512,-2.3397589470432565
252,1.0,rho_plus10pp,5,5,Heston_minus_BS,0,512,1.5056818779181742
252,1.0,rho_plus10pp,5,5,Heston_minus_BS,1,512,1.753036424744298
252,1.0,rho_plus10pp,5,5,Heston_minus_BS,2,512,1.8286312369484325
252,1.0,rho_plus10pp,5,5,Heston_minus_BS,3,512,1.9208736619040114
252,1.0,rho_plus10pp,5,5,Heston_minus_BS,4,512,1.6669709316959596
252,1.0,rho_plus10pp,5,5,Heston_minus_BS,5,512,1.8073431205811494
252,1.0,rho_plus10pp,5,5,Heston_minus_BS,6,512,1.6502691274074452
252,1.0,rho_plus10pp,5,5,Heston_minus_BS,7,512,1.864436834835502
252,1.0,rho_plus10pp,5,5,Adjusted_minus_Heston,0,512,-1.9841500362129927
252,1.0,rho_plus10pp,5,5,Adjusted_minus_Heston,1,512,-2.370490704729897
252,1.0,rho_plus10pp,5,5,Adjusted_minus_Heston,2,512,-2.4742254988236967
252,1.0,rho_plus10pp,5,5,Adjusted_minus_Heston,3,512,-2.555783305675724
252,1.0,rho_plus10pp,5,5,Adjusted_minus_Heston,4,512,-2.2476278344186253
252,1.0,rho_plus10pp,5,5,Adjusted_minus_Heston,5,512,-2.4510512206511996
252,1.0,rho_plus10pp,5,5,Adjusted_minus_Heston,6,512,-2.156706958125324
252,1.0,rho_plus10pp,5,5,Adjusted_minus_Heston,7,512,-2.4402047925542245
252,1.0,rho_plus10pp,10,1,Heston_minus_BS,0,512,1.3598514318859207
252,1.0,rho_plus10pp,10,1,Heston_minus_BS,1,512,1.5225481716509437
252,1.0,rho_plus10pp,10,1,Heston_minus_BS,2,512,1.6530847293677084
252,1.0,rho_plus10pp,10,1,Heston_minus_BS,3,512,1.6778258826267805
252,1.0,rho_plus10pp,10,1,Heston_minus_BS,4,512,1.4908676430179568
252,1.0,rho_plus10pp,10,1,Heston_minus_BS,5,512,1.616104109035172
252,1.0,rho_plus10pp,10,1,Heston_minus_BS,6,512,1.4788333269855487
252,1.0,rho_plus10pp,10,1,Heston_minus_BS,7,512,1.694260345663952
252,1.0,rho_plus10pp,10,1,Adjusted_minus_Heston,0,512,-1.6755260822943843
252,1.0,rho_plus10pp,10,1,Adjusted_minus_Heston,1,512,-1.9671920845118658
252,1.0,rho_plus10pp,10,1,Adjusted_minus_Heston,2,512,-2.1755835666882133
252,1.0,rho_plus10pp,10,1,Adjusted_minus_Heston,3,512,-2.1281261116905954
252,1.0,rho_plus10pp,10,1,Adjusted_minus_Heston,4,512,-1.9573000834805836
252,1.0,rho_plus10pp,10,1,Adjusted_minus_Heston,5,512,-2.095639851855484
252,1.0,rho_plus10pp,10,1,Adjusted_minus_Heston,6,512,-1.8372503946428056
252,1.0,rho_plus10pp,10,1,Adjusted_minus_Heston,7,512,-2.1446434308770534
252,1.0,rho_plus10pp,10,5,Heston_minus_BS,0,512,1.39538607877099
252,1.0,rho_plus10pp,10,5,Heston_minus_BS,1,512,1.6561249349544105
252,1.0,rho_plus10pp,10,5,Heston_minus_BS,2,512,1.7357578752213016
252,1.0,rho_plus10pp,10,5,Heston_minus_BS,3,512,1.8353495620310447
252,1.0,rho_plus10pp,10,5,Heston_minus_BS,4,512,1.5488954981289562
252,1.0,rho_plus10pp,10,5,Heston_minus_BS,5,512,1.696203858437635
252,1.0,rho_plus10pp,10,5,Heston_minus_BS,6,512,1.5297691661034252
252,1.0,rho_plus10pp,10,5,Heston_minus_BS,7,512,1.7756191437746405
252,1.0,rho_plus10pp,10,5,Adjusted_minus_Heston,0,512,-1.7970920136732724
252,1.0,rho_plus10pp,10,5,Adjusted_minus_Heston,1,512,-2.2016833690830886
252,1.0,rho_plus10pp,10,5,Adjusted_minus_Heston,2,512,-2.3122016899404887
252,1.0,rho_plus10pp,10,5,Adjusted_minus_Heston,3,512,-2.4097441649782514
252,1.0,rho_plus10pp,10,5,Adjusted_minus_Heston,4,512,-2.0460458791582914
252,1.0,rho_plus10pp,10,5,Adjusted_minus_Heston,5,512,-2.265632967721043
252,1.0,rho_plus10pp,10,5,Adjusted_minus_Heston,6,512,-1.9559232891596223
252,1.0,rho_plus10pp,10,5,Adjusted_minus_Heston,7,512,-2.2889031190016462
252,1.1,reference,0,1,Heston_minus_BS,0,512,2.4474811856843233
252,1.1,reference,0,1,Heston_minus_BS,1,512,2.4810305927882683
252,1.1,reference,0,1,Heston_minus_BS,2,512,2.66820226539127
252,1.1,reference,0,1,Heston_minus_BS,3,512,2.6858715188453255
252,1.1,reference,0,1,Heston_minus_BS,4,512,2.543183989281863
252,1.1,reference,0,1,Heston_minus_BS,5,512,2.840333074684925
252,1.1,reference,0,1,Heston_minus_BS,6,512,2.636124622017988
252,1.1,reference,0,1,Heston_minus_BS,7,512,2.743235643332389
252,1.1,reference,0,1,Adjusted_minus_Heston,0,512,-3.487049858169162
252,1.1,reference,0,1,Adjusted_minus_Heston,1,512,-3.6021836365214983
252,1.1,reference,0,1,Adjusted_minus_Heston,2,512,-3.979776191004975
252,1.1,reference,0,1,Adjusted_minus_Heston,3,512,-3.8702806252043738
252,1.1,reference,0,1,Adjusted_minus_Heston,4,512,-3.7861085669404986
252,1.1,reference,0,1,Adjusted_minus_Heston,5,512,-4.156613758427359
252,1.1,reference,0,1,Adjusted_minus_Heston,6,512,-3.6572070455016124
252,1.1,reference,0,1,Adjusted_minus_Heston,7,512,-3.9829314426067493
252,1.1,reference,0,5,Heston_minus_BS,0,512,2.2929228741782435
252,1.1,reference,0,5,Heston_minus_BS,1,512,2.565683429770692
252,1.1,reference,0,5,Heston_minus_BS,2,512,2.7326321203993964
252,1.1,reference,0,5,Heston_minus_BS,3,512,2.8328909880816227
252,1.1,reference,0,5,Heston_minus_BS,4,512,2.4271061483568372
252,1.1,reference,0,5,Heston_minus_BS,5,512,2.8896080831761264
252,1.1,reference,0,5,Heston_minus_BS,6,512,2.549341813156178
252,1.1,reference,0,5,Heston_minus_BS,7,512,2.8156357928589975
252,1.1,reference,0,5,Adjusted_minus_Heston,0,512,-3.2195644187911467
252,1.1,reference,0,5,Adjusted_minus_Heston,1,512,-3.70091507453455
252,1.1,reference,0,5,Adjusted_minus_Heston,2,512,-4.0450311998882755
252,1.1,reference,0,5,Adjusted_minus_Heston,3,512,-4.148368316223827
252,1.1,reference,0,5,Adjusted_minus_Heston,4,512,-3.514457492018261
252,1.1,reference,0,5,Adjusted_minus_Heston,5,512,-4.250495048346275
252,1.1,reference,0,5,Adjusted_minus_Heston,6,512,-3.518380631697672
252,1.1,reference,0,5,Adjusted_minus_Heston,7,512,-4.063583403121976
252,1.1,reference,5,1,Heston_minus_BS,0,512,2.2066538995057394
252,1.1,reference,5,1,Heston_minus_BS,1,512,2.2687292595252293
252,1.1,reference,5,1,Heston_minus_BS,2,512,2.4495475004456733
252,1.1,reference,5,1,Heston_minus_BS,3,512,2.4659717947579347
252,1.1,reference,5,1,Heston_minus_BS,4,512,2.2800361765353765
252,1.1,reference,5,1,Heston_minus_BS,5,512,2.587145193892482
252,1.1,reference,5,1,Heston_minus_BS,6,512,2.376533966555992
252,1.1,reference,5,1,Heston_minus_BS,7,512,2.5169234534736935
252,1.1,reference,5,1,Adjusted_minus_Heston,0,512,-3.012122136433037
252,1.1,reference,5,1,Adjusted_minus_Heston,1,512,-3.1712474013835883
252,1.1,reference,5,1,Adjusted_minus_Heston,2,512,-3.5411162333861794
252,1.1,reference,5,1,Adjusted_minus_Heston,3,512,-3.4340766702290733
252,1.1,reference,5,1,Adjusted_minus_Heston,4,512,-3.266136789773538
252,1.1,reference,5,1,Adjusted_minus_Heston,5,512,-3.6608341993374056
252,1.1,reference,5,1,Adjusted_minus_Heston,6,512,-3.150127535686911
252,1.1,reference,5,1,Adjusted_minus_Heston,7,512,-3.5377949920281058
252,1.1,reference,5,5,Heston_minus_BS,0,512,2.132593842737294
252,1.1,reference,5,5,Heston_minus_BS,1,512,2.427534274709833
252,1.1,reference,5,5,Heston_minus_BS,2,512,2.592638466892325
252,1.1,reference,5,5,Heston_minus_BS,3,512,2.6928389900873126
252,1.1,reference,5,5,Heston_minus_BS,4,512,2.257486401066209
252,1.1,reference,5,5,Heston_minus_BS,5,512,2.7232324883239083
252,1.1,reference,5,5,Heston_minus_BS,6,512,2.3756923037044833
252,1.1,reference,5,5,Heston_minus_BS,7,512,2.669241279023891
252,1.1,reference,5,5,Adjusted_minus_Heston,0,512,-2.9126365434237145
252,1.1,reference,5,5,Adjusted_minus_Heston,1,512,-3.4295214849430375
252,1.1,reference,5,5,Adjusted_minus_Heston,2,512,-3.7698298325749673
252,1.1,reference,5,5,Adjusted_minus_Heston,3,512,-3.8780778160444536
252,1.1,reference,5,5,Adjusted_minus_Heston,4,512,-3.187210073609444
252,1.1,reference,5,5,Adjusted_minus_Heston,5,512,-3.934988693294516
252,1.1,reference,5,5,Adjusted_minus_Heston,6,512,-3.189839203381723
252,1.1,reference,5,5,Adjusted_minus_Heston,7,512,-3.782748849941746
252,1.1,reference,10,1,Heston_minus_BS,0,512,1.9782216132833628
252,1.1,reference,10,1,Heston_minus_BS,1,512,2.0702197244239975
252,1.1,reference,10,1,Heston_minus_BS,2,512,2.243077433303978
252,1.1,reference,10,1,Heston_minus_BS,3,512,2.257889436382339
252,1.1,reference,10,1,Heston_minus_BS,4,512,2.028906552340534
252,1.1,reference,10,1,Heston_minus_BS,5,512,2.3457866438655297
252,1.1,reference,10,1,Heston_minus_BS,6,512,2.128479221069683
252,1.1,reference,10,1,Heston_minus_BS,7,512,2.3020421920855476
252,1.1,reference,10,1,Adjusted_minus_Heston,0,512,-2.552533337085868
252,1.1,reference,10,1,Adjusted_minus_Heston,1,512,-2.758083199439581
252,1.1,reference,10,1,Adjusted_minus_Heston,2,512,-3.117701103366115
252,1.1,reference,10,1,Adjusted_minus_Heston,3,512,-3.012458193912183
252,1.1,reference,10,1,Adjusted_minus_Heston,4,512,-2.7609098036857107
252,1.1,reference,10,1,Adjusted_minus_Heston,5,512,-3.1799244487631997
252,1.1,reference,10,1,Adjusted_minus_Heston,6,512,-2.6568720045794043
252,1.1,reference,10,1,Adjusted_minus_Heston,7,512,-3.1067151128781667
252,1.1,reference,10,5,Heston_minus_BS,0,512,1.9757611802901431
252,1.1,reference,10,5,Heston_minus_BS,1,512,2.2931789766601183
252,1.1,reference,10,5,Heston_minus_BS,2,512,2.456212987403952
252,1.1,reference,10,5,Heston_minus_BS,3,512,2.556153671751276
252,1.1,reference,10,5,Heston_minus_BS,4,512,2.0912640183741185
252,1.1,reference,10,5,Heston_minus_BS,5,512,2.5602084297328798
252,1.1,reference,10,5,Heston_minus_BS,6,512,2.205263549101131
252,1.1,reference,10,5,Heston_minus_BS,7,512,2.526085204370969
252,1.1,reference,10,5,Adjusted_minus_Heston,0,512,-2.6101948235359735
252,1.1,reference,10,5,Adjusted_minus_Heston,1,512,-3.163168310328213
252,1.1,reference,10,5,Adjusted_minus_Heston,2,512,-3.499229434376174
252,1.1,reference,10,5,Adjusted_minus_Heston,3,512,-3.6121066597169103
252,1.1,reference,10,5,Adjusted_minus_Heston,4,512,-2.8642318853693416
252,1.1,reference,10,5,Adjusted_minus_Heston,5,512,-3.623872579619914
252,1.1,reference,10,5,Adjusted_minus_Heston,6,512,-2.865375249018187
252,1.1,reference,10,5,Adjusted_minus_Heston,7,512,-3.5060914023200445
252,1.1,kappa_minus20,0,1,Heston_minus_BS,0,512,2.452229339071959
252,1.1,kappa_minus20,0,1,Heston_minus_BS,1,512,2.482184974508261
252,1.1,kappa_minus20,0,1,Heston_minus_BS,2,512,2.6617203589417766
252,1.1,kappa_minus20,0,1,Heston_minus_BS,3,512,2.7118403638977435
252,1.1,kappa_minus20,0,1,Heston_minus_BS,4,512,2.4635006763733918
252,1.1,kappa_minus20,0,1,Heston_minus_BS,5,512,2.8452500458535583
252,1.1,kappa_minus20,0,1,Heston_minus_BS,6,512,2.687454157440838
252,1.1,kappa_minus20,0,1,Heston_minus_BS,7,512,2.7507479319519126
252,1.1,kappa_minus20,0,1,Adjusted_minus_Heston,0,512,-3.633631347846551
252,1.1,kappa_minus20,0,1,Adjusted_minus_Heston,1,512,-3.7804584270985364
252,1.1,kappa_minus20,0,1,Adjusted_minus_Heston,2,512,-4.177297394305909
252,1.1,kappa_minus20,0,1,Adjusted_minus_Heston,3,512,-4.0479359859711925
252,1.1,kappa_minus20,0,1,Adjusted_minus_Heston,4,512,-3.9277854654303757
252,1.1,kappa_minus20,0,1,Adjusted_minus_Heston,5,512,-4.377653324879971
252,1.1,kappa_minus20,0,1,Adjusted_minus_Heston,6,512,-3.866515039974159
252,1.1,kappa_minus20,0,1,Adjusted_minus_Heston,7,512,-4.185248844214124
252,1.1,kappa_minus20,0,5,Heston_minus_BS,0,512,2.2685787763345857
252,1.1,kappa_minus20,0,5,Heston_minus_BS,1,512,2.575616732455438
252,1.1,kappa_minus20,0,5,Heston_minus_BS,2,512,2.7468364687010722
252,1.1,kappa_minus20,0,5,Heston_minus_BS,3,512,2.847343381500903
252,1.1,kappa_minus20,0,5,Heston_minus_BS,4,512,2.3633341414800086
252,1.1,kappa_minus20,0,5,Heston_minus_BS,5,512,2.895735060036901
252,1.1,kappa_minus20,0,5,Heston_minus_BS,6,512,2.5826769451190126
252,1.1,kappa_minus20,0,5,Heston_minus_BS,7,512,2.8409042534169044
252,1.1,kappa_minus20,0,5,Adjusted_minus_Heston,0,512,-3.3118100190017232
252,1.1,kappa_minus20,0,5,Adjusted_minus_Heston,1,512,-3.890610870952112
252,1.1,kappa_minus20,0,5,Adjusted_minus_Heston,2,512,-4.255662857357832
252,1.1,kappa_minus20,0,5,Adjusted_minus_Heston,3,512,-4.3458980561595855
252,1.1,kappa_minus20,0,5,Adjusted_minus_Heston,4,512,-3.6249610383129562
252,1.1,kappa_minus20,0,5,Adjusted_minus_Heston,5,512,-4.482608677437799
252,1.1,kappa_minus20,0,5,Adjusted_minus_Heston,6,512,-3.680290824224181
252,1.1,kappa_minus20,0,5,Adjusted_minus_Heston,7,512,-4.276295641433197
252,1.1,kappa_minus20,5,1,Heston_minus_BS,0,512,2.2022209040490823
252,1.1,kappa_minus20,5,1,Heston_minus_BS,1,512,2.2628937167357788
252,1.1,kappa_minus20,5,1,Heston_minus_BS,2,512,2.4381572327226655
252,1.1,kappa_minus20,5,1,Heston_minus_BS,3,512,2.482050519182062
252,1.1,kappa_minus20,5,1,Heston_minus_BS,4,512,2.1906192623549012
252,1.1,kappa_minus20,5,1,Heston_minus_BS,5,512,2.580561789140948
252,1.1,kappa_minus20,5,1,Heston_minus_BS,6,512,2.4182517017022365
252,1.1,kappa_minus20,5,1,Heston_minus_BS,7,512,2.513234545913824
252,1.1,kappa_minus20,5,1,Adjusted_minus_Heston,0,512,-3.0787231116401284
252,1.1,kappa_minus20,5,1,Adjusted_minus_Heston,1,512,-3.278229575733233
252,1.1,kappa_minus20,5,1,Adjusted_minus_Heston,2,512,-3.6619786908646184
252,1.1,kappa_minus20,5,1,Adjusted_minus_Heston,3,512,-3.535819889451282
252,1.1,kappa_minus20,5,1,Adjusted_minus_Heston,4,512,-3.3203626852232766
252,1.1,kappa_minus20,5,1,Adjusted_minus_Heston,5,512,-3.7964973556862427
252,1.1,kappa_minus20,5,1,Adjusted_minus_Heston,6,512,-3.2731624522997587
252,1.1,kappa_minus20,5,1,Adjusted_minus_Heston,7,512,-3.6583454105749533
252,1.1,kappa_minus20,5,5,Heston_minus_BS,0,512,2.104950250700015
252,1.1,kappa_minus20,5,5,Heston_minus_BS,1,512,2.4331318647850217
252,1.1,kappa_minus20,5,5,Heston_minus_BS,2,512,2.606681453918171
252,1.1,kappa_minus20,5,5,Heston_minus_BS,3,512,2.703423250028126
252,1.1,kappa_minus20,5,5,Heston_minus_BS,4,512,2.190297366067381
252,1.1,kappa_minus20,5,5,Heston_minus_BS,5,512,2.723224652235431
252,1.1,kappa_minus20,5,5,Heston_minus_BS,6,512,2.4033874480963067
252,1.1,kappa_minus20,5,5,Heston_minus_BS,7,512,2.6893290491495074
252,1.1,kappa_minus20,5,5,Adjusted_minus_Heston,0,512,-2.9570730330727253
252,1.1,kappa_minus20,5,5,Adjusted_minus_Heston,1,512,-3.577101829120676
252,1.1,kappa_minus20,5,5,Adjusted_minus_Heston,2,512,-3.936279582545873
252,1.1,kappa_minus20,5,5,Adjusted_minus_Heston,3,512,-4.031662540564199
252,1.1,kappa_minus20,5,5,Adjusted_minus_Heston,4,512,-3.247064330862317
252,1.1,kappa_minus20,5,5,Adjusted_minus_Heston,5,512,-4.116179332954589
252,1.1,kappa_minus20,5,5,Adjusted_minus_Heston,6,512,-3.299940076363408
252,1.1,kappa_minus20,5,5,Adjusted_minus_Heston,7,512,-3.9477829735517216
252,1.1,kappa_minus20,10,1,Heston_minus_BS,0,512,1.9720517701763516
252,1.1,kappa_minus20,10,1,Heston_minus_BS,1,512,2.064761306589617
252,1.1,kappa_minus20,10,1,Heston_minus_BS,2,512,2.2344170255469717
252,1.1,kappa_minus20,10,1,Heston_minus_BS,3,512,2.271445364794478
252,1.1,kappa_minus20,10,1,Heston_minus_BS,4,512,1.9376005084893462
252,1.1,kappa_minus20,10,1,Heston_minus_BS,5,512,2.3354769839937752
252,1.1,kappa_minus20,10,1,Heston_minus_BS,6,512,2.1681649477892693
252,1.1,kappa_minus20,10,1,Heston_minus_BS,7,512,2.294612266575414
252,1.1,kappa_minus20,10,1,Adjusted_minus_Heston,0,512,-2.54307122010625
252,1.1,kappa_minus20,10,1,Adjusted_minus_Heston,1,512,-2.7978731919102255
252,1.1,kappa_minus20,10,1,Adjusted_minus_Heston,2,512,-3.1657877269079555
252,1.1,kappa_minus20,10,1,Adjusted_minus_Heston,3,512,-3.0420781197839375
252,1.1,kappa_minus20,10,1,Adjusted_minus_Heston,4,512,-2.7315767382318272
252,1.1,kappa_minus20,10,1,Adjusted_minus_Heston,5,512,-3.234091041753598
252,1.1,kappa_minus20,10,1,Adjusted_minus_Heston,6,512,-2.697338630572514
252,1.1,kappa_minus20,10,1,Adjusted_minus_Heston,7,512,-3.1492246945664464
252,1.1,kappa_minus20,10,5,Heston_minus_BS,0,512,1.9466021699070444
252,1.1,kappa_minus20,10,5,Heston_minus_BS,1,512,2.296074384684826
252,1.1,kappa_minus20,10,5,Heston_minus_BS,2,512,2.4719555567924534
252,1.1,kappa_minus20,10,5,Heston_minus_BS,3,512,2.56456237510405
252,1.1,kappa_minus20,10,5,Heston_minus_BS,4,512,2.0224762307486355
252,1.1,kappa_minus20,10,5,Heston_minus_BS,5,512,2.555860094211747
252,1.1,kappa_minus20,10,5,Heston_minus_BS,6,512,2.2290394339682775
252,1.1,kappa_minus20,10,5,Heston_minus_BS,7,512,2.542715028154527
252,1.1,kappa_minus20,10,5,Adjusted_minus_Heston,0,512,-2.607964058119899
252,1.1,kappa_minus20,10,5,Adjusted_minus_Heston,1,512,-3.269761585693394
252,1.1,kappa_minus20,10,5,Adjusted_minus_Heston,2,512,-3.6226678174100635
252,1.1,kappa_minus20,10,5,Adjusted_minus_Heston,3,512,-3.722830402576723
252,1.1,kappa_minus20,10,5,Adjusted_minus_Heston,4,512,-2.8745442817499764
252,1.1,kappa_minus20,10,5,Adjusted_minus_Heston,5,512,-3.7552443101091852
252,1.1,kappa_minus20,10,5,Adjusted_minus_Heston,6,512,-2.924744333879017
252,1.1,kappa_minus20,10,5,Adjusted_minus_Heston,7,512,-3.6245270700869874
252,1.1,kappa_plus20,0,1,Heston_minus_BS,0,512,2.435347617186159
252,1.1,kappa_plus20,0,1,Heston_minus_BS,1,512,2.475065889322561
252,1.1,kappa_plus20,0,1,Heston_minus_BS,2,512,2.6628741762716137
252,1.1,kappa_plus20,0,1,Heston_minus_BS,3,512,2.655823897695965
252,1.1,kappa_plus20,0,1,Heston_minus_BS,4,512,2.5943164250511614
252,1.1,kappa_plus20,0,1,Heston_minus_BS,5,512,2.8297476420897625
252,1.1,kappa_plus20,0,1,Heston_minus_BS,6,512,2.5860535640394087
252,1.1,kappa_plus20,0,1,Heston_minus_BS,7,512,2.723276499703087
252,1.1,kappa_plus20,0,1,Adjusted_minus_Heston,0,512,-3.290932294448721
252,1.1,kappa_plus20,0,1,Adjusted_minus_Heston,1,512,-3.383826357654775
252,1.1,kappa_plus20,0,1,Adjusted_minus_Heston,2,512,-3.739125001478646
252,1.1,kappa_plus20,0,1,Adjusted_minus_Heston,3,512,-3.6436794919892654
252,1.1,kappa_plus20,0,1,Adjusted_minus_Heston,4,512,-3.5843973867684324
252,1.1,kappa_plus20,0,1,Adjusted_minus_Heston,5,512,-3.8966706515248624
252,1.1,kappa_plus20,0,1,Adjusted_minus_Heston,6,512,-3.4148265827994937
252,1.1,kappa_plus20,0,1,Adjusted_minus_Heston,7,512,-3.734249941263469
252,1.1,kappa_plus20,0,5,Heston_minus_BS,0,512,2.3050955795663985
252,1.1,kappa_plus20,0,5,Heston_minus_BS,1,512,2.552631367660004
252,1.1,kappa_plus20,0,5,Heston_minus_BS,2,512,2.711079135360899
252,1.1,kappa_plus20,0,5,Heston_minus_BS,3,512,2.809852304536151
252,1.1,kappa_plus20,0,5,Heston_minus_BS,4,512,2.4672031454099255
252,1.1,kappa_plus20,0,5,Heston_minus_BS,5,512,2.8783799660517726
252,1.1,kappa_plus20,0,5,Heston_minus_BS,6,512,2.5149929200376313
252,1.1,kappa_plus20,0,5,Heston_minus_BS,7,512,2.7828259718092676
252,1.1,kappa_plus20,0,5,Adjusted_minus_Heston,0,512,-3.0620914346124586
252,1.1,kappa_plus20,0,5,Adjusted_minus_Heston,1,512,-3.4712608708350814
252,1.1,kappa_plus20,0,5,Adjusted_minus_Heston,2,512,-3.7936696045388754
252,1.1,kappa_plus20,0,5,Adjusted_minus_Heston,3,512,-3.9016016630354806
252,1.1,kappa_plus20,0,5,Adjusted_minus_Heston,4,512,-3.3370203795635565
252,1.1,kappa_plus20,0,5,Adjusted_minus_Heston,5,512,-3.98010474208872
252,1.1,kappa_plus20,0,5,Adjusted_minus_Heston,6,512,-3.3085425253299254
252,1.1,kappa_plus20,0,5,Adjusted_minus_Heston,7,512,-3.8061122288866684
252,1.1,kappa_plus20,5,1,Heston_minus_BS,0,512,2.2038371554404135
252,1.1,kappa_plus20,5,1,Heston_minus_BS,1,512,2.269556768487729
252,1.1,kappa_plus20,5,1,Heston_minus_BS,2,512,2.450251441155637
252,1.1,kappa_plus20,5,1,Heston_minus_BS,3,512,2.4455119587948513
252,1.1,kappa_plus20,5,1,Heston_minus_BS,4,512,2.3411669112235987
252,1.1,kappa_plus20,5,1,Heston_minus_BS,5,512,2.5875641080878617
252,1.1,kappa_plus20,5,1,Heston_minus_BS,6,512,2.336262206384625
252,1.1,kappa_plus20,5,1,Heston_minus_BS,7,512,2.508232526264794
252,1.1,kappa_plus20,5,1,Adjusted_minus_Heston,0,512,-2.8774645376519006
252,1.1,kappa_plus20,5,1,Adjusted_minus_Heston,1,512,-3.0072722818362987
252,1.1,kappa_plus20,5,1,Adjusted_minus_Heston,2,512,-3.3588024283524867
252,1.1,kappa_plus20,5,1,Adjusted_minus_Heston,3,512,-3.264996002956977
252,1.1,kappa_plus20,5,1,Adjusted_minus_Heston,4,512,-3.1313069874037947
252,1.1,kappa_plus20,5,1,Adjusted_minus_Heston,5,512,-3.465648674993453
252,1.1,kappa_plus20,5,1,Adjusted_minus_Heston,6,512,-2.973991263857462
252,1.1,kappa_plus20,5,1,Adjusted_minus_Heston,7,512,-3.3509084835867746
252,1.1,kappa_plus20,5,5,Heston_minus_BS,0,512,2.1488476980525055
252,1.1,kappa_plus20,5,5,Heston_minus_BS,1,512,2.418718170813
252,1.1,kappa_plus20,5,5,Heston_minus_BS,2,512,2.572647263622052
252,1.1,kappa_plus20,5,5,Heston_minus_BS,3,512,2.674038689824167
252,1.1,kappa_plus20,5,5,Heston_minus_BS,4,512,2.3016773032430367
252,1.1,kappa_plus20,5,5,Heston_minus_BS,5,512,2.7181444080399
252,1.1,kappa_plus20,5,5,Heston_minus_BS,6,512,2.347307396474517
252,1.1,kappa_plus20,5,5,Heston_minus_BS,7,512,2.6421177706465917
252,1.1,kappa_plus20,5,5,Adjusted_minus_Heston,0,512,-2.7923879062640635
252,1.1,kappa_plus20,5,5,Adjusted_minus_Heston,1,512,-3.2323594833216824
252,1.1,kappa_plus20,5,5,Adjusted_minus_Heston,2,512,-3.5526065143634886
252,1.1,kappa_plus20,5,5,Adjusted_minus_Heston,3,512,-3.664947612730402
252,1.1,kappa_plus20,5,5,Adjusted_minus_Heston,4,512,-3.048953548197323
252,1.1,kappa_plus20,5,5,Adjusted_minus_Heston,5,512,-3.703770891776926
252,1.1,kappa_plus20,5,5,Adjusted_minus_Heston,6,512,-3.0202708003245182
252,1.1,kappa_plus20,5,5,Adjusted_minus_Heston,7,512,-3.5618715881988314
252,1.1,kappa_plus20,10,1,Heston_minus_BS,0,512,1.9793135076505477
252,1.1,kappa_plus20,10,1,Heston_minus_BS,1,512,2.072489285793005
252,1.1,kappa_plus20,10,1,Heston_minus_BS,2,512,2.244273217257192
252,1.1,kappa_plus20,10,1,Heston_minus_BS,3,512,2.241669296911877
252,1.1,kappa_plus20,10,1,Heston_minus_BS,4,512,2.0943457094818747
252,1.1,kappa_plus20,10,1,Heston_minus_BS,5,512,2.3515801251437685
252,1.1,kappa_plus20,10,1,Heston_minus_BS,6,512,2.0925030987241846
252,1.1,kappa_plus20,10,1,Heston_minus_BS,7,512,2.2992225846238687
252,1.1,kappa_plus20,10,1,Adjusted_minus_Heston,0,512,-2.4765413146880273
252,1.1,kappa_plus20,10,1,Adjusted_minus_Heston,1,512,-2.6455329218764625
252,1.1,kappa_plus20,10,1,Adjusted_minus_Heston,2,512,-2.9909501430552545
252,1.1,kappa_plus20,10,1,Adjusted_minus_Heston,3,512,-2.898216564323347
252,1.1,kappa_plus20,10,1,Adjusted_minus_Heston,4,512,-2.6902056041102207
252,1.1,kappa_plus20,10,1,Adjusted_minus_Heston,5,512,-3.0467626726908046
252,1.1,kappa_plus20,10,1,Adjusted_minus_Heston,6,512,-2.5443560420866502
252,1.1,kappa_plus20,10,1,Adjusted_minus_Heston,7,512,-2.9789861041004455
252,1.1,kappa_plus20,10,5,Heston_minus_BS,0,512,1.9947865024794442
252,1.1,kappa_plus20,10,5,Heston_minus_BS,1,512,2.2873997992900845
252,1.1,kappa_plus20,10,5,Heston_minus_BS,2,512,2.4364250474211273
252,1.1,kappa_plus20,10,5,Heston_minus_BS,3,512,2.5403474919097766
252,1.1,kappa_plus20,10,5,Heston_minus_BS,4,512,2.138216518273371
252,1.1,kappa_plus20,10,5,Heston_minus_BS,5,512,2.559932433886897
252,1.1,kappa_plus20,10,5,Heston_minus_BS,6,512,2.181580722780172
252,1.1,kappa_plus20,10,5,Heston_minus_BS,7,512,2.503387845811578
252,1.1,kappa_plus20,10,5,Adjusted_minus_Heston,0,512,-2.5263584069831895
252,1.1,kappa_plus20,10,5,Adjusted_minus_Heston,1,512,-2.997671493104769
252,1.1,kappa_plus20,10,5,Adjusted_minus_Heston,2,512,-3.315311876692097
252,1.1,kappa_plus20,10,5,Adjusted_minus_Heston,3,512,-3.431833662402702
252,1.1,kappa_plus20,10,5,Adjusted_minus_Heston,4,512,-2.7643615391883802
252,1.1,kappa_plus20,10,5,Adjusted_minus_Heston,5,512,-3.431031432372629
252,1.1,kappa_plus20,10,5,Adjusted_minus_Heston,6,512,-2.735304290249872
252,1.1,kappa_plus20,10,5,Adjusted_minus_Heston,7,512,-3.321036691193888
252,1.1,theta_minus20,0,1,Heston_minus_BS,0,512,1.8514555112815994
252,1.1,theta_minus20,0,1,Heston_minus_BS,1,512,1.8806599341830263
252,1.1,theta_minus20,0,1,Heston_minus_BS,2,512,2.0204656325731323
252,1.1,theta_minus20,0,1,Heston_minus_BS,3,512,2.0475169744422272
252,1.1,theta_minus20,0,1,Heston_minus_BS,4,512,1.8164449539551422
252,1.1,theta_minus20,0,1,Heston_minus_BS,5,512,2.2077614009170077
252,1.1,theta_minus20,0,1,Heston_minus_BS,6,512,2.1075203387719994
252,1.1,theta_minus20,0,1,Heston_minus_BS,7,512,2.07407429317563
252,1.1,theta_minus20,0,1,Adjusted_minus_Heston,0,512,-3.101568391969072
252,1.1,theta_minus20,0,1,Adjusted_minus_Heston,1,512,-3.2413737761398487
252,1.1,theta_minus20,0,1,Adjusted_minus_Heston,2,512,-3.6012799077810533
252,1.1,theta_minus20,0,1,Adjusted_minus_Heston,3,512,-3.4428612982761875
252,1.1,theta_minus20,0,1,Adjusted_minus_Heston,4,512,-3.351380740423072
252,1.1,theta_minus20,0,1,Adjusted_minus_Heston,5,512,-3.801475378233687
252,1.1,theta_minus20,0,1,Adjusted_minus_Heston,6,512,-3.326760799518131
252,1.1,theta_minus20,0,1,Adjusted_minus_Heston,7,512,-3.580653311764058
252,1.1,theta_minus20,0,5,Heston_minus_BS,0,512,1.6519458549561465
252,1.1,theta_minus20,0,5,Heston_minus_BS,1,512,1.9692950652635055
252,1.1,theta_minus20,0,5,Heston_minus_BS,2,512,2.1318343971941167
252,1.1,theta_minus20,0,5,Heston_minus_BS,3,512,2.148026445456677
252,1.1,theta_minus20,0,5,Heston_minus_BS,4,512,1.7374385902735712
252,1.1,theta_minus20,0,5,Heston_minus_BS,5,512,2.2362353712373193
252,1.1,theta_minus20,0,5,Heston_minus_BS,6,512,2.011232175723962
252,1.1,theta_minus20,0,5,Heston_minus_BS,7,512,2.1644809504361096
252,1.1,theta_minus20,0,5,Adjusted_minus_Heston,0,512,-2.784138247317287
252,1.1,theta_minus20,0,5,Adjusted_minus_Heston,1,512,-3.333914560621541
252,1.1,theta_minus20,0,5,Adjusted_minus_Heston,2,512,-3.6770394019004176
252,1.1,theta_minus20,0,5,Adjusted_minus_Heston,3,512,-3.7103068776749764
252,1.1,theta_minus20,0,5,Adjusted_minus_Heston,4,512,-3.050586385080427
252,1.1,theta_minus20,0,5,Adjusted_minus_Heston,5,512,-3.901479606229464
252,1.1,theta_minus20,0,5,Adjusted_minus_Heston,6,512,-3.162663176432978
252,1.1,theta_minus20,0,5,Adjusted_minus_Heston,7,512,-3.6668614151597145
252,1.1,theta_minus20,5,1,Heston_minus_BS,0,512,1.6576350855823583
252,1.1,theta_minus20,5,1,Heston_minus_BS,1,512,1.7116114867620091
252,1.1,theta_minus20,5,1,Heston_minus_BS,2,512,1.8473582403045437
252,1.1,theta_minus20,5,1,Heston_minus_BS,3,512,1.8650810602322596
252,1.1,theta_minus20,5,1,Heston_minus_BS,4,512,1.6039292968438739
252,1.1,theta_minus20,5,1,Heston_minus_BS,5,512,1.9929955547803992
252,1.1,theta_minus20,5,1,Heston_minus_BS,6,512,1.898219951219324
252,1.1,theta_minus20,5,1,Heston_minus_BS,7,512,1.8831961760058595
252,1.1,theta_minus20,5,1,Adjusted_minus_Heston,0,512,-2.5852542110421535
252,1.1,theta_minus20,5,1,Adjusted_minus_Heston,1,512,-2.774152438321256
252,1.1,theta_minus20,5,1,Adjusted_minus_Heston,2,512,-3.1206414701194607
252,1.1,theta_minus20,5,1,Adjusted_minus_Heston,3,512,-2.964438259861673
252,1.1,theta_minus20,5,1,Adjusted_minus_Heston,4,512,-2.783010536262992
252,1.1,theta_minus20,5,1,Adjusted_minus_Heston,5,512,-3.260110975247451
252,1.1,theta_minus20,5,1,Adjusted_minus_Heston,6,512,-2.775532953173074
252,1.1,theta_minus20,5,1,Adjusted_minus_Heston,7,512,-3.08881846163507
252,1.1,theta_minus20,5,5,Heston_minus_BS,0,512,1.5214964632786376
252,1.1,theta_minus20,5,5,Heston_minus_BS,1,512,1.8559573349412248
252,1.1,theta_minus20,5,5,Heston_minus_BS,2,512,2.023627602097446
252,1.1,theta_minus20,5,5,Heston_minus_BS,3,512,2.031943882590822
252,1.1,theta_minus20,5,5,Heston_minus_BS,4,512,1.6009029583220222
252,1.1,theta_minus20,5,5,Heston_minus_BS,5,512,2.092312627362428
252,1.1,theta_minus20,5,5,Heston_minus_BS,6,512,1.866833067908206
252,1.1,theta_minus20,5,5,Heston_minus_BS,7,512,2.0414310105121745
252,1.1,theta_minus20,5,5,Adjusted_minus_Heston,0,512,-2.4544550320914746
252,1.1,theta_minus20,5,5,Adjusted_minus_Heston,1,512,-3.0430266147788547
252,1.1,theta_minus20,5,5,Adjusted_minus_Heston,2,512,-3.380648204691496
252,1.1,theta_minus20,5,5,Adjusted_minus_Heston,3,512,-3.417794151354365
252,1.1,theta_minus20,5,5,Adjusted_minus_Heston,4,512,-2.6979657178518295
252,1.1,theta_minus20,5,5,Adjusted_minus_Heston,5,512,-3.561222914652907
252,1.1,theta_minus20,5,5,Adjusted_minus_Heston,6,512,-2.810026375565074
252,1.1,theta_minus20,5,5,Adjusted_minus_Heston,7,512,-3.361430472095722
252,1.1,theta_minus20,10,1,Heston_minus_BS,0,512,1.4909753229260854
252,1.1,theta_minus20,10,1,Heston_minus_BS,1,512,1.5707842766904458
252,1.1,theta_minus20,10,1,Heston_minus_BS,2,512,1.7011953190653786
252,1.1,theta_minus20,10,1,Heston_minus_BS,3,512,1.7087492262094355
252,1.1,theta_minus20,10,1,Heston_minus_BS,4,512,1.4189436126947506
252,1.1,theta_minus20,10,1,Heston_minus_BS,5,512,1.804752870222698
252,1.1,theta_minus20,10,1,Heston_minus_BS,6,512,1.7155871138712646
252,1.1,theta_minus20,10,1,Heston_minus_BS,7,512,1.718216781582142
252,1.1,theta_minus20,10,1,Adjusted_minus_Heston,0,512,-2.0877378594343208
252,1.1,theta_minus20,10,1,Adjusted_minus_Heston,1,512,-2.3283462519008964
252,1.1,theta_minus20,10,1,Adjusted_minus_Heston,2,512,-2.658578276861847
252,1.1,theta_minus20,10,1,Adjusted_minus_Heston,3,512,-2.5039049372019653
252,1.1,theta_minus20,10,1,Adjusted_minus_Heston,4,512,-2.232712026007432
252,1.1,theta_minus20,10,1,Adjusted_minus_Heston,5,512,-2.736992787072353
252,1.1,theta_minus20,10,1,Adjusted_minus_Heston,6,512,-2.2413703755152783
252,1.1,theta_minus20,10,1,Adjusted_minus_Heston,7,512,-2.614233103621227
252,1.1,theta_minus20,10,5,Heston_minus_BS,0,512,1.3977975343816291
252,1.1,theta_minus20,10,5,Heston_minus_BS,1,512,1.749398951368622
252,1.1,theta_minus20,10,5,Heston_minus_BS,2,512,1.9223096819588186
252,1.1,theta_minus20,10,5,Heston_minus_BS,3,512,1.9222872371165187
252,1.1,theta_minus20,10,5,Heston_minus_BS,4,512,1.4711300113503536
252,1.1,theta_minus20,10,5,Heston_minus_BS,5,512,1.9548784376647397
252,1.1,theta_minus20,10,5,Heston_minus_BS,6,512,1.7288773457816482
252,1.1,theta_minus20,10,5,Heston_minus_BS,7,512,1.924732563241107
252,1.1,theta_minus20,10,5,Adjusted_minus_Heston,0,512,-2.1301448680221906
252,1.1,theta_minus20,10,5,Adjusted_minus_Heston,1,512,-2.7580584831572175
252,1.1,theta_minus20,10,5,Adjusted_minus_Heston,2,512,-3.089757324666876
252,1.1,theta_minus20,10,5,Adjusted_minus_Heston,3,512,-3.130438509632203
252,1.1,theta_minus20,10,5,Adjusted_minus_Heston,4,512,-2.350453770958474
252,1.1,theta_minus20,10,5,Adjusted_minus_Heston,5,512,-3.2262037585455654
252,1.1,theta_minus20,10,5,Adjusted_minus_Heston,6,512,-2.4623000707215104
252,1.1,theta_minus20,10,5,Adjusted_minus_Heston,7,512,-3.0609900915138817
252,1.1,theta_plus20,0,1,Heston_minus_BS,0,512,3.074337877857859
252,1.1,theta_plus20,0,1,Heston_minus_BS,1,512,3.1166938470634777
252,1.1,theta_plus20,0,1,Heston_minus_BS,2,512,3.3317346418557605
252,1.1,theta_plus20,0,1,Heston_minus_BS,3,512,3.370444403075166
252,1.1,theta_plus20,0,1,Heston_minus_BS,4,512,3.278610692713414
252,1.1,theta_plus20,0,1,Heston_minus_BS,5,512,3.5030105567026726
252,1.1,theta_plus20,0,1,Heston_minus_BS,6,512,3.1929481369269155
252,1.1,theta_plus20,0,1,Heston_minus_BS,7,512,3.431595372347264
252,1.1,theta_plus20,0,1,Adjusted_minus_Heston,0,512,-3.775017871966205
252,1.1,theta_plus20,0,1,Adjusted_minus_Heston,1,512,-3.87500465502426
252,1.1,theta_plus20,0,1,Adjusted_minus_Heston,2,512,-4.254057586294219
252,1.1,theta_plus20,0,1,Adjusted_minus_Heston,3,512,-4.197268667533349
252,1.1,theta_plus20,0,1,Adjusted_minus_Heston,4,512,-4.1063661221709795
252,1.1,theta_plus20,0,1,Adjusted_minus_Heston,5,512,-4.417477966349265
252,1.1,theta_plus20,0,1,Adjusted_minus_Heston,6,512,-3.899443882307593
252,1.1,theta_plus20,0,1,Adjusted_minus_Heston,7,512,-4.278763064527797
252,1.1,theta_plus20,0,5,Heston_minus_BS,0,512,2.9627613781470528
252,1.1,theta_plus20,0,5,Heston_minus_BS,1,512,3.200230252902757
252,1.1,theta_plus20,0,5,Heston_minus_BS,2,512,3.3600716923428924
252,1.1,theta_plus20,0,5,Heston_minus_BS,3,512,3.557660424364281
252,1.1,theta_plus20,0,5,Heston_minus_BS,4,512,3.137615673488899
252,1.1,theta_plus20,0,5,Heston_minus_BS,5,512,3.5687378318874137
252,1.1,theta_plus20,0,5,Heston_minus_BS,6,512,3.113360666417483
252,1.1,theta_plus20,0,5,Heston_minus_BS,7,512,3.4924329186742247
252,1.1,theta_plus20,0,5,Adjusted_minus_Heston,0,512,-3.546387317831521
252,1.1,theta_plus20,0,5,Adjusted_minus_Heston,1,512,-3.9766524662252474
252,1.1,theta_plus20,0,5,Adjusted_minus_Heston,2,512,-4.311893812236058
252,1.1,theta_plus20,0,5,Adjusted_minus_Heston,3,512,-4.479148995622962
252,1.1,theta_plus20,0,5,Adjusted_minus_Heston,4,512,-3.8588845449260845
252,1.1,theta_plus20,0,5,Adjusted_minus_Heston,5,512,-4.504589430132585
252,1.1,theta_plus20,0,5,Adjusted_minus_Heston,6,512,-3.7786268652052826
252,1.1,theta_plus20,0,5,Adjusted_minus_Heston,7,512,-4.354421180851115
252,1.1,theta_plus20,5,1,Heston_minus_BS,0,512,2.799220838154757
252,1.1,theta_plus20,5,1,Heston_minus_BS,1,512,2.8728400765824578
252,1.1,theta_plus20,5,1,Heston_minus_BS,2,512,3.0808943983809662
252,1.1,theta_plus20,5,1,Heston_minus_BS,3,512,3.124991314788037
252,1.1,theta_plus20,5,1,Heston_minus_BS,4,512,2.979395966269701
252,1.1,theta_plus20,5,1,Heston_minus_BS,5,512,3.2237630427008446
252,1.1,theta_plus20,5,1,Heston_minus_BS,6,512,2.8969587203251295
252,1.1,theta_plus20,5,1,Heston_minus_BS,7,512,3.1823593846088483
252,1.1,theta_plus20,5,1,Adjusted_minus_Heston,0,512,-3.333958588564283
252,1.1,theta_plus20,5,1,Adjusted_minus_Heston,1,512,-3.4735704736695667
252,1.1,theta_plus20,5,1,Adjusted_minus_Heston,2,512,-3.8492157661378004
252,1.1,theta_plus20,5,1,Adjusted_minus_Heston,3,512,-3.795239213771319
252,1.1,theta_plus20,5,1,Adjusted_minus_Heston,4,512,-3.6256705770198074
252,1.1,theta_plus20,5,1,Adjusted_minus_Heston,5,512,-3.9586005178471906
252,1.1,theta_plus20,5,1,Adjusted_minus_Heston,6,512,-3.4286118128788656
252,1.1,theta_plus20,5,1,Adjusted_minus_Heston,7,512,-3.871189629859227
252,1.1,theta_plus20,5,5,Heston_minus_BS,0,512,2.780020915095373
252,1.1,theta_plus20,5,5,Heston_minus_BS,1,512,3.04322952627767
252,1.1,theta_plus20,5,5,Heston_minus_BS,2,512,3.1963344580229265
252,1.1,theta_plus20,5,5,Heston_minus_BS,3,512,3.4003793604162977
252,1.1,theta_plus20,5,5,Heston_minus_BS,4,512,2.9431294776325876
252,1.1,theta_plus20,5,5,Heston_minus_BS,5,512,3.3862951481068153
252,1.1,theta_plus20,5,5,Heston_minus_BS,6,512,2.917890999748109
252,1.1,theta_plus20,5,5,Heston_minus_BS,7,512,3.329778150785393
252,1.1,theta_plus20,5,5,Adjusted_minus_Heston,0,512,-3.2583512835218293
252,1.1,theta_plus20,5,5,Adjusted_minus_Heston,1,512,-3.721234666343747
252,1.1,theta_plus20,5,5,Adjusted_minus_Heston,2,512,-4.054103160919613
252,1.1,theta_plus20,5,5,Adjusted_minus_Heston,3,512,-4.22699672199192
252,1.1,theta_plus20,5,5,Adjusted_minus_Heston,4,512,-3.552485834972323
252,1.1,theta_plus20,5,5,Adjusted_minus_Heston,5,512,-4.209352659111785
252,1.1,theta_plus20,5,5,Adjusted_minus_Heston,6,512,-3.470089535466925
252,1.1,theta_plus20,5,5,Adjusted_minus_Heston,7,512,-4.093731416888554
252,1.1,theta_plus20,10,1,Heston_minus_BS,0,512,2.524658373819611
252,1.1,theta_plus20,10,1,Heston_minus_BS,1,512,2.6311956214101397
252,1.1,theta_plus20,10,1,Heston_minus_BS,2,512,2.830465967554422
252,1.1,theta_plus20,10,1,Heston_minus_BS,3,512,2.879954121718828
252,1.1,theta_plus20,10,1,Heston_minus_BS,4,512,2.6798368486536686
252,1.1,theta_plus20,10,1,Heston_minus_BS,5,512,2.9446633701106157
252,1.1,theta_plus20,10,1,Heston_minus_BS,6,512,2.600428860624965
252,1.1,theta_plus20,10,1,Heston_minus_BS,7,512,2.933066037944853
252,1.1,theta_plus20,10,1,Adjusted_minus_Heston,0,512,-2.9057338174136587
252,1.1,theta_plus20,10,1,Adjusted_minus_Heston,1,512,-3.0872422477720525
252,1.1,theta_plus20,10,1,Adjusted_minus_Heston,2,512,-3.4572025795089933
252,1.1,theta_plus20,10,1,Adjusted_minus_Heston,3,512,-3.405425725880176
252,1.1,theta_plus20,10,1,Adjusted_minus_Heston,4,512,-3.1573285067117194
252,1.1,theta_plus20,10,1,Adjusted_minus_Heston,5,512,-3.5121717595796733
252,1.1,theta_plus20,10,1,Adjusted_minus_Heston,6,512,-2.9692830672519133
252,1.1,theta_plus20,10,1,Adjusted_minus_Heston,7,512,-3.4753808982146754
252,1.1,theta_plus20,10,5,Heston_minus_BS,0,512,2.5981459028884486
252,1.1,theta_plus20,10,5,Heston_minus_BS,1,512,2.887596362006809
252,1.1,theta_plus20,10,5,Heston_minus_BS,2,512,3.033499733830369
252,1.1,theta_plus20,10,5,Heston_minus_BS,3,512,3.2439950800899693
252,1.1,theta_plus20,10,5,Heston_minus_BS,4,512,2.749329110369356
252,1.1,theta_plus20,10,5,Heston_minus_BS,5,512,3.2046715564051063
252,1.1,theta_plus20,10,5,Heston_minus_BS,6,512,2.7230417086213166
252,1.1,theta_plus20,10,5,Heston_minus_BS,7,512,3.1678643256205983
252,1.1,theta_plus20,10,5,Adjusted_minus_Heston,0,512,-2.9741529477092556
252,1.1,theta_plus20,10,5,Adjusted_minus_Heston,1,512,-3.4701929898112023
252,1.1,theta_plus20,10,5,Adjusted_minus_Heston,2,512,-3.8002565856007244
252,1.1,theta_plus20,10,5,Adjusted_minus_Heston,3,512,-3.9785479809519275
252,1.1,theta_plus20,10,5,Adjusted_minus_Heston,4,512,-3.2497375158406925
252,1.1,theta_plus20,10,5,Adjusted_minus_Heston,5,512,-3.9178782226029094
252,1.1,theta_plus20,10,5,Adjusted_minus_Heston,6,512,-3.1650197268695073
252,1.1,theta_plus20,10,5,Adjusted_minus_Heston,7,512,-3.8366221419367457
252,1.1,xi_minus20,0,1,Heston_minus_BS,0,512,2.291218683223576
252,1.1,xi_minus20,0,1,Heston_minus_BS,1,512,2.346863721943016
252,1.1,xi_minus20,0,1,Heston_minus_BS,2,512,2.5102800796080174
252,1.1,xi_minus20,0,1,Heston_minus_BS,3,512,2.505127256312995
252,1.1,xi_minus20,0,1,Heston_minus_BS,4,512,2.4058566090296107
252,1.1,xi_minus20,0,1,Heston_minus_BS,5,512,2.640771551755635
252,1.1,xi_minus20,0,1,Heston_minus_BS,6,512,2.412518932592781
252,1.1,xi_minus20,0,1,Heston_minus_BS,7,512,2.549128017638219
252,1.1,xi_minus20,0,1,Adjusted_minus_Heston,0,512,-3.0522315279335257
252,1.1,xi_minus20,0,1,Adjusted_minus_Heston,1,512,-3.139032327189984
252,1.1,xi_minus20,0,1,Adjusted_minus_Heston,2,512,-3.4455571210550886
252,1.1,xi_minus20,0,1,Adjusted_minus_Heston,3,512,-3.3645736127893615
252,1.1,xi_minus20,0,1,Adjusted_minus_Heston,4,512,-3.291827302080854
252,1.1,xi_minus20,0,1,Adjusted_minus_Heston,5,512,-3.5843348642224733
252,1.1,xi_minus20,0,1,Adjusted_minus_Heston,6,512,-3.1818563463434306
252,1.1,xi_minus20,0,1,Adjusted_minus_Heston,7,512,-3.4508056322904594
252,1.1,xi_minus20,0,5,Heston_minus_BS,0,512,2.1693417748386414
252,1.1,xi_minus20,0,5,Heston_minus_BS,1,512,2.404279229969659
252,1.1,xi_minus20,0,5,Heston_minus_BS,2,512,2.5470268486940744
252,1.1,xi_minus20,0,5,Heston_minus_BS,3,512,2.642215123908552
252,1.1,xi_minus20,0,5,Heston_minus_BS,4,512,2.2951398410724426
252,1.1,xi_minus20,0,5,Heston_minus_BS,5,512,2.684147316906858
252,1.1,xi_minus20,0,5,Heston_minus_BS,6,512,2.343805779688036
252,1.1,xi_minus20,0,5,Heston_minus_BS,7,512,2.5894131038623933
252,1.1,xi_minus20,0,5,Adjusted_minus_Heston,0,512,-2.840764910449529
252,1.1,xi_minus20,0,5,Adjusted_minus_Heston,1,512,-3.2219515338469567
252,1.1,xi_minus20,0,5,Adjusted_minus_Heston,2,512,-3.4994376159233433
252,1.1,xi_minus20,0,5,Adjusted_minus_Heston,3,512,-3.593210726103888
252,1.1,xi_minus20,0,5,Adjusted_minus_Heston,4,512,-3.0760336857524466
252,1.1,xi_minus20,0,5,Adjusted_minus_Heston,5,512,-3.6595761954082935
252,1.1,xi_minus20,0,5,Adjusted_minus_Heston,6,512,-3.0659344003514546
252,1.1,xi_minus20,0,5,Adjusted_minus_Heston,7,512,-3.5156686318557373
252,1.1,xi_minus20,5,1,Heston_minus_BS,0,512,2.057211918179772
252,1.1,xi_minus20,5,1,Heston_minus_BS,1,512,2.136554393155881
252,1.1,xi_minus20,5,1,Heston_minus_BS,2,512,2.2990171802900794
252,1.1,xi_minus20,5,1,Heston_minus_BS,3,512,2.2943709177873957
252,1.1,xi_minus20,5,1,Heston_minus_BS,4,512,2.153338304759081
252,1.1,xi_minus20,5,1,Heston_minus_BS,5,512,2.3998673695525654
252,1.1,xi_minus20,5,1,Heston_minus_BS,6,512,2.162702292095354
252,1.1,xi_minus20,5,1,Heston_minus_BS,7,512,2.3350598242314686
252,1.1,xi_minus20,5,1,Adjusted_minus_Heston,0,512,-2.667633758876831
252,1.1,xi_minus20,5,1,Adjusted_minus_Heston,1,512,-2.789460184365291
252,1.1,xi_minus20,5,1,Adjusted_minus_Heston,2,512,-3.0902472225797126
252,1.1,xi_minus20,5,1,Adjusted_minus_Heston,3,512,-3.011824477166644
252,1.1,xi_minus20,5,1,Adjusted_minus_Heston,4,512,-2.8715737015247123
252,1.1,xi_minus20,5,1,Adjusted_minus_Heston,5,512,-3.1832646819187254
252,1.1,xi_minus20,5,1,Adjusted_minus_Heston,6,512,-2.771488833023918
252,1.1,xi_minus20,5,1,Adjusted_minus_Heston,7,512,-3.091561928887346
252,1.1,xi_minus20,5,5,Heston_minus_BS,0,512,2.017249237598618
252,1.1,xi_minus20,5,5,Heston_minus_BS,1,512,2.270349989633478
252,1.1,xi_minus20,5,5,Heston_minus_BS,2,512,2.411723524952524
252,1.1,xi_minus20,5,5,Heston_minus_BS,3,512,2.5096580064853558
252,1.1,xi_minus20,5,5,Heston_minus_BS,4,512,2.1345142839229245
252,1.1,xi_minus20,5,5,Heston_minus_BS,5,512,2.5288663340557673
252,1.1,xi_minus20,5,5,Heston_minus_BS,6,512,2.1806559187633945
252,1.1,xi_minus20,5,5,Heston_minus_BS,7,512,2.451790904056806
252,1.1,xi_minus20,5,5,Adjusted_minus_Heston,0,512,-2.5925541097160423
252,1.1,xi_minus20,5,5,Adjusted_minus_Heston,1,512,-3.0020832553396097
252,1.1,xi_minus20,5,5,Adjusted_minus_Heston,2,512,-3.276400254412514
252,1.1,xi_minus20,5,5,Adjusted_minus_Heston,3,512,-3.374725566102942
252,1.1,xi_minus20,5,5,Adjusted_minus_Heston,4,512,-2.8115907679345584
252,1.1,xi_minus20,5,5,Adjusted_minus_Heston,5,512,-3.404242817582685
252,1.1,xi_minus20,5,5,Adjusted_minus_Heston,6,512,-2.8001934138371576
252,1.1,xi_minus20,5,5,Adjusted_minus_Heston,7,512,-3.288804021891191
252,1.1,xi_minus20,10,1,Heston_minus_BS,0,512,1.8290160313437238
252,1.1,xi_minus20,10,1,Heston_minus_BS,1,512,1.9331191426920724
252,1.1,xi_minus20,10,1,Heston_minus_BS,2,512,2.09362312614394
252,1.1,xi_minus20,10,1,Heston_minus_BS,3,512,2.089191546042352
252,1.1,xi_minus20,10,1,Heston_minus_BS,4,512,1.9063905915413626
252,1.1,xi_minus20,10,1,Heston_minus_BS,5,512,2.1644760294379966
252,1.1,xi_minus20,10,1,Heston_minus_BS,6,512,1.9180769962092195
252,1.1,xi_minus20,10,1,Heston_minus_BS,7,512,2.126343966275087
252,1.1,xi_minus20,10,1,Adjusted_minus_Heston,0,512,-2.294641477096287
252,1.1,xi_minus20,10,1,Adjusted_minus_Heston,1,512,-2.4534443911676744
252,1.1,xi_minus20,10,1,Adjusted_minus_Heston,2,512,-2.7465444811208584
252,1.1,xi_minus20,10,1,Adjusted_minus_Heston,3,512,-2.6701098309627573
252,1.1,xi_minus20,10,1,Adjusted_minus_Heston,4,512,-2.462531897315375
252,1.1,xi_minus20,10,1,Adjusted_minus_Heston,5,512,-2.7934637778810387
252,1.1,xi_minus20,10,1,Adjusted_minus_Heston,6,512,-2.371535056271876
252,1.1,xi_minus20,10,1,Adjusted_minus_Heston,7,512,-2.7429896185047418
252,1.1,xi_minus20,10,5,Heston_minus_BS,0,512,1.8671006884053578
252,1.1,xi_minus20,10,5,Heston_minus_BS,1,512,2.1386169180629757
252,1.1,xi_minus20,10,5,Heston_minus_BS,2,512,2.278420949090935
252,1.1,xi_minus20,10,5,Heston_minus_BS,3,512,2.378990140497217
252,1.1,xi_minus20,10,5,Heston_minus_BS,4,512,1.9757488270561743
252,1.1,xi_minus20,10,5,Heston_minus_BS,5,512,2.3754554564271606
252,1.1,xi_minus20,10,5,Heston_minus_BS,6,512,2.0192596793949704
252,1.1,xi_minus20,10,5,Heston_minus_BS,7,512,2.315972195265684
252,1.1,xi_minus20,10,5,Adjusted_minus_Heston,0,512,-2.3477954884754673
252,1.1,xi_minus20,10,5,Adjusted_minus_Heston,1,512,-2.7861123116940067
252,1.1,xi_minus20,10,5,Adjusted_minus_Heston,2,512,-3.056915566483998
252,1.1,xi_minus20,10,5,Adjusted_minus_Heston,3,512,-3.1595631499803556
252,1.1,xi_minus20,10,5,Adjusted_minus_Heston,4,512,-2.550444952163315
252,1.1,xi_minus20,10,5,Adjusted_minus_Heston,5,512,-3.1522837168783373
252,1.1,xi_minus20,10,5,Adjusted_minus_Heston,6,512,-2.537580535735189
252,1.1,xi_minus20,10,5,Adjusted_minus_Heston,7,512,-3.065159240042533
252,1.1,xi_plus20,0,1,Heston_minus_BS,0,512,2.5666317618931505
252,1.1,xi_plus20,0,1,Heston_minus_BS,1,512,2.5754523636558693
252,1.1,xi_plus20,0,1,Heston_minus_BS,2,512,2.777922746318045
252,1.1,xi_plus20,0,1,Heston_minus_BS,3,512,2.825813847727625
252,1.1,xi_plus20,0,1,Heston_minus_BS,4,512,2.628845846197872
252,1.1,xi_plus20,0,1,Heston_minus_BS,5,512,2.9944999072402663
252,1.1,xi_plus20,0,1,Heston_minus_BS,6,512,2.8189550014871148
252,1.1,xi_plus20,0,1,Heston_minus_BS,7,512,2.879387633425912
252,1.1,xi_plus20,0,1,Adjusted_minus_Heston,0,512,-3.7435617789611575
252,1.1,xi_plus20,0,1,Adjusted_minus_Heston,1,512,-3.8919744914374603
252,1.1,xi_plus20,0,1,Adjusted_minus_Heston,2,512,-4.332674951768437
252,1.1,xi_plus20,0,1,Adjusted_minus_Heston,3,512,-4.195800149443804
252,1.1,xi_plus20,0,1,Adjusted_minus_Heston,4,512,-4.094909446852489
252,1.1,xi_plus20,0,1,Adjusted_minus_Heston,5,512,-4.547494936415008
252,1.1,xi_plus20,0,1,Adjusted_minus_Heston,6,512,-3.9529538494034813
252,1.1,xi_plus20,0,1,Adjusted_minus_Heston,7,512,-4.327817114611728
252,1.1,xi_plus20,0,5,Heston_minus_BS,0,512,2.3781552568580095
252,1.1,xi_plus20,0,5,Heston_minus_BS,1,512,2.686384706834752
252,1.1,xi_plus20,0,5,Heston_minus_BS,2,512,2.874833299218494
252,1.1,xi_plus20,0,5,Heston_minus_BS,3,512,2.974727489662828
252,1.1,xi_plus20,0,5,Heston_minus_BS,4,512,2.5118742638592595
252,1.1,xi_plus20,0,5,Heston_minus_BS,5,512,3.047182215274436
252,1.1,xi_plus20,0,5,Heston_minus_BS,6,512,2.7159048505927657
252,1.1,xi_plus20,0,5,Heston_minus_BS,7,512,2.9847442851281336
252,1.1,xi_plus20,0,5,Adjusted_minus_Heston,0,512,-3.417348059013817
252,1.1,xi_plus20,0,5,Adjusted_minus_Heston,1,512,-4.003157569892977
252,1.1,xi_plus20,0,5,Adjusted_minus_Heston,2,512,-4.409541040928535
252,1.1,xi_plus20,0,5,Adjusted_minus_Heston,3,512,-4.515245588087826
252,1.1,xi_plus20,0,5,Adjusted_minus_Heston,4,512,-3.7646747918004997
252,1.1,xi_plus20,0,5,Adjusted_minus_Heston,5,512,-4.659411341747976
252,1.1,xi_plus20,0,5,Adjusted_minus_Heston,6,512,-3.793448634632099
252,1.1,xi_plus20,0,5,Adjusted_minus_Heston,7,512,-4.42451891367581
252,1.1,xi_plus20,5,1,Heston_minus_BS,0,512,2.327293999464108
252,1.1,xi_plus20,5,1,Heston_minus_BS,1,512,2.3690985174279016
252,1.1,xi_plus20,5,1,Heston_minus_BS,2,512,2.559151887637955
252,1.1,xi_plus20,5,1,Heston_minus_BS,3,512,2.604813795326388
252,1.1,xi_plus20,5,1,Heston_minus_BS,4,512,2.363814574814182
252,1.1,xi_plus20,5,1,Heston_minus_BS,5,512,2.737316080959777
252,1.1,xi_plus20,5,1,Heston_minus_BS,6,512,2.558045674815821
252,1.1,xi_plus20,5,1,Heston_minus_BS,7,512,2.648267668330285
252,1.1,xi_plus20,5,1,Adjusted_minus_Heston,0,512,-3.1808378756905364
252,1.1,xi_plus20,5,1,Adjusted_minus_Heston,1,512,-3.3824852725439776
252,1.1,xi_plus20,5,1,Adjusted_minus_Heston,2,512,-3.81265445739582
252,1.1,xi_plus20,5,1,Adjusted_minus_Heston,3,512,-3.678195844764258
252,1.1,xi_plus20,5,1,Adjusted_minus_Heston,4,512,-3.4775426358395647
252,1.1,xi_plus20,5,1,Adjusted_minus_Heston,5,512,-3.959555447517822
252,1.1,xi_plus20,5,1,Adjusted_minus_Heston,6,512,-3.351785006481691
252,1.1,xi_plus20,5,1,Adjusted_minus_Heston,7,512,-3.798318485640505
252,1.1,xi_plus20,5,5,Heston_minus_BS,0,512,2.214403812806549
252,1.1,xi_plus20,5,5,Heston_minus_BS,1,512,2.5483000290994813
252,1.1,xi_plus20,5,5,Heston_minus_BS,2,512,2.7347631808983985
252,1.1,xi_plus20,5,5,Heston_minus_BS,3,512,2.8317159601748707
252,1.1,xi_plus20,5,5,Heston_minus_BS,4,512,2.3384417510968714
252,1.1,xi_plus20,5,5,Heston_minus_BS,5,512,2.874372282208985
252,1.1,xi_plus20,5,5,Heston_minus_BS,6,512,2.5366651884737204
252,1.1,xi_plus20,5,5,Heston_minus_BS,7,512,2.8339962671965098
252,1.1,xi_plus20,5,5,Adjusted_minus_Heston,0,512,-3.0533776377240387
252,1.1,xi_plus20,5,5,Adjusted_minus_Heston,1,512,-3.681988993375106
252,1.1,xi_plus20,5,5,Adjusted_minus_Heston,2,512,-4.083855669243011
252,1.1,xi_plus20,5,5,Adjusted_minus_Heston,3,512,-4.194544763147939
252,1.1,xi_plus20,5,5,Adjusted_minus_Heston,4,512,-3.3762861038095933
252,1.1,xi_plus20,5,5,Adjusted_minus_Heston,5,512,-4.285573601434027
252,1.1,xi_plus20,5,5,Adjusted_minus_Heston,6,512,-3.403986249440634
252,1.1,xi_plus20,5,5,Adjusted_minus_Heston,7,512,-4.091103920280853
252,1.1,xi_plus20,10,1,Heston_minus_BS,0,512,2.1075791087578493
252,1.1,xi_plus20,10,1,Heston_minus_BS,1,512,2.184055771541277
252,1.1,xi_plus20,10,1,Heston_minus_BS,2,512,2.359518855684937
252,1.1,xi_plus20,10,1,Heston_minus_BS,3,512,2.402532314793212
252,1.1,xi_plus20,10,1,Heston_minus_BS,4,512,2.1179548646941346
252,1.1,xi_plus20,10,1,Heston_minus_BS,5,512,2.498939624075887
252,1.1,xi_plus20,10,1,Heston_minus_BS,6,512,2.3157098292411105
252,1.1,xi_plus20,10,1,Heston_minus_BS,7,512,2.4353191104101977
252,1.1,xi_plus20,10,1,Adjusted_minus_Heston,0,512,-2.637532302379758
252,1.1,xi_plus20,10,1,Adjusted_minus_Heston,1,512,-2.8953284942986395
252,1.1,xi_plus20,10,1,Adjusted_minus_Heston,2,512,-3.311812267575455
252,1.1,xi_plus20,10,1,Adjusted_minus_Heston,3,512,-3.179066668452686
252,1.1,xi_plus20,10,1,Adjusted_minus_Heston,4,512,-2.8787619863293115
252,1.1,xi_plus20,10,1,Adjusted_minus_Heston,5,512,-3.390416244684856
252,1.1,xi_plus20,10,1,Adjusted_minus_Heston,6,512,-2.76820487925157
252,1.1,xi_plus20,10,1,Adjusted_minus_Heston,7,512,-3.2865661023825057
252,1.1,xi_plus20,10,5,Heston_minus_BS,0,512,2.055827613734405
252,1.1,xi_plus20,10,5,Heston_minus_BS,1,512,2.4157124201541653
252,1.1,xi_plus20,10,5,Heston_minus_BS,2,512,2.599962241075956
252,1.1,xi_plus20,10,5,Heston_minus_BS,3,512,2.6936736165739106
252,1.1,xi_plus20,10,5,Heston_minus_BS,4,512,2.170084934589031
252,1.1,xi_plus20,10,5,Heston_minus_BS,5,512,2.7065228253176317
252,1.1,xi_plus20,10,5,Heston_minus_BS,6,512,2.3622451638203374
252,1.1,xi_plus20,10,5,Heston_minus_BS,7,512,2.6880497947912225
252,1.1,xi_plus20,10,5,Adjusted_minus_Heston,0,512,-2.694997958499181
252,1.1,xi_plus20,10,5,Adjusted_minus_Heston,1,512,-3.367065219978625
252,1.1,xi_plus20,10,5,Adjusted_minus_Heston,2,512,-3.763884160875013
252,1.1,xi_plus20,10,5,Adjusted_minus_Heston,3,512,-3.8792276524217026
252,1.1,xi_plus20,10,5,Adjusted_minus_Heston,4,512,-2.9931982166897075
252,1.1,xi_plus20,10,5,Adjusted_minus_Heston,5,512,-3.9172109402730384
252,1.1,xi_plus20,10,5,Adjusted_minus_Heston,6,512,-3.0196208123412864
252,1.1,xi_plus20,10,5,Adjusted_minus_Heston,7,512,-3.7628849991546733
252,1.1,rho_minus10pp,0,1,Heston_minus_BS,0,512,2.8714603473944704
252,1.1,rho_minus10pp,0,1,Heston_minus_BS,1,512,2.900500606981481
252,1.1,rho_minus10pp,0,1,Heston_minus_BS,2,512,3.115889140727461
252,1.1,rho_minus10pp,0,1,Heston_minus_BS,3,512,3.1573036257249014
252,1.1,rho_minus10pp,0,1,Heston_minus_BS,4,512,2.9996586563948724
252,1.1,rho_minus10pp,0,1,Heston_minus_BS,5,512,3.333697162284419
252,1.1,rho_minus10pp,0,1,Heston_minus_BS,6,512,3.1165473457010116
252,1.1,rho_minus10pp,0,1,Heston_minus_BS,7,512,3.2479298681206146
252,1.1,rho_minus10pp,0,1,Adjusted_minus_Heston,0,512,-3.9995639482254086
252,1.1,rho_minus10pp,0,1,Adjusted_minus_Heston,1,512,-4.140333510226423
252,1.1,rho_minus10pp,0,1,Adjusted_minus_Heston,2,512,-4.58947355607676
252,1.1,rho_minus10pp,0,1,Adjusted_minus_Heston,3,512,-4.458063829067755
252,1.1,rho_minus10pp,0,1,Adjusted_minus_Heston,4,512,-4.37468239937193
252,1.1,rho_minus10pp,0,1,Adjusted_minus_Heston,5,512,-4.796937647058467
252,1.1,rho_minus10pp,0,1,Adjusted_minus_Heston,6,512,-4.205354328891339
252,1.1,rho_minus10pp,0,1,Adjusted_minus_Heston,7,512,-4.603701924999073
252,1.1,rho_minus10pp,0,5,Heston_minus_BS,0,512,2.7017775192454137
252,1.1,rho_minus10pp,0,5,Heston_minus_BS,1,512,3.014118558504211
252,1.1,rho_minus10pp,0,5,Heston_minus_BS,2,512,3.1916717241399617
252,1.1,rho_minus10pp,0,5,Heston_minus_BS,3,512,3.3386381429707654
252,1.1,rho_minus10pp,0,5,Heston_minus_BS,4,512,2.8693977288936443
252,1.1,rho_minus10pp,0,5,Heston_minus_BS,5,512,3.395856200100604
252,1.1,rho_minus10pp,0,5,Heston_minus_BS,6,512,3.0143425889175903
252,1.1,rho_minus10pp,0,5,Heston_minus_BS,7,512,3.3449124002995325
252,1.1,rho_minus10pp,0,5,Adjusted_minus_Heston,0,512,-3.691633419292924
252,1.1,rho_minus10pp,0,5,Adjusted_minus_Heston,1,512,-4.2570844558753524
252,1.1,rho_minus10pp,0,5,Adjusted_minus_Heston,2,512,-4.6637414916195805
252,1.1,rho_minus10pp,0,5,Adjusted_minus_Heston,3,512,-4.7924503159334755
252,1.1,rho_minus10pp,0,5,Adjusted_minus_Heston,4,512,-4.062589119761604
252,1.1,rho_minus10pp,0,5,Adjusted_minus_Heston,5,512,-4.906831302672018
252,1.1,rho_minus10pp,0,5,Adjusted_minus_Heston,6,512,-4.046958130072998
252,1.1,rho_minus10pp,0,5,Adjusted_minus_Heston,7,512,-4.6975553668898
252,1.1,rho_minus10pp,5,1,Heston_minus_BS,0,512,2.6095483601732834
252,1.1,rho_minus10pp,5,1,Heston_minus_BS,1,512,2.6729984468187897
252,1.1,rho_minus10pp,5,1,Heston_minus_BS,2,512,2.8772196510456443
252,1.1,rho_minus10pp,5,1,Heston_minus_BS,3,512,2.9165984215527225
252,1.1,rho_minus10pp,5,1,Heston_minus_BS,4,512,2.7102023614956288
252,1.1,rho_minus10pp,5,1,Heston_minus_BS,5,512,3.0564211201130727
252,1.1,rho_minus10pp,5,1,Heston_minus_BS,6,512,2.8326944977342476
252,1.1,rho_minus10pp,5,1,Heston_minus_BS,7,512,2.9988154904401396
252,1.1,rho_minus10pp,5,1,Adjusted_minus_Heston,0,512,-3.449977544969993
252,1.1,rho_minus10pp,5,1,Adjusted_minus_Heston,1,512,-3.6424663128373687
252,1.1,rho_minus10pp,5,1,Adjusted_minus_Heston,2,512,-4.083048384581219
252,1.1,rho_minus10pp,5,1,Adjusted_minus_Heston,3,512,-3.9532989065830377
252,1.1,rho_minus10pp,5,1,Adjusted_minus_Heston,4,512,-3.772649220900427
252,1.1,rho_minus10pp,5,1,Adjusted_minus_Heston,5,512,-4.222444257912445
252,1.1,rho_minus10pp,5,1,Adjusted_minus_Heston,6,512,-3.617953929859665
252,1.1,rho_minus10pp,5,1,Adjusted_minus_Heston,7,512,-4.088103077951741
252,1.1,rho_minus10pp,5,5,Heston_minus_BS,0,512,2.5239493412308045
252,1.1,rho_minus10pp,5,5,Heston_minus_BS,1,512,2.8640251414737596
252,1.1,rho_minus10pp,5,5,Heston_minus_BS,2,512,3.037500833561885
252,1.1,rho_minus10pp,5,5,Heston_minus_BS,3,512,3.183618322678679
252,1.1,rho_minus10pp,5,5,Heston_minus_BS,4,512,2.680310582337909
252,1.1,rho_minus10pp,5,5,Heston_minus_BS,5,512,3.211594176106087
252,1.1,rho_minus10pp,5,5,Heston_minus_BS,6,512,2.8214221854429544
252,1.1,rho_minus10pp,5,5,Heston_minus_BS,7,512,3.1825072852493537
252,1.1,rho_minus10pp,5,5,Adjusted_minus_Heston,0,512,-3.334806831448449
252,1.1,rho_minus10pp,5,5,Adjusted_minus_Heston,1,512,-3.9419725580064933
252,1.1,rho_minus10pp,5,5,Adjusted_minus_Heston,2,512,-4.344408795785675
252,1.1,rho_minus10pp,5,5,Adjusted_minus_Heston,3,512,-4.4783863121966245
252,1.1,rho_minus10pp,5,5,Adjusted_minus_Heston,4,512,-3.682198521102726
252,1.1,rho_minus10pp,5,5,Adjusted_minus_Heston,5,512,-4.5399200212856785
252,1.1,rho_minus10pp,5,5,Adjusted_minus_Heston,6,512,-3.6646101931140826
252,1.1,rho_minus10pp,5,5,Adjusted_minus_Heston,7,512,-4.37087732956934
252,1.1,rho_minus10pp,10,1,Heston_minus_BS,0,512,2.3630889253311618
252,1.1,rho_minus10pp,10,1,Heston_minus_BS,1,512,2.4628056091839605
252,1.1,rho_minus10pp,10,1,Heston_minus_BS,2,512,2.6535167743523846
252,1.1,rho_minus10pp,10,1,Heston_minus_BS,3,512,2.690525127565693
252,1.1,rho_minus10pp,10,1,Heston_minus_BS,4,512,2.435370550905813
252,1.1,rho_minus10pp,10,1,Heston_minus_BS,5,512,2.7937531982683006
252,1.1,rho_minus10pp,10,1,Heston_minus_BS,6,512,2.5630492900941464
252,1.1,rho_minus10pp,10,1,Heston_minus_BS,7,512,2.763683233795538
252,1.1,rho_minus10pp,10,1,Adjusted_minus_Heston,0,512,-2.9193084850716096
252,1.1,rho_minus10pp,10,1,Adjusted_minus_Heston,1,512,-3.1664148539718786
252,1.1,rho_minus10pp,10,1,Adjusted_minus_Heston,2,512,-3.5954109782505688
252,1.1,rho_minus10pp,10,1,Adjusted_minus_Heston,3,512,-3.466522852259734
252,1.1,rho_minus10pp,10,1,Adjusted_minus_Heston,4,512,-3.1887915074678967
252,1.1,rho_minus10pp,10,1,Adjusted_minus_Heston,5,512,-3.666281282065172
252,1.1,rho_minus10pp,10,1,Adjusted_minus_Heston,6,512,-3.047647871224146
252,1.1,rho_minus10pp,10,1,Adjusted_minus_Heston,7,512,-3.58980652930438
252,1.1,rho_minus10pp,10,5,Heston_minus_BS,0,512,2.350397693267947
252,1.1,rho_minus10pp,10,5,Heston_minus_BS,1,512,2.718630865619366
252,1.1,rho_minus10pp,10,5,Heston_minus_BS,2,512,2.88766620618115
252,1.1,rho_minus10pp,10,5,Heston_minus_BS,3,512,3.0327236594364213
252,1.1,rho_minus10pp,10,5,Heston_minus_BS,4,512,2.4953230223399876
252,1.1,rho_minus10pp,10,5,Heston_minus_BS,5,512,3.0314257616149307
252,1.1,rho_minus10pp,10,5,Heston_minus_BS,6,512,2.6324173306696705
252,1.1,rho_minus10pp,10,5,Heston_minus_BS,7,512,3.0240348557075096
252,1.1,rho_minus10pp,10,5,Adjusted_minus_Heston,0,512,-2.9834475583974367
252,1.1,rho_minus10pp,10,5,Adjusted_minus_Heston,1,512,-3.6329827505235817
252,1.1,rho_minus10pp,10,5,Adjusted_minus_Heston,2,512,-4.030666789589267
252,1.1,rho_minus10pp,10,5,Adjusted_minus_Heston,3,512,-4.169585852699477
252,1.1,rho_minus10pp,10,5,Adjusted_minus_Heston,4,512,-3.30700468126555
252,1.1,rho_minus10pp,10,5,Adjusted_minus_Heston,5,512,-4.178359718174029
252,1.1,rho_minus10pp,10,5,Adjusted_minus_Heston,6,512,-3.2872359391123376
252,1.1,rho_minus10pp,10,5,Adjusted_minus_Heston,7,512,-4.049278575402584
252,1.1,rho_plus10pp,0,1,Heston_minus_BS,0,512,2.0759324027493697
252,1.1,rho_plus10pp,0,1,Heston_minus_BS,1,512,2.113022997498003
252,1.1,rho_plus10pp,0,1,Heston_minus_BS,2,512,2.2742739525521865
252,1.1,rho_plus10pp,0,1,Heston_minus_BS,3,512,2.267461585638549
252,1.1,rho_plus10pp,0,1,Heston_minus_BS,4,512,2.142639328683054
252,1.1,rho_plus10pp,0,1,Heston_minus_BS,5,512,2.4025142044165353
252,1.1,rho_plus10pp,0,1,Heston_minus_BS,6,512,2.2112386265382167
252,1.1,rho_plus10pp,0,1,Heston_minus_BS,7,512,2.2935138721511827
252,1.1,rho_plus10pp,0,1,Adjusted_minus_Heston,0,512,-2.9576645633134726
252,1.1,rho_plus10pp,0,1,Adjusted_minus_Heston,1,512,-3.0480825818395694
252,1.1,rho_plus10pp,0,1,Adjusted_minus_Heston,2,512,-3.356202588803298
252,1.1,rho_plus10pp,0,1,Adjusted_minus_Heston,3,512,-3.2679223961364756
252,1.1,rho_plus10pp,0,1,Adjusted_minus_Heston,4,512,-3.1879479464486575
252,1.1,rho_plus10pp,0,1,Adjusted_minus_Heston,5,512,-3.502430620178621
252,1.1,rho_plus10pp,0,1,Adjusted_minus_Heston,6,512,-3.0932788810110194
252,1.1,rho_plus10pp,0,1,Adjusted_minus_Heston,7,512,-3.3521092765805447
252,1.1,rho_plus10pp,0,5,Heston_minus_BS,0,512,1.9382880381882148
252,1.1,rho_plus10pp,0,5,Heston_minus_BS,1,512,2.17049483368332
252,1.1,rho_plus10pp,0,5,Heston_minus_BS,2,512,2.3273556277330725
252,1.1,rho_plus10pp,0,5,Heston_minus_BS,3,512,2.3838616454189308
252,1.1,rho_plus10pp,0,5,Heston_minus_BS,4,512,2.042775787647493
252,1.1,rho_plus10pp,0,5,Heston_minus_BS,5,512,2.4402089113523866
252,1.1,rho_plus10pp,0,5,Heston_minus_BS,6,512,2.1416497508348353
252,1.1,rho_plus10pp,0,5,Heston_minus_BS,7,512,2.3426319306690964
252,1.1,rho_plus10pp,0,5,Adjusted_minus_Heston,0,512,-2.7327401646202802
252,1.1,rho_plus10pp,0,5,Adjusted_minus_Heston,1,512,-3.129294869527846
252,1.1,rho_plus10pp,0,5,Adjusted_minus_Heston,2,512,-3.4120538099080946
252,1.1,rho_plus10pp,0,5,Adjusted_minus_Heston,3,512,-3.4930540359016207
252,1.1,rho_plus10pp,0,5,Adjusted_minus_Heston,4,512,-2.959544020204973
252,1.1,rho_plus10pp,0,5,Adjusted_minus_Heston,5,512,-3.5805597065521484
252,1.1,rho_plus10pp,0,5,Adjusted_minus_Heston,6,512,-2.9757682345832333
252,1.1,rho_plus10pp,0,5,Adjusted_minus_Heston,7,512,-3.4198316016193897
252,1.1,rho_plus10pp,5,1,Heston_minus_BS,0,512,1.8581323935972458
252,1.1,rho_plus10pp,5,1,Heston_minus_BS,1,512,1.9180595837770213
252,1.1,rho_plus10pp,5,1,Heston_minus_BS,2,512,2.0776619644045295
252,1.1,rho_plus10pp,5,1,Heston_minus_BS,3,512,2.0699685670496644
252,1.1,rho_plus10pp,5,1,Heston_minus_BS,4,512,1.907442777933439
252,1.1,rho_plus10pp,5,1,Heston_minus_BS,5,512,2.1750969786718084
252,1.1,rho_plus10pp,5,1,Heston_minus_BS,6,512,1.977548678520283
252,1.1,rho_plus10pp,5,1,Heston_minus_BS,7,512,2.0914710903962654
252,1.1,rho_plus10pp,5,1,Adjusted_minus_Heston,0,512,-2.5607168631391026
252,1.1,rho_plus10pp,5,1,Adjusted_minus_Heston,1,512,-2.68739586341339
252,1.1,rho_plus10pp,5,1,Adjusted_minus_Heston,2,512,-2.988802842147211
252,1.1,rho_plus10pp,5,1,Adjusted_minus_Heston,3,512,-2.9031996382369436
252,1.1,rho_plus10pp,5,1,Adjusted_minus_Heston,4,512,-2.753441622276461
252,1.1,rho_plus10pp,5,1,Adjusted_minus_Heston,5,512,-3.088505654725997
252,1.1,rho_plus10pp,5,1,Adjusted_minus_Heston,6,512,-2.6697477778613745
252,1.1,rho_plus10pp,5,1,Adjusted_minus_Heston,7,512,-2.980290729796949
252,1.1,rho_plus10pp,5,5,Heston_minus_BS,0,512,1.7960841739968476
252,1.1,rho_plus10pp,5,5,Heston_minus_BS,1,512,2.045098042075695
252,1.1,rho_plus10pp,5,5,Heston_minus_BS,2,512,2.202195125691868
252,1.1,rho_plus10pp,5,5,Heston_minus_BS,3,512,2.2593406998937735
252,1.1,rho_plus10pp,5,5,Heston_minus_BS,4,512,1.8931431671296022
252,1.1,rho_plus10pp,5,5,Heston_minus_BS,5,512,2.292321787097281
252,1.1,rho_plus10pp,5,5,Heston_minus_BS,6,512,1.9877671357480902
252,1.1,rho_plus10pp,5,5,Heston_minus_BS,7,512,2.21269994375137
252,1.1,rho_plus10pp,5,5,Adjusted_minus_Heston,0,512,-2.4771953892637653
252,1.1,rho_plus10pp,5,5,Adjusted_minus_Heston,1,512,-2.9030984317024706
252,1.1,rho_plus10pp,5,5,Adjusted_minus_Heston,2,512,-3.1825317210679476
252,1.1,rho_plus10pp,5,5,Adjusted_minus_Heston,3,512,-3.2678608748460434
252,1.1,rho_plus10pp,5,5,Adjusted_minus_Heston,4,512,-2.686995852891192
252,1.1,rho_plus10pp,5,5,Adjusted_minus_Heston,5,512,-3.3179268540640185
252,1.1,rho_plus10pp,5,5,Adjusted_minus_Heston,6,512,-2.702433688145738
252,1.1,rho_plus10pp,5,5,Adjusted_minus_Heston,7,512,-3.1860929035512973
252,1.1,rho_plus10pp,10,1,Heston_minus_BS,0,512,1.6498806690374357
252,1.1,rho_plus10pp,10,1,Heston_minus_BS,1,512,1.7336056138639262
252,1.1,rho_plus10pp,10,1,Heston_minus_BS,2,512,1.890634061067857
252,1.1,rho_plus10pp,10,1,Heston_minus_BS,3,512,1.8816521885649569
252,1.1,rho_plus10pp,10,1,Heston_minus_BS,4,512,1.6818172084955734
252,1.1,rho_plus10pp,10,1,Heston_minus_BS,5,512,1.956904478533851
252,1.1,rho_plus10pp,10,1,Heston_minus_BS,6,512,1.7528906163941032
252,1.1,rho_plus10pp,10,1,Heston_minus_BS,7,512,1.8984590803851593
252,1.1,rho_plus10pp,10,1,Adjusted_minus_Heston,0,512,-2.1758274861637235
252,1.1,rho_plus10pp,10,1,Adjusted_minus_Heston,1,512,-2.3407534728872434
252,1.1,rho_plus10pp,10,1,Adjusted_minus_Heston,2,512,-2.6333902340174187
252,1.1,rho_plus10pp,10,1,Adjusted_minus_Heston,3,512,-2.5499310339647003
252,1.1,rho_plus10pp,10,1,Adjusted_minus_Heston,4,512,-2.330519577934152
252,1.1,rho_plus10pp,10,1,Adjusted_minus_Heston,5,512,-2.68626775591925
252,1.1,rho_plus10pp,10,1,Adjusted_minus_Heston,6,512,-2.257041768862716
252,1.1,rho_plus10pp,10,1,Adjusted_minus_Heston,7,512,-2.6195310961227536
252,1.1,rho_plus10pp,10,5,Heston_minus_BS,0,512,1.6566480397512076
252,1.1,rho_plus10pp,10,5,Heston_minus_BS,1,512,1.9226454012826335
252,1.1,rho_plus10pp,10,5,Heston_minus_BS,2,512,2.079878629187607
252,1.1,rho_plus10pp,10,5,Heston_minus_BS,3,512,2.137474535644659
252,1.1,rho_plus10pp,10,5,Heston_minus_BS,4,512,1.746245832570784
252,1.1,rho_plus10pp,10,5,Heston_minus_BS,5,512,2.1470902202461115
252,1.1,rho_plus10pp,10,5,Heston_minus_BS,6,512,1.8364532824943542
252,1.1,rho_plus10pp,10,5,Heston_minus_BS,7,512,2.085352045599323
252,1.1,rho_plus10pp,10,5,Adjusted_minus_Heston,0,512,-2.225222174034239
252,1.1,rho_plus10pp,10,5,Adjusted_minus_Heston,1,512,-2.6809283223974854
252,1.1,rho_plus10pp,10,5,Adjusted_minus_Heston,2,512,-2.956680255043536
252,1.1,rho_plus10pp,10,5,Adjusted_minus_Heston,3,512,-3.0461047292023653
252,1.1,rho_plus10pp,10,5,Adjusted_minus_Heston,4,512,-2.4178466908933585
252,1.1,rho_plus10pp,10,5,Adjusted_minus_Heston,5,512,-3.058786200964277
252,1.1,rho_plus10pp,10,5,Adjusted_minus_Heston,6,512,-2.4323388581798397
252,1.1,rho_plus10pp,10,5,Adjusted_minus_Heston,7,512,-2.9556827009834215
