maturity_days,strike_over_forward,scenario,fee_bps,rebalance_days,contrast,difference,se,ci95_low,ci95_high,sim95_low,sim95_high,n_paths,first_half_difference,refinement_shift,refinement_se,refinement_margin,expanded_low,expanded_high,supported_sign
63,0.9,reference,0,1,Heston_minus_BS,0.1316734490806098,0.0078142037148429,0.1163533630759004,0.1469935350853192,0.1007521080736332,0.1625947900875864,4096,0.1465445972280381,-0.0006719196853406704,0.0006219067950126022,0.0018908570035653708,0.09886125107006784,0.16448564709115177,positive
63,0.9,reference,0,1,Adjusted_minus_Heston,-0.1528159072907241,0.0125304011000357,-0.1773823032449804,-0.1282495113364677,-0.202399565396851,-0.1032322491845971,4096,-0.1767530046868685,0.001087707737389624,0.0010712872378140761,0.003187430723505213,-0.20558699612035622,-0.10004481846109188,negative
63,0.9,reference,0,5,Heston_minus_BS,0.1565591466065142,0.0129588561272972,0.1311527459497534,0.181965547263275,0.1052800625187302,0.2078382306942982,4096,0.1777961264985386,-0.000446466225739894,0.0009051600556002667,0.002220579934716417,0.10305948258401379,0.2100588106290146,positive
63,0.9,reference,0,5,Adjusted_minus_Heston,-0.1885756891436943,0.0214053164134265,-0.2305417422923742,-0.1466096359950143,-0.2732779969328504,-0.1038733813545381,4096,-0.2234431444124245,0.0007367407930178698,0.001600662361018636,0.0038740390206143966,-0.27715203595346477,-0.0999993423339237,negative
63,0.9,reference,5,1,Heston_minus_BS,0.132400710294781,0.0083416545192356,0.1160465340639363,0.1487548865256256,0.0993922102141229,0.165409210375439,4096,0.1509748553934411,-0.0006600277465452686,0.0006314427624111674,0.0018976555608711566,0.09749455465325174,0.16730686593631014,positive
63,0.9,reference,5,1,Adjusted_minus_Heston,-0.151306190436709,0.0132773761408727,-0.1773370634236355,-0.1252753174497825,-0.2038456801034524,-0.0987667007699655,4096,-0.1814984636484158,0.001056910698511685,0.0010749189692302224,0.0031637518782029208,-0.2070094319816553,-0.09560294889176257,negative
63,0.9,reference,5,5,Heston_minus_BS,0.1492901399401308,0.0133836097323733,0.1230509913799315,0.1755292885003302,0.0963302766525988,0.2022500032276629,4096,0.1731059508450051,-0.00042355392923766155,0.0009081132148953774,0.002203455830432601,0.0941268208221662,0.2044534590580955,positive
63,0.9,reference,5,5,Adjusted_minus_Heston,-0.1740992168330305,0.022078355648011,-0.2173847926528168,-0.1308136410132441,-0.2614647871173955,-0.0867336465486655,4096,-0.213341925026371,0.0006865072702714734,0.001599285589501333,0.003821107025694086,-0.2652858941430896,-0.08291253952297141,negative
63,0.9,reference,10,1,Heston_minus_BS,0.1314605783744521,0.0090296549547079,0.1137575473879153,0.149163609360989,0.0957296132987007,0.1671915434502036,4096,0.1537967967830969,-0.000654933669598186,0.0006507141708148399,0.001930333444395272,0.09379927985430542,0.16912187689459887,positive
63,0.9,reference,10,1,Adjusted_minus_Heston,-0.1467593453108319,0.0143397365448429,-0.174873022042164,-0.1186456685794999,-0.2035026680899727,-0.0900160225316911,4096,-0.1832953822467062,0.0010385478889265965,0.0010959734969950155,0.0031866559430368266,-0.20668932403300952,-0.08682936658865427,negative
63,0.9,reference,10,5,Heston_minus_BS,0.1418242713756609,0.0138597451739223,0.1146516385884551,0.1689969041628667,0.086980307431055,0.1966682353202668,4096,0.168236713337279,-0.00040158859063364944,0.0009130575648677315,0.002191181417774403,0.0847891260132806,0.19885941673804122,positive
63,0.9,reference,10,5,Adjusted_minus_Heston,-0.1592180718408304,0.0228448770949925,-0.2040064462720613,-0.1144296974095996,-0.2496168201579429,-0.0688193235237179,4096,-0.2028635173282278,0.0006380592016715962,0.0016012529090007372,0.0037765149033130406,-0.25339333506125594,-0.06504280862040486,negative
63,0.9,kappa_minus20,0,1,Heston_minus_BS,0.1465917886695639,0.0083224622883401,0.1302752396415245,0.1629083376976032,0.1136592335652411,0.1795243437738867,4096,0.162387249721004,-0.0007287868308802322,0.0006688601233526843,0.0020397526726514932,0.1116194808925896,0.1815640964465382,positive
63,0.9,kappa_minus20,0,1,Adjusted_minus_Heston,-0.1658343879215879,0.0131062859784448,-0.1915298312091356,-0.1401389446340402,-0.2176968620601436,-0.1139719137830322,4096,-0.1910454003527268,0.0011447696318406457,0.0011168363534987747,0.003333768884698244,-0.22103063094484185,-0.11063814489833396,negative
63,0.9,kappa_minus20,0,5,Heston_minus_BS,0.1750323563065581,0.0137917724314524,0.1479929870352032,0.202071725577913,0.1204573651742554,0.2296073474388608,4096,0.1974684966829592,-0.000481962815381402,0.0009702638727224735,0.0023836800059174497,0.11807368516833795,0.23199102744477826,positive
63,0.9,kappa_minus20,0,5,Adjusted_minus_Heston,-0.2050298151397058,0.0223980975107432,-0.2489422587780337,-0.161117371501378,-0.2936606259440955,-0.1163990043353162,4096,-0.2416581586887185,0.0007429251798531125,0.0016758414586350461,0.004027574438777803,-0.2976882003828733,-0.11237142989653841,negative
63,0.9,kappa_minus20,5,1,Heston_minus_BS,0.1474655894288138,0.0088581393809575,0.130098822179043,0.1648323566785847,0.1124133232630833,0.1825178555945444,4096,0.1672224261918598,-0.0007172311183874403,0.0006782848062301193,0.002046669338598474,0.11036665392448483,0.18456452493314288,positive
63,0.9,kappa_minus20,5,1,Adjusted_minus_Heston,-0.1645692228364497,0.0138879685053836,-0.1917971886916308,-0.1373412569812687,-0.2195248684428492,-0.1096135772300503,4096,-0.1963776183819767,0.0011131791636852038,0.0011222707615017992,0.00331282985622873,-0.22283769829907796,-0.10630074737382157,negative
63,0.9,kappa_minus20,5,5,Heston_minus_BS,0.1673142920624888,0.0142362260570891,0.139403552141182,0.1952250319837957,0.1109805673955081,0.2236480167294696,4096,0.1925431893726509,-0.00046164984439190585,0.0009735336730940084,0.0023697758436561625,0.10861079155185194,0.22601779257312576,positive
63,0.9,kappa_minus20,5,5,Adjusted_minus_Heston,-0.190128329428842,0.023105238807886,-0.2354271543140693,-0.1448295045436147,-0.2815573469331076,-0.0986993119245764,4096,-0.2313605055045515,0.0006906592273295193,0.0016744930415994964,0.003972665588864532,-0.28553001252197213,-0.09472664633571187,negative
63,0.9,kappa_minus20,10,1,Heston_minus_BS,0.1468629382179511,0.0095703667285898,0.1280998182982456,0.1656260581376565,0.1089923395010991,0.184733536934803,4096,0.1706460420205791,-0.0007121183529503676,0.0006980979916657594,0.002080390416615256,0.10691194908448384,0.18681392735141825,positive
63,0.9,kappa_minus20,10,1,Adjusted_minus_Heston,-0.1601304480463451,0.0150011778685064,-0.1895409092403531,-0.1307199868523371,-0.2194911395902973,-0.1007697565023929,4096,-0.1986282968022972,0.0010940221605067013,0.0011461080632762233,0.003340393964528099,-0.2228315335548254,-0.0974293625378648,negative
63,0.9,kappa_minus20,10,5,Heston_minus_BS,0.15948469541687,0.0147374604897018,0.1305912636057213,0.1883781272280186,0.101167551660646,0.2178018391730939,4096,0.1875257931378003,-0.00044216647172550807,0.0009789343873808354,0.0023608778709919456,0.09880667378965406,0.22016271704408585,positive
63,0.9,kappa_minus20,10,5,Adjusted_minus_Heston,-0.1748194427410546,0.0239107869500894,-0.2216975797698913,-0.1279413057122178,-0.2694360695925521,-0.080202815889557,4096,-0.2206835541947924,0.0006401243964161205,0.0016767031666901806,0.0039264626031288745,-0.273362532195681,-0.07627635328642812,negative
63,0.9,kappa_plus20,0,1,Heston_minus_BS,0.1186913732329993,0.0073602540290903,0.1042612753168179,0.1331214711491807,0.0895663423230457,0.1478164041429529,4096,0.1327378180441527,-0.0006198934355910485,0.0005811533290849008,0.001758953960597454,0.08780738836244824,0.14957535810355035,positive
63,0.9,kappa_plus20,0,1,Adjusted_minus_Heston,-0.1413552456359595,0.0119951935251541,-0.1648723438784115,-0.1178381473935075,-0.1888210505946193,-0.0938894406772997,4096,-0.1641298898765404,0.0010337524644550191,0.0010291064672922872,0.0030508011403479023,-0.19187185173496718,-0.09083863953695179,negative
63,0.9,kappa_plus20,0,5,Heston_minus_BS,0.1404463249380948,0.0122134837282266,0.116501259265167,0.1643913906110226,0.0921167306473417,0.1887759192288479,4096,0.1606142412005446,-0.0004120370218767238,0.0008481918516340725,0.002074493051079506,0.09004223759626219,0.1908504122799274,positive
63,0.9,kappa_plus20,0,5,Adjusted_minus_Heston,-0.1740805860117392,0.0204838462128073,-0.2142400567830685,-0.1339211152404099,-0.2551365729036051,-0.0930245991198733,4096,-0.2073410881159503,0.0007265888632882671,0.0015312373791069038,0.0037278141263377986,-0.2588643870299429,-0.08929678499353551,negative
63,0.9,kappa_plus20,5,1,Heston_minus_BS,0.1193085227129839,0.0078810429245443,0.1038573955326822,0.1347596498932857,0.0881226943607534,0.1504943510652145,4096,0.136822374910333,-0.0006072163931884174,0.0005910460165758167,0.001765666585677018,0.08635702777507638,0.1522600176508915,positive
63,0.9,kappa_plus20,5,1,Adjusted_minus_Heston,-0.1396412288174692,0.0127110959849489,-0.1645618849469783,-0.1147205726879601,-0.1899399089985907,-0.0893425486363478,4096,-0.1683545955939877,0.0010025366348156135,0.0010314130627370895,0.003024106237780309,-0.19296401523637102,-0.0863184423985675,negative
63,0.9,kappa_plus20,5,5,Heston_minus_BS,0.133607729803734,0.0126211179788311,0.1088634794658525,0.1583519801416154,0.0836650987751335,0.1835503608323345,4096,0.1561587130944534,-0.00038746691428547425,0.0008509671219707089,0.0020553624733480637,0.08160973630178545,0.18560572330568256,positive
63,0.9,kappa_plus20,5,5,Adjusted_minus_Heston,-0.1600214751788242,0.0211258046473723,-0.2014395333619845,-0.1186034169956638,-0.2436177357046862,-0.0764252146529621,4096,-0.197444056902175,0.0006786803744023012,0.0015299127721187268,0.0036773094077550057,-0.24729504511244121,-0.0727479052452071,negative
63,0.9,kappa_plus20,10,1,Heston_minus_BS,0.1180848699891406,0.0085483238047318,0.1013255096417981,0.1348442303364832,0.0842585653457019,0.1519111746325793,4096,0.1391202049659471,-0.0006008665400231998,0.0006101394896958251,0.001796739939827017,0.08246182540587489,0.15370791457240632,positive
63,0.9,kappa_plus20,10,1,Adjusted_minus_Heston,-0.1350124020498362,0.0137273150060012,-0.1619253997371385,-0.108099404362534,-0.1893323307208132,-0.0806924733788593,4096,-0.1697493718793665,0.0009833013092039678,0.0010502079125804223,0.0030417088178615955,-0.1923740395386748,-0.0776507645609977,negative
63,0.9,kappa_plus20,10,5,Heston_minus_BS,0.1264952686743072,0.0130754606741209,0.1008602597356193,0.1521302776129952,0.074754772382942,0.1782357649656725,4096,0.1514458013097546,-0.0003640189015457153,0.00085565022330495,0.002041093339223417,0.07271367904371857,0.18027685830489593,positive
63,0.9,kappa_plus20,10,5,Adjusted_minus_Heston,-0.1455595647627055,0.0218566464562389,-0.188410470076074,-0.1027086594493371,-0.2320478165417768,-0.0590713129836343,4096,-0.1871710969344722,0.0006326253454886881,0.0015317406820488432,0.0036348370823044204,-0.23568265362408122,-0.05543647590132988,negative
63,0.9,theta_minus20,0,1,Heston_minus_BS,0.1596757835689231,0.0086558858460829,0.1427055431646387,0.1766460239732075,0.125423848537361,0.1939277186004852,4096,0.1757423209881654,-0.0008314397752598158,0.0007279065199661266,0.002258136554393424,0.12316571198296757,0.1961858551548786,positive
63,0.9,theta_minus20,0,1,Adjusted_minus_Heston,-0.1838350362748689,0.0127213394283228,-0.2087757751203141,-0.1588942974294236,-0.2341742504652392,-0.1334958220844986,4096,-0.2088792170031165,0.0011760682346981628,0.001086384392171374,0.0033053816433540563,-0.23747963210859327,-0.13019044044114453,negative
63,0.9,theta_minus20,0,5,Heston_minus_BS,0.1921818567787444,0.0143845611828022,0.1639802993965199,0.2203834141609689,0.1352611598273357,0.2491025537301532,4096,0.2150119616621345,-0.0005950562928391178,0.001057741664881975,0.002668229956007789,0.1325929298713279,0.25177078368616096,positive
63,0.9,theta_minus20,0,5,Adjusted_minus_Heston,-0.2240356140478739,0.0217987505773586,-0.2667730119744206,-0.1812982161213273,-0.3102947678562388,-0.1377764602395091,4096,-0.2602101204946425,0.000773818154383648,0.001617099847388733,0.003943333855265564,-0.31423810171150435,-0.13383312638424352,negative
63,0.9,theta_minus20,5,1,Heston_minus_BS,0.1617047450433259,0.0092199468742165,0.1436286384781048,0.1797808516085471,0.125220781767282,0.1981887083193698,4096,0.1820901141004939,-0.0008210544205667987,0.0007403611933914818,0.0022721623596141027,0.1229486194076679,0.2004608706789839,positive
63,0.9,theta_minus20,5,1,Adjusted_minus_Heston,-0.1829425968567479,0.0135326125095633,-0.2094738718376029,-0.156411321875893,-0.2364920743714759,-0.12939311934202,4096,-0.2143929630830958,0.0011496917961186777,0.001095903334525905,0.0032976623317894516,-0.23978973670326537,-0.12609545701023053,negative
63,0.9,theta_minus20,5,5,Heston_minus_BS,0.184428378316425,0.0148595645999765,0.1552955560901808,0.2135612005426692,0.1256280602061736,0.2432286964266764,4096,0.2103129835793283,-0.0005749709238404817,0.001063676390898445,0.002659776650001434,0.12296828355617216,0.24588847307667785,positive
63,0.9,theta_minus20,5,5,Adjusted_minus_Heston,-0.2098388247103743,0.0225041058272751,-0.2539591022606079,-0.1657185471601407,-0.298889117707023,-0.1207885317137257,4096,-0.2504766627450946,0.0007236473380605803,0.0016164613796276746,0.0038919116421308225,-0.3027810293491538,-0.11689662007159488,negative
63,0.9,theta_minus20,10,1,Heston_minus_BS,0.1624320226436774,0.0099900313203551,0.1428461320523085,0.1820179132350462,0.1229007823024102,0.2019632629849445,4096,0.1872166342482567,-0.0008175171352269219,0.0007640974023050059,0.0023151480437447335,0.12058563425866546,0.20427841102868924,positive
63,0.9,theta_minus20,10,1,Adjusted_minus_Heston,-0.1788254473406152,0.0146590767581812,-0.2075652044393956,-0.1500856902418349,-0.2368324212855321,-0.1208184733956984,4096,-0.2167726306884659,0.0011354832072147363,0.0011236921164940279,0.003337919755543031,-0.24017034104107515,-0.11748055364015537,negative
63,0.9,theta_minus20,10,5,Heston_minus_BS,0.1766490348685475,0.0154011645436243,0.1464543824137071,0.2068436873233879,0.1157055685684069,0.2375925011686881,4096,0.2056116498305983,-0.0005559480808716902,0.0010720043412721831,0.002657076589765169,0.11304849197864172,0.24024957775845326,positive
63,0.9,theta_minus20,10,5,Adjusted_minus_Heston,-0.1951927652148545,0.0233031912020613,-0.2408796843722906,-0.1495058460574184,-0.2874050939440138,-0.1029804364856953,4096,-0.2403212433824358,0.0006754347187704856,0.0016193584153933816,0.0038493772129415136,-0.29125447115695535,-0.09913105927275379,negative
63,0.9,theta_plus20,0,1,Heston_minus_BS,0.1089043330324123,0.007106406816004,0.0949719136102212,0.1228367524546033,0.0807837929862687,0.1370248730785558,4096,0.1228034750730842,-0.0005259834135727478,0.0005288318862120061,0.0015624939105482799,0.07922129907572042,0.13858736698910407,positive
63,0.9,theta_plus20,0,1,Adjusted_minus_Heston,-0.1236608898575919,0.0123710546916004,-0.1479148802525801,-0.0994068994626037,-0.172614003276983,-0.0747077764382008,4096,-0.1466234756542188,0.0010039601564175227,0.001059248921088971,0.0030800880417519057,-0.17569409131873492,-0.0716276883964489,negative
63,0.9,theta_plus20,0,5,Heston_minus_BS,0.1272303717760288,0.0117701115779977,0.1041545564735126,0.1503061870785449,0.0806552315474576,0.1738055120045999,4096,0.1471667483546515,-0.00030614313183315733,0.0007698222793530624,0.0018149947993651595,0.07884023674809244,0.17562050680396507,positive
63,0.9,theta_plus20,0,5,Adjusted_minus_Heston,-0.1553313943918834,0.021053936029578,-0.1966085510262966,-0.1140542377574703,-0.2386432658591015,-0.0720195229246654,4096,-0.1890304561206458,0.0006973511763560671,0.0015854791600816939,0.003804890330116187,-0.2424481561892177,-0.06821463259454921,negative
63,0.9,theta_plus20,5,1,Heston_minus_BS,0.108525207612887,0.0076058432039613,0.0936136214455479,0.1234367937802261,0.0784283634637438,0.1386220517620301,4096,0.1255599011134203,-0.0005130956566618744,0.0005364016435518086,0.0015644428780234193,0.07686392058572038,0.14018649464005353,positive
63,0.9,theta_plus20,5,1,Adjusted_minus_Heston,-0.1215794527173748,0.0130618925890882,-0.1471878608356587,-0.0959710445990909,-0.1732662591640142,-0.0698926462707353,4096,-0.1506543475046603,0.0009677557344942749,0.0010580786065019592,0.003041589803238115,-0.17630784896725232,-0.06685105646749719,negative
63,0.9,theta_plus20,5,5,Heston_minus_BS,0.1204950489460141,0.0121557362241012,0.0966631997647524,0.1443268981272759,0.0723939654968674,0.1685961323951609,4096,0.1425691883473833,-0.0002811610794639697,0.0007703579613297027,0.001791062683670187,0.07060290281319721,0.1703871950788311,positive
63,0.9,theta_plus20,5,5,Adjusted_minus_Heston,-0.1406059821520086,0.0216982677884381,-0.1831463792036829,-0.0980655851003344,-0.2264675186605274,-0.0547444456434899,4096,-0.1785945500268055,0.000646454615162453,0.0015835925395454166,0.0037502959926714696,-0.23021781465319885,-0.050994149650818436,negative
63,0.9,theta_plus20,10,1,Heston_minus_BS,0.1061156045721122,0.0082268552790671,0.0899864972410348,0.1222447119031897,0.0735613729725597,0.1386698361716648,4096,0.1263252934171534,-0.000506262640874518,0.0005525895902007072,0.001589338237667904,0.07197203473489179,0.14025917440933272,positive
63,0.9,theta_plus20,10,1,Adjusted_minus_Heston,-0.1166288494060318,0.0140667302977222,-0.1442072855244568,-0.0890504132876068,-0.1722918677072868,-0.0609658311047768,4096,-0.151902172119995,0.0009438789426262119,0.001073445326951682,0.0030478317834515085,-0.1753396994907383,-0.0579179993213253,negative
63,0.9,theta_plus20,10,5,Heston_minus_BS,0.1133984076885306,0.012579851306464,0.0887350624553615,0.1380617529216997,0.0636190717178851,0.1631777436591761,4096,0.1376228802894523,-0.00025717836667672744,0.0007726273204525467,0.001771527914763719,0.06184754380312138,0.16494927157393982,positive
63,0.9,theta_plus20,10,5,Adjusted_minus_Heston,-0.1255141214770302,0.0224355377176387,-0.169499968268207,-0.0815282746858534,-0.2142930857525905,-0.03673515720147,4096,-0.1678198122085257,0.0005973084682688885,0.0015848733187538964,0.0037036601730265255,-0.21799674592561705,-0.03303149702844347,negative
63,0.9,xi_minus20,0,1,Heston_minus_BS,0.1075281261210036,0.0065458969749992,0.0946946106030413,0.1203616416389658,0.0816255620278744,0.1334306902141327,4096,0.1195451358035401,-0.0004510779568039178,0.0005006520836535076,0.0014323560407647927,0.0801932059871096,0.1348630462548975,positive
63,0.9,xi_minus20,0,1,Adjusted_minus_Heston,-0.1295157907801221,0.0101562408851315,-0.1494275424470529,-0.1096040391131913,-0.1697047337893283,-0.089326847770916,4096,-0.1485955164240426,0.000866547101934828,0.0008558915940614193,0.00254409462629521,-0.1722488284156235,-0.08678275314462079,negative
63,0.9,xi_minus20,0,5,Heston_minus_BS,0.127454729772267,0.0109259422894417,0.106033945049341,0.1488755144951929,0.0842200254206714,0.1706894341238625,4096,0.1452754299953389,-0.00035790625302219517,0.0007531068948377812,0.001833995766904246,0.08238602965376716,0.17252342989076674,positive
63,0.9,xi_minus20,0,5,Adjusted_minus_Heston,-0.1583110013311866,0.0172886788159609,-0.1922062075522906,-0.1244157951100825,-0.2267234912964761,-0.0898985113658971,4096,-0.1862912917847852,0.0005902613229424428,0.0012859653033372807,0.0031107533174835125,-0.2298342446139596,-0.0867877580484136,negative
63,0.9,xi_minus20,5,1,Heston_minus_BS,0.1076757525334313,0.0069521090263727,0.0940458406339196,0.1213056644329431,0.0801657794425299,0.1351857256243328,4096,0.1226490597361983,-0.0004176624296499633,0.0005045017631771747,0.0014064858854772257,0.07875929355705266,0.13659221150981002,positive
63,0.9,xi_minus20,5,1,Adjusted_minus_Heston,-0.1283187621921312,0.0107528190286692,-0.1494001312380109,-0.1072373931462516,-0.1708684059056967,-0.0857691184785658,4096,-0.1524134535616959,0.0008435661735131832,0.0008578821813252627,0.002525015248910698,-0.1733934211546074,-0.0832441032296551,negative
63,0.9,xi_minus20,5,5,Heston_minus_BS,0.120645656266961,0.0112655227142153,0.0985591093623855,0.1427322031715365,0.0760672088422517,0.1652241036916703,4096,0.1405652045158373,-0.00033488168746493945,0.0007554119291374301,0.0018154890685743025,0.0742517197736774,0.1670395927602446,positive
63,0.9,xi_minus20,5,5,Adjusted_minus_Heston,-0.1468116416096665,0.0178254426373641,-0.1817591966315182,-0.1118640865878148,-0.2173481428968375,-0.0762751403224955,4096,-0.1783054075979653,0.0005525943165022235,0.001284913658198777,0.0030710250865718268,-0.22041916798340933,-0.07320411523592367,negative
63,0.9,xi_minus20,10,1,Heston_minus_BS,0.106776673010272,0.0074980027115682,0.0920765128152445,0.1214768332052994,0.0771065610991575,0.1364467849213864,4096,0.124744142281465,-0.00038929829401947126,0.0005157498772529109,0.0014001680534351765,0.07570639304572233,0.13784695297482158,positive
63,0.9,xi_minus20,10,1,Adjusted_minus_Heston,-0.1245839077996538,0.0115998322297206,-0.1473258830391733,-0.1018419325601343,-0.1704852409473419,-0.0786825746519656,4096,-0.1537653909736381,0.0008314496315764521,0.0008738300818483669,0.0025441565919992514,-0.17302939753934116,-0.07613841805996635,negative
63,0.9,xi_minus20,10,5,Heston_minus_BS,0.1137813068045897,0.0116502501908316,0.0909404849610411,0.1366221286481382,0.0676804663206096,0.1598821472885697,4096,0.1358113445560127,-0.000312254953938973,0.0007592857223616508,0.0018004549697678085,0.06588001135084179,0.1616826022583375,positive
63,0.9,xi_minus20,10,5,Adjusted_minus_Heston,-0.1349643411820313,0.0184366231119586,-0.1711101420875169,-0.0988185402765457,-0.2079193256008674,-0.0620093567631951,4096,-0.1699937939877325,0.0005163730187168006,0.0012865499136105283,0.0030380108493934356,-0.21095733645026082,-0.05897134591380166,negative
63,0.9,xi_plus20,0,1,Heston_minus_BS,0.1605048404816098,0.0092131304377814,0.1424420978362763,0.1785675831269434,0.124047850312891,0.1969618306503286,4096,0.1784471059591295,-0.0009329423647336669,0.0007602852071803977,0.0024231013708072464,0.12162474894208376,0.19938493202113586,positive
63,0.9,xi_plus20,0,1,Adjusted_minus_Heston,-0.174119384552853,0.0148563788942919,-0.203245961064645,-0.144992808041061,-0.2329070966068232,-0.1153316724988828,4096,-0.202996561631349,0.0013282664293674754,0.0012905953382316613,0.0038578332923015317,-0.23676492989912473,-0.11147383920658127,negative
63,0.9,xi_plus20,0,5,Heston_minus_BS,0.1910947345642107,0.0152003811678373,0.1612937266440694,0.2208957424843521,0.1309457818777156,0.2512436872507059,4096,0.2159709426943656,-0.0005642593372237277,0.0010735137023950702,0.0026683461939180655,0.12827743568379754,0.253912033444624,positive
63,0.9,xi_plus20,0,5,Adjusted_minus_Heston,-0.2169938898550245,0.0254570243159302,-0.2669034924423265,-0.1670842872677226,-0.3177290842038189,-0.1162586955062302,4096,-0.2587497778953653,0.0008925916849009762,0.0019134985977885103,0.004643048936566457,-0.3223721331403854,-0.11161564656966375,negative
63,0.9,xi_plus20,5,1,Heston_minus_BS,0.1620485389819702,0.0098764228351959,0.1426853827634202,0.1814116952005202,0.1229668552224212,0.2011302227415191,4096,0.1844855360863558,-0.0009433982565876526,0.00077738767176352,0.0024670780932441517,0.12049977712917706,0.20359730083476324,positive
63,0.9,xi_plus20,5,1,Adjusted_minus_Heston,-0.1723628860232084,0.0157590713506056,-0.2032592303285196,-0.1414665417178971,-0.2347226141500487,-0.110003157896368,4096,-0.2087377884606575,0.0012895428540254212,0.0012973371410049252,0.003832323650395074,-0.23855493780044376,-0.10617083424597293,negative
63,0.9,xi_plus20,5,5,Heston_minus_BS,0.1834142162358182,0.015720927507663,0.1525926545924077,0.2142357778792286,0.121205425916333,0.2456230065553033,4096,0.2113825427745522,-0.0005410577276947443,0.0010778197895223356,0.0026535845151585222,0.11855184140117447,0.24827659107046182,positive
63,0.9,xi_plus20,5,5,Adjusted_minus_Heston,-0.1995403245970387,0.026269510060959,-0.2510428407998121,-0.1480378083942653,-0.3034905808641217,-0.0955900683299556,4096,-0.246532045072106,0.0008274208232340585,0.0019119037448158524,0.004574752163073129,-0.3080653330271948,-0.09101531616688248,negative
63,0.9,xi_plus20,10,1,Heston_minus_BS,0.161345824810038,0.0107248878035641,0.1403192161449268,0.1823724334751492,0.1189067068733443,0.2037849427467317,4096,0.1883598333520058,-0.0009620274728818783,0.0008069596556154904,0.0025436683978882395,0.11636303847545607,0.20632861114461995,positive
63,0.9,xi_plus20,10,1,Adjusted_minus_Heston,-0.1671110420012975,0.0170429220850992,-0.2005244314704417,-0.1336976525321533,-0.2345510556968294,-0.0996710283057655,4096,-0.2110882086137579,0.0012642879267541025,0.0013250441564883774,0.0038613744734713224,-0.23841243017030073,-0.09580965383229419,negative
63,0.9,xi_plus20,10,5,Heston_minus_BS,0.175408567175044,0.0163004611364723,0.1434508046646001,0.207366329685488,0.1109065224670937,0.2399106118829944,4096,0.2064935416752197,-0.0005193224041804814,0.0010846959877283118,0.0026453265401279727,0.10826119592696573,0.24255593842312237,positive
63,0.9,xi_plus20,10,5,Adjusted_minus_Heston,-0.1816340015541602,0.0271947738358087,-0.2349505376014398,-0.1283174655068806,-0.2892455901524167,-0.0740224129559038,4096,-0.2338942420268668,0.0007642859787706292,0.00191434265678821,0.004516397586075521,-0.2937619877384922,-0.06950601536982827,negative
63,0.9,rho_minus10pp,0,1,Heston_minus_BS,0.1446656484522017,0.0086425473239283,0.1277215588003216,0.1616097381040817,0.1104664948692838,0.1788648020351196,4096,0.1615222369982719,-0.0007502121931076227,0.0006802536082925423,0.0020835092653610056,0.10838298560392279,0.18094831130048059,positive
63,0.9,rho_minus10pp,0,1,Adjusted_minus_Heston,-0.1541707356304156,0.0145919181470965,-0.1827788253533096,-0.1255626459075216,-0.2119119583368588,-0.0964295129239725,4096,-0.1819678302903957,0.001218185185195442,0.00126243398492731,0.0036925557956529694,-0.21560451413251178,-0.09273695712831953,negative
63,0.9,rho_minus10pp,0,5,Heston_minus_BS,0.170656583611282,0.0142536364119566,0.1427117099325667,0.1986014572899972,0.1142539649738398,0.2270592022487241,4096,0.194293539879778,-0.00044638279545725383,0.0009707487671108374,0.002349050378994495,0.1119049145948453,0.2294082526277186,positive
63,0.9,rho_minus10pp,0,5,Adjusted_minus_Heston,-0.1940932355617957,0.0249509534753558,-0.2430106642712463,-0.1451758068523451,-0.2928258728227366,-0.0953605983008549,4096,-0.2346285102486184,0.0008144482791459444,0.0018854967883444606,0.004510021984301087,-0.29733589480703765,-0.09085057631655381,negative
63,0.9,rho_minus10pp,5,1,Heston_minus_BS,0.1451073685578412,0.0092620437359945,0.1269487292654858,0.1632660078501966,0.1084568251073016,0.1817579120083807,4096,0.1659957691028259,-0.0007472008648657165,0.0006940472255392846,0.002107533426922714,0.10634929168037889,0.18386544543530342,positive
63,0.9,rho_minus10pp,5,1,Adjusted_minus_Heston,-0.1520073301773335,0.0154358121126396,-0.1822699106970847,-0.1217447496575823,-0.2130878992886729,-0.0909267610659942,4096,-0.187138748375685,0.001175263891722868,0.0012639616483236579,0.0036526287224372374,-0.21674052801111013,-0.08727413234355696,negative
63,0.9,rho_minus10pp,5,5,Heston_minus_BS,0.1629902563631554,0.0147350574259312,0.1341015358629713,0.1918789768633394,0.1046826216953844,0.2212978910309264,4096,0.1893841417715082,-0.00041804943145907873,0.0009727566453203423,0.0023246524562869496,0.10235796923909746,0.22362254348721336,positive
63,0.9,rho_minus10pp,5,5,Adjusted_minus_Heston,-0.1767141833318142,0.0257308848088129,-0.2271607013179666,-0.1262676653456617,-0.2785330624676685,-0.0748953041959599,4096,-0.2223824587862465,0.0007516563959750344,0.0018832004716576353,0.004442729320423999,-0.2829757917880925,-0.0704525748755359,negative
63,0.9,rho_minus10pp,10,1,Heston_minus_BS,0.1433485452331513,0.0100413554986468,0.1236620313595847,0.163035059106718,0.103614211591943,0.1830828788743597,4096,0.1683326496454393,-0.0007515819559410415,0.0007189119715956837,0.002160649420268582,0.10145356217167442,0.18524352829462828,positive
63,0.9,rho_minus10pp,10,1,Adjusted_minus_Heston,-0.1464138383496681,0.0166576451349034,-0.1790718756130053,-0.1137558010863308,-0.2123292846812211,-0.080498392018115,4096,-0.1889818226350938,0.0011462311841391628,0.001285629789278516,0.003666065571125054,-0.21599535025234615,-0.07683232644698994,negative
63,0.9,rho_minus10pp,10,5,Heston_minus_BS,0.1549777998195482,0.0152673701980133,0.1250454569942624,0.184910142644834,0.0945637669378869,0.2153918327012095,4096,0.1841481184051294,-0.0003907025314369069,0.000977046099023948,0.002305712885523845,0.09225805405236305,0.21769754558673335,positive
63,0.9,rho_minus10pp,10,5,Adjusted_minus_Heston,-0.1588969470577431,0.0266222365681916,-0.2110909989081832,-0.1067028952073029,-0.2642429663494862,-0.053550927766,4096,-0.209730229309253,0.0006907745281626508,0.0018847835255880756,0.004384950238315279,-0.26862791658780144,-0.049165977527684715,negative
63,0.9,rho_plus10pp,0,1,Heston_minus_BS,0.1199150511712337,0.0070532713515204,0.1060868061365421,0.1337432962059253,0.0920047718089449,0.1478253305335225,4096,0.1328593476564837,-0.0005782223656364662,0.0005675586196913045,0.0016906372602314228,0.09031413454871347,0.14951596779375392,positive
63,0.9,rho_plus10pp,0,1,Adjusted_minus_Heston,-0.1431846995875439,0.0104414048836907,-0.1636555276674783,-0.1227138715076095,-0.1845020561324265,-0.1018673430426614,4096,-0.1631660399435954,0.0009335673321483058,0.0008811491339548428,0.0026606196346997974,-0.1871626757671263,-0.0992067234079616,negative
63,0.9,rho_plus10pp,0,5,Heston_minus_BS,0.1436809795748959,0.011756137801542,0.120632560468451,0.1667293986813407,0.0971611345398865,0.1902008246099052,4096,0.1625638768447754,-0.0004381634461413933,0.0008452339402118509,0.0020948219689566213,0.09506631257092989,0.19229564657886183,positive
63,0.9,rho_plus10pp,0,5,Adjusted_minus_Heston,-0.1741023078505024,0.0178058084676643,-0.2090113692293154,-0.1391932464716895,-0.2445611153791242,-0.1036435003218806,4096,-0.2031728754853394,0.0006391778485468031,0.0013173829746207896,0.0032212484788035505,-0.24778236385792776,-0.10042225184307706,negative
63,0.9,rho_plus10pp,5,1,Heston_minus_BS,0.1209613225970358,0.0074917941580675,0.1062733345409834,0.1356493106530882,0.0913157783587081,0.1506068668353634,4096,0.1372706133242788,-0.0005553419759265984,0.0005733050107613339,0.0016790197970188128,0.08963675856168929,0.1522858866323822,positive
63,0.9,rho_plus10pp,5,1,Adjusted_minus_Heston,-0.1422032576906965,0.0110809150207142,-0.1639278731887236,-0.1204786421926694,-0.1860511997879828,-0.0983553155934102,4096,-0.1673555308432025,0.0009120377251131452,0.0008860627052853472,0.002648720627472426,-0.18869992041545522,-0.09570659496593777,negative
63,0.9,rho_plus10pp,5,5,Heston_minus_BS,0.1368158518435704,0.0121273085045255,0.1130397364420654,0.1605919672450753,0.0888272588340294,0.1848044448531113,4096,0.1580942134544927,-0.00042018293765085416,0.0008492553166853803,0.0020847233583541997,0.08674253547567519,0.18688916821146548,positive
63,0.9,rho_plus10pp,5,5,Adjusted_minus_Heston,-0.1624176423760481,0.0183686704870522,-0.1984302192070405,-0.1264050655450557,-0.2351037335891623,-0.0897315511629339,4096,-0.1951029832927424,0.0005989402353060935,0.0013166660172639118,0.003179605629143361,-0.23828333921830566,-0.08655194553379053,negative
63,0.9,rho_plus10pp,10,1,Heston_minus_BS,0.1208924946056991,0.0080934342013927,0.1050249650961635,0.1367600241152346,0.0888662193777539,0.1529187698336442,4096,0.1406204034421782,-0.0005384551218110878,0.000587697790047874,0.001690342790304921,0.08717587658744898,0.1546091126239491,positive
63,0.9,rho_plus10pp,10,1,Adjusted_minus_Heston,-0.1386139840986716,0.0119751796002824,-0.1620918441715653,-0.1151361240257779,-0.1860005925814742,-0.091227375615869,4096,-0.1690112906053185,0.0009015333743990408,0.0009055527676737492,0.0026764167990395893,-0.1886770093805138,-0.08855095881682941,negative
63,0.9,rho_plus10pp,10,5,Heston_minus_BS,0.1299081655552299,0.0125510718332428,0.1053012437301275,0.1545150873803323,0.080242711937534,0.1795736191729258,4096,0.1535979052195556,-0.00040300700415244443,0.0008550924231479657,0.0020789881535224573,0.07816372378401154,0.18165260732644825,positive
63,0.9,rho_plus10pp,10,5,Adjusted_minus_Heston,-0.1503713264535441,0.0190074923759577,-0.187636341362281,-0.1131063115448071,-0.2255852797739699,-0.0751573731331182,4096,-0.1866942546167877,0.000560366712073942,0.0013187612944114903,0.0031451388491204628,-0.22873041862309035,-0.07201223428399774,negative
63,1.0,reference,0,1,Heston_minus_BS,0.3854287048764937,0.0112517662994397,0.3633691280209687,0.4074882817320187,0.3409046925302434,0.429952717222744,4096,0.4042241782918904,0.0015903067618764865,0.0009853079260761363,0.0035215102969857136,0.3373831822332577,0.4334742275197297,positive
63,1.0,reference,0,1,Adjusted_minus_Heston,-0.5238898223436461,0.0204864542897337,-0.5640544063631422,-0.4837252383241501,-0.6049561295751086,-0.4428235151121836,4096,-0.55994946580352,-0.0034991478403466254,0.0017826421699383896,0.006993126493425868,-0.6119492560685345,-0.4358303886187577,negative
63,1.0,reference,0,5,Heston_minus_BS,0.4309673056815006,0.015405324158078,0.4007644981217382,0.4611701132412631,0.3700073795011631,0.4919272318618382,4096,0.4554481262374952,0.0002461357837903684,0.0012506468249747753,0.0026974035607409278,0.36730997594042214,0.4946246354225791,positive
63,1.0,reference,0,5,Adjusted_minus_Heston,-0.5888283726739558,0.028252336218311,-0.6442183057360209,-0.5334384396118907,-0.7006248082839928,-0.4770319370639189,4096,-0.632875892218714,-0.0011639499858749386,0.0022847470967527115,0.005642054295510252,-0.706266862579503,-0.47138988276840865,negative
63,1.0,reference,5,1,Heston_minus_BS,0.3584475045206046,0.0113907428152491,0.3361154581656229,0.3807795508755862,0.3133735525523372,0.403521456488872,4096,0.3804842323194308,0.0018158061108780547,0.000998369316518646,0.0037726099712546007,0.30960094258108256,0.4072940664601266,positive
63,1.0,reference,5,1,Adjusted_minus_Heston,-0.4623659769536811,0.0207257975169285,-0.5029998037724537,-0.4217321501349086,-0.5443793817802247,-0.3803525721271376,4096,-0.5049470769424985,-0.0038662949678280557,0.0018073835301728168,0.007408766686966777,-0.5517881484671915,-0.3729438054401708,negative
63,1.0,reference,5,5,Heston_minus_BS,0.4048369066007748,0.0157204195993342,0.3740163407337177,0.435657472467832,0.3426301261094447,0.467043687092105,4096,0.4311765535887188,0.0003561643793177971,0.0012705429789576263,0.002846428618074745,0.33978369749136994,0.46989011571017975,positive
63,1.0,reference,5,5,Adjusted_minus_Heston,-0.5341325156161939,0.0288396645790776,-0.5906739314560701,-0.4775910997763178,-0.6482530499046202,-0.4200119813277676,4096,-0.581878293975271,-0.0013348863468412475,0.0023162850774528392,0.005874805098648812,-0.654127855003269,-0.41413717622911883,negative
63,1.0,reference,10,1,Heston_minus_BS,0.3335677917268583,0.0117973304668161,0.3104386126098234,0.3566969708438933,0.2868849444850458,0.3802506389686709,4096,0.358912161426229,0.002043322495142179,0.0010192508428281187,0.004041054147085292,0.28284389033796054,0.38429169311575617,positive
63,1.0,reference,10,1,Adjusted_minus_Heston,-0.4034283593438734,0.0214723870303575,-0.445525907352077,-0.3613308113356699,-0.4883960701725909,-0.3184606485151559,4096,-0.4526802195640061,-0.004232100277799229,0.0018472999136145078,0.007852808108483664,-0.49624887828107456,-0.3106078404066722,negative
63,1.0,reference,10,5,Heston_minus_BS,0.3797738806295156,0.0161296262131873,0.3481510474110177,0.4113967138480136,0.3159478414509275,0.4435999198081038,4096,0.4079792917176566,0.00046649147462893845,0.0012929486509825774,0.0030006708305547903,0.31294717062037275,0.4466005906386586,positive
63,1.0,reference,10,5,Adjusted_minus_Heston,-0.481052025900233,0.0295998552799722,-0.5390838286487027,-0.4230202231517632,-0.5981806870241609,-0.3639233647763051,4096,-0.5325185647630177,-0.001507833155250633,0.0023534498978817473,0.006120594955098858,-0.6043012819792598,-0.35780276982120623,negative
63,1.0,kappa_minus20,0,1,Heston_minus_BS,0.4145348233285583,0.0122790385373674,0.3904612346031597,0.4386084120539568,0.3659458241538192,0.4631238225032973,4096,0.4334044835416202,0.0016653418739056944,0.0011025368316981113,0.0038263140640339924,0.3621195100897852,0.4669501365673313,positive
63,1.0,kappa_minus20,0,1,Adjusted_minus_Heston,-0.5548958146150066,0.0218968492512913,-0.5978255392553735,-0.5119660899746397,-0.6415431516164004,-0.4682484776136127,4096,-0.5918844515888078,-0.0036925544731184036,0.0019148324322868133,0.007445626040400558,-0.648988777656801,-0.46080285157321216,negative
63,1.0,kappa_minus20,0,5,Heston_minus_BS,0.4643242318241251,0.0164587617603087,0.4320561140605712,0.4965923495876789,0.3991957806709519,0.5294526829772982,4096,0.4898126943112184,0.0001615083529643345,0.001394043185103505,0.0028938329957672046,0.3963019476751847,0.5323465159730654,positive
63,1.0,kappa_minus20,0,5,Adjusted_minus_Heston,-0.6244589672192513,0.0299831715368091,-0.6832422781489822,-0.5656756562895204,-0.7431044371088195,-0.5058134973296832,4096,-0.6703851080657842,-0.0011810127378185937,0.002450842245713482,0.005984663539417018,-0.7490891006482365,-0.49982883379026616,negative
63,1.0,kappa_minus20,5,1,Heston_minus_BS,0.3859334409357249,0.0123168122724933,0.361785795160886,0.4100810867105638,0.3371949684956914,0.4346719133757584,4096,0.407922864515737,0.0019203771288071273,0.0011050763592622482,0.004086326792961134,0.3331086417027303,0.4387582401687195,positive
63,1.0,kappa_minus20,5,1,Adjusted_minus_Heston,-0.4896154827335023,0.0220685997735148,-0.5328819317373279,-0.4463490337296767,-0.5769424483521677,-0.4022885171148369,4096,-0.5334573115991138,-0.0040751112032001964,0.0019378363194279356,0.007873270389278951,-0.5848157187414467,-0.39441524672555794,negative
63,1.0,kappa_minus20,5,5,Heston_minus_BS,0.4366932905224121,0.0167298480057366,0.4038936963927174,0.4694928846521068,0.3704921324699735,0.5028944485748507,4096,0.4640163361167185,0.00030080145288225,0.001413765407112769,0.003071781650823277,0.3674203508191502,0.5059662302256739,positive
63,1.0,kappa_minus20,5,5,Adjusted_minus_Heston,-0.5665904926705999,0.0305611025643119,-0.6265068624978503,-0.5066741228433496,-0.6875228753451497,-0.4456581099960501,4096,-0.6164101004287099,-0.0013727899157851425,0.0024845441516413184,0.006242496453002126,-0.6937653717981518,-0.439415613543048,negative
63,1.0,kappa_minus20,10,1,Heston_minus_BS,0.3605834564818742,0.0126391497765846,0.3358038540207971,0.3853630589429512,0.3105694723906134,0.4105974405731349,4096,0.385764480983788,0.002176518220777649,0.0011159051563265012,0.004363692327177591,0.3062057800634358,0.4149611329003125,positive
63,1.0,kappa_minus20,10,1,Adjusted_minus_Heston,-0.4272402108223874,0.0227806097520239,-0.4719025863345341,-0.3825778353102407,-0.5173846488476179,-0.3370957727971568,4096,-0.4780933855002587,-0.0044563502479244765,0.0019772335234221946,0.008331727953831978,-0.5257163768014499,-0.32876404484332483,negative
63,1.0,kappa_minus20,10,5,Heston_minus_BS,0.4104466681642071,0.01710459657324,0.3769123631805597,0.4439809731478546,0.3427626042814999,0.4781307320469143,4096,0.4396140550891335,0.0004393121610427634,0.0014354150249064836,0.003252725609859471,0.33950987867164045,0.48138345765677376,positive
63,1.0,kappa_minus20,10,5,Adjusted_minus_Heston,-0.5104987588313887,0.0313249146192446,-0.571912615389216,-0.4490849022735615,-0.6344535982881888,-0.3865439193745886,4096,-0.5642369889463581,-0.001563951545014912,0.0025237288544886776,0.00651046009981272,-0.6409640583880015,-0.3800334592747759,negative
63,1.0,kappa_plus20,0,1,Heston_minus_BS,0.3614418985188058,0.0104346870620092,0.3409842410202486,0.381899556017363,0.3201511248558927,0.4027326721817189,4096,0.3801972851006795,0.00151491728586785,0.0008972314461654371,0.0032734909203521066,0.3168776339355406,0.406006163102071,positive
63,1.0,kappa_plus20,0,1,Adjusted_minus_Heston,-0.4965060582851159,0.019264540130866,-0.5342750264891877,-0.4587370900810441,-0.5727371672332483,-0.4202749493369835,4096,-0.5316028868379439,-0.0033230396833010046,0.0016685794606541068,0.006593455426183054,-0.5793306226594314,-0.41368149391080045,negative
63,1.0,kappa_plus20,0,5,Heston_minus_BS,0.4034244155541772,0.0145630840535218,0.374872856324927,0.4319759747834275,0.3457972913371756,0.4610515397711788,4096,0.4270796424491428,0.0003190760716148699,0.0011556390440070087,0.0025841285978686073,0.343213162739307,0.4636356683690474,positive
63,1.0,kappa_plus20,0,5,Adjusted_minus_Heston,-0.5573531006777119,0.0267289183014899,-0.6097563067028964,-0.5049498946525275,-0.6631212669181283,-0.4515849344372955,4096,-0.5996296039291741,-0.0011516541548380356,0.0021423598547901613,0.005350679470226752,-0.668471946388355,-0.44623425496706876,negative
63,1.0,kappa_plus20,5,1,Heston_minus_BS,0.3358920192303703,0.0106542191720011,0.3150039594888459,0.3567800789718947,0.2937325419243533,0.3780514965363873,4096,0.3579849201290151,0.0017067671740888554,0.0009171403295938371,0.003504362220092776,0.2902281797042605,0.38155585875648007,positive
63,1.0,kappa_plus20,5,1,Adjusted_minus_Heston,-0.4383342369508327,0.019555806758142,-0.4766742460367405,-0.3999942278649248,-0.5157179079557805,-0.3609505659458847,4096,-0.479640528050736,-0.0036654663088827857,0.0016936658244647762,0.0069850513248337475,-0.5227029592806143,-0.35396551462105097,negative
63,1.0,kappa_plus20,5,5,Heston_minus_BS,0.3786293937894237,0.0149106499383869,0.3493964165369497,0.4078623710418977,0.3196269274850522,0.4376318600937952,4096,0.4041608413163301,0.00040538706064336056,0.0011769179293740373,0.002712146202216474,0.31691478128283573,0.44034400629601167,positive
63,1.0,kappa_plus20,5,5,Adjusted_minus_Heston,-0.505501677375818,0.0273195935536758,-0.5590629279049041,-0.4519404268467318,-0.6136071861739322,-0.3973961685777038,4096,-0.5512958825364205,-0.0013084581572283174,0.002173330801976999,0.005568186529103235,-0.6191753727030354,-0.3918279820486006,negative
63,1.0,kappa_plus20,10,1,Heston_minus_BS,0.3114675261410825,0.0111256051812789,0.2896552936409398,0.3332797586412253,0.2674427420078184,0.3554923102743466,4096,0.3369617317246462,0.0019023400873065012,0.0009447389931255209,0.003754028513832522,0.2636887134939859,0.3592463387881791,positive
63,1.0,kappa_plus20,10,1,Adjusted_minus_Heston,-0.3824782420109358,0.0203245777957233,-0.422325460128431,-0.3426310238934407,-0.462903992833202,-0.3020524911886696,4096,-0.4301373242138233,-0.004008247019633522,0.0017330786070930916,0.007405081089535981,-0.47030907392273796,-0.29464741009913364,negative
63,1.0,kappa_plus20,10,5,Heston_minus_BS,0.3546330350565852,0.0153442080850139,0.3245500482142981,0.3847160218988723,0.2939149493765959,0.4153511207365745,4096,0.3820451512445593,0.0004922949946336873,0.0012009618764412056,0.00284618027245845,0.2910687691041374,0.41819730100903296,positive
63,1.0,kappa_plus20,10,5,Adjusted_minus_Heston,-0.4551274548062926,0.0280716603605278,-0.5101631649966201,-0.4000917446159651,-0.5662089436329955,-0.3440459659795897,4096,-0.5044596053837616,-0.0014683066090904085,0.0022098546158254317,0.005799621656108254,-0.5720085652891037,-0.33824634432348144,negative
63,1.0,theta_minus20,0,1,Heston_minus_BS,0.4044094626632322,0.0121339230252669,0.3806203792063326,0.4281985461201317,0.3563946955406392,0.4524242297858251,4096,0.4207721132697211,0.0017460978927320192,0.0011213328163301708,0.0039439102127391545,0.35245078532790003,0.45636813999856424,positive
63,1.0,theta_minus20,0,1,Adjusted_minus_Heston,-0.5461407047458735,0.0212706829022092,-0.587842803044356,-0.504438606447391,-0.630310258480588,-0.461971151011159,4096,-0.581104753437146,-0.0036092185184275994,0.0018713345001463975,0.007277034138714538,-0.6375872926193025,-0.45469411687244443,negative
63,1.0,theta_minus20,0,5,Heston_minus_BS,0.4536467549726503,0.0160881336035263,0.4221052698187491,0.4851882401265514,0.3899849049014132,0.5173086050438873,4096,0.4761416656999298,0.00011942691084472804,0.001404968159456731,0.0028731645033799207,0.38711174039803325,0.5201817695472672,positive
63,1.0,theta_minus20,0,5,Adjusted_minus_Heston,-0.6145241430688262,0.0290447738850414,-0.671467684617527,-0.5575806015201253,-0.7294563089738386,-0.4995919771638137,4096,-0.6585069852709017,-0.0011264090293953751,0.002396803926314642,0.0058241447249720735,-0.7352804536988107,-0.49376783243884165,negative
63,1.0,theta_minus20,5,1,Heston_minus_BS,0.3780971422945111,0.012097069038492,0.3543803126804357,0.4018139719085864,0.3302282089297929,0.4259660756592292,4096,0.3972098634516494,0.0020341256961665683,0.001122634097555976,0.004234488527376281,0.3259937204024166,0.4302005641866055,positive
63,1.0,theta_minus20,5,1,Adjusted_minus_Heston,-0.482794307369833,0.0213989830154305,-0.524747943616479,-0.4408406711231869,-0.5674715534679565,-0.3981170612717094,4096,-0.5244669240276509,-0.003981572824870502,0.0018952617188067095,0.007696285793731652,-0.5751678392616881,-0.39042077547797777,negative
63,1.0,theta_minus20,5,5,Heston_minus_BS,0.4270154579079096,0.0163222070439949,0.3950150616006447,0.4590158542151745,0.3624273631497495,0.4916035526660697,4096,0.4511434857524652,0.000276393337990779,0.0014243127246407934,0.0030680462782867344,0.3593593168714628,0.4946715989443564,positive
63,1.0,theta_minus20,5,5,Adjusted_minus_Heston,-0.5583132496460932,0.029584079729931,-0.6163141237430685,-0.5003123755491179,-0.6753794858345833,-0.4412470134576031,4096,-0.6060903926266816,-0.0013125924415231837,0.002430407438168468,0.006076191020333381,-0.6814556768549167,-0.43517082243726973,negative
63,1.0,theta_minus20,10,1,Heston_minus_BS,0.3558758797732233,0.0123613711473871,0.3316408743875325,0.3801108851589141,0.3069610848036323,0.4047906747428143,4096,0.3777924026841703,0.00232508110607043,0.0011328714855992422,0.004545509217844945,0.30241557558578736,0.4093361839606593,positive
63,1.0,theta_minus20,10,1,Adjusted_minus_Heston,-0.4222361686771044,0.0220632275187166,-0.4654920851419086,-0.3789802522123002,-0.5095418759144102,-0.3349304614397985,4096,-0.4707768066300567,-0.00435273315745411,0.0019356190016506854,0.008146546400689453,-0.5176884223150997,-0.32678391503910903,negative
63,1.0,theta_minus20,10,5,Heston_minus_BS,0.4019641839797057,0.0166673251599721,0.369287168606507,0.4346411993529043,0.3360104331238495,0.4679179348355619,4096,0.4277302536732452,0.0004331739611742173,0.0014458634894197239,0.003267066400436876,0.3327433667234126,0.47118500123599877,positive
63,1.0,theta_minus20,10,5,Adjusted_minus_Heston,-0.5038201164850982,0.03030721045776,-0.5632387198027675,-0.4444015131674288,-0.6237478306493097,-0.3838924023208866,4096,-0.5554162788611179,-0.0014983876613893711,0.002469432135294825,0.006338474646567229,-0.630086305295877,-0.3775539276743194,negative
63,1.0,theta_plus20,0,1,Heston_minus_BS,0.3736248195248609,0.0107840037078383,0.3524823115601182,0.3947673274896036,0.33095177589315,0.4162978631565718,4096,0.3948224362175136,0.0014366683000231247,0.0008932597342663024,0.0031874573791850773,0.3277643185139649,0.4194853205357569,positive
63,1.0,theta_plus20,0,1,Adjusted_minus_Heston,-0.5053182978330382,0.0198785502003388,-0.5442910594644828,-0.4663455362015935,-0.5839790868141881,-0.4266575088518883,4096,-0.5423113197229549,-0.0033965383880576907,0.0017089986447086302,0.0067461757316866055,-0.5907252625458747,-0.4199113331202017,negative
63,1.0,theta_plus20,0,5,Heston_minus_BS,0.4160877789906253,0.0151624165701354,0.3863612023142999,0.4458143556669507,0.3560890548257521,0.4760865031554985,4096,0.4426897496075385,0.0003578134377794172,0.001169535865699936,0.0026501037345512918,0.3534389510912008,0.47873660689004977,positive
63,1.0,theta_plus20,0,5,Adjusted_minus_Heston,-0.5673479544304569,0.0276207500843747,-0.6214996354268757,-0.5131962734340382,-0.6766451603127578,-0.4580507485481561,4096,-0.6114497237916977,-0.001204329218282482,0.0021921224942140724,0.005500889306942064,-0.6821460496196998,-0.45254985924121405,negative
63,1.0,theta_plus20,5,1,Heston_minus_BS,0.3460703486818419,0.0110770108702609,0.3243533874404611,0.3677873099232227,0.3022378555761501,0.3899028417875337,4096,0.370952867277441,0.0015970691748972729,0.0009143980748716054,0.0033892894016456197,0.2988485661745045,0.39329213118917933,positive
63,1.0,theta_plus20,5,1,Adjusted_minus_Heston,-0.4454529922589434,0.0202145070369739,-0.4850844118700032,-0.4058215726478836,-0.5254431855259692,-0.3654627989919176,4096,-0.4887873554423945,-0.003746832582827218,0.0017334554555164274,0.007144405275639415,-0.5325875908016087,-0.35831839371627816,negative
63,1.0,theta_plus20,5,5,Heston_minus_BS,0.3904096590344319,0.0155462911416126,0.3599304795767277,0.4208888384921361,0.3288919168145256,0.4519274012543382,4096,0.4190779421275017,0.0004286685509318058,0.00119156970245151,0.0027641451677367654,0.32612777164678886,0.454691546422075,positive
63,1.0,theta_plus20,5,5,Adjusted_minus_Heston,-0.5140191287575621,0.0282481314790086,-0.569400818245478,-0.4586374392696461,-0.6257989259252754,-0.4022393315898487,4096,-0.5617295061537415,-0.0013648551527856935,0.002223192927410856,0.005722313290510972,-0.6315212392157864,-0.3965170182993377,negative
63,1.0,theta_plus20,10,1,Heston_minus_BS,0.3188714692287433,0.0116065569720736,0.2961163098395693,0.3416266286179173,0.272943525813513,0.3647994126439736,4096,0.3475195944197009,0.0017597198293903857,0.0009429562487477804,0.003607914076936035,0.26933561173657694,0.36840732672090964,positive
63,1.0,theta_plus20,10,1,Adjusted_minus_Heston,-0.3880038403943093,0.0210298395491726,-0.4292337548316038,-0.3467739259570148,-0.4712203604329144,-0.3047873203557043,4096,-0.4378215905949053,-0.004097353389151581,0.0017722047790961187,0.007570874756179974,-0.47879123518909433,-0.29721644559952437,negative
63,1.0,theta_plus20,10,5,Heston_minus_BS,0.3653508490266177,0.0160102175751117,0.3339621216328181,0.3967395764204173,0.3019973180333616,0.4287043800198739,4096,0.3960945104998739,0.0004994490179869018,0.0012162206765034933,0.0028832415439337487,0.29911407648942784,0.43158762156380764,positive
63,1.0,theta_plus20,10,5,Adjusted_minus_Heston,-0.4622188631020683,0.0290383387127344,-0.5191497882157752,-0.4052879379883615,-0.5771255645881068,-0.3473121616160299,4096,-0.513558465117707,-0.0015283800822875537,0.0022598633074113112,0.005957712164813724,-0.5830832767529206,-0.3413544494512162,negative
63,1.0,xi_minus20,0,1,Heston_minus_BS,0.3125919831901191,0.0093442685729187,0.2942721385313092,0.3309118278489291,0.2756160704102714,0.3495678959699669,4096,0.3306241117542436,0.0013661684128081935,0.0007555745869447137,0.0028470946032198323,0.27276897580705156,0.35241499057318676,positive
63,1.0,xi_minus20,0,1,Adjusted_minus_Heston,-0.4337720081961899,0.0165061354666274,-0.4661330041699426,-0.4014110122224373,-0.4990879203602733,-0.3684560960321065,4096,-0.4642559305654323,-0.0027766856587588674,0.0014314243843989729,0.005582277452180854,-0.5046701978124541,-0.3628738185799256,negative
63,1.0,xi_minus20,0,5,Heston_minus_BS,0.346375550351196,0.0128518694345,0.3211789017555311,0.3715721989468609,0.2955198199577757,0.3972312807446163,4096,0.3680925220444144,0.0004364953756177059,0.000953503166734863,0.0023053615824180375,0.29321445837535765,0.39953664232703434,positive
63,1.0,xi_minus20,0,5,Adjusted_minus_Heston,-0.4858048766074712,0.022737262435464,-0.5303822678215365,-0.4412274853934059,-0.5757777863227169,-0.3958319668922256,4096,-0.522128223554005,-0.0009840126140340218,0.001822644547032203,0.004556395926217139,-0.5803341822489341,-0.39127557096600846,negative
63,1.0,xi_minus20,5,1,Heston_minus_BS,0.2871960071408136,0.0094868471907831,0.2685966309049135,0.3057953833767137,0.2496559009736201,0.3247361133080071,4096,0.3080343904489646,0.0015331975164056546,0.0007648270809988919,0.0030322585951634826,0.2466236423784566,0.3277683719031706,positive
63,1.0,xi_minus20,5,1,Adjusted_minus_Heston,-0.3839280455316851,0.0167197431251475,-0.4167078286038054,-0.3511482624595649,-0.4500892178773346,-0.3177668731860357,4096,-0.419643635804569,-0.0030666108216013976,0.0014501264857575903,0.005908858733686274,-0.4559980766110209,-0.3118580144523494,negative
63,1.0,xi_minus20,5,5,Heston_minus_BS,0.3230789537198715,0.0131291698941051,0.2973386455210885,0.3488192619186545,0.2711259263547133,0.3750319810850297,4096,0.34648616127354,0.0005187884986814778,0.0009664890096538319,0.002413106957602988,0.2687128193971103,0.3774450880426327,positive
63,1.0,xi_minus20,5,5,Adjusted_minus_Heston,-0.4418145188473167,0.0232143808726446,-0.4873273214940474,-0.396301716200586,-0.5336754190008914,-0.349953618693742,4096,-0.4810914446088651,-0.0011183187465871143,0.001846432209445273,0.00473732587709985,-0.5384127448779913,-0.3452162928166421,negative
63,1.0,xi_minus20,10,1,Heston_minus_BS,0.2630421679691367,0.0098349214128155,0.2437603770929027,0.2823239588453707,0.2241247081894746,0.3019596277487987,4096,0.286728834419601,0.0016999671224329404,0.0007798425064704256,0.0032284584351149745,0.22089624975435965,0.3051880861839137,positive
63,1.0,xi_minus20,10,1,Adjusted_minus_Heston,-0.3360885833787823,0.0173303096891635,-0.3700654087361654,-0.3021117580213992,-0.4046658095697564,-0.2675113571878082,4096,-0.3771520467789625,-0.003355228059956524,0.0014807378343872318,0.006257474215355498,-0.4109232837851119,-0.2612538829724527,negative
63,1.0,xi_minus20,10,5,Heston_minus_BS,0.3005398364458574,0.0134796189086749,0.2741124577227578,0.3269672151689571,0.2472000582509906,0.3538796146407243,4096,0.3256435938732617,0.0006015933576015644,0.0009816352778208757,0.002525598502130481,0.2446744597488601,0.3564052131428548,positive
63,1.0,xi_minus20,10,5,Adjusted_minus_Heston,-0.3990995475636927,0.023827422139686,-0.4458142442585232,-0.3523848508688622,-0.4933862941324981,-0.3048128009948873,4096,-0.4413470666145266,-0.0012546453906697825,0.0018748221530188681,0.004929296810586764,-0.49831559094308486,-0.29988350418430054,negative
63,1.0,xi_plus20,0,1,Heston_minus_BS,0.4632453902344546,0.0132861438944144,0.4371973276856444,0.4892934527832647,0.4106712059645215,0.5158195745043876,4096,0.4820975517943752,0.0018604080753070423,0.0012305108032801897,0.004272209249736214,0.4063989967147853,0.5200917837541239,positive
63,1.0,xi_plus20,0,1,Adjusted_minus_Heston,-0.6028262437679721,0.0244321549337552,-0.6507265453885369,-0.5549259421474073,-0.6995059595535895,-0.5061465279823547,4096,-0.6432089040437574,-0.004262675852346839,0.0021317346355662803,0.008440875738056748,-0.7079468352916463,-0.49770565224429797,negative
63,1.0,xi_plus20,0,5,Heston_minus_BS,0.5210396302195728,0.0181121928275338,0.4855298889871258,0.5565493714520198,0.4493684387275365,0.592710821711609,4096,0.5476914883513082,4.2942633924828615e-05,0.0015700086930502972,0.0031201596723034112,0.4462482790552331,0.5958309813839124,positive
63,1.0,xi_plus20,0,5,Adjusted_minus_Heston,-0.6802322834355766,0.0336961943948587,-0.7462951370543113,-0.614169429816842,-0.8135704398931142,-0.5468941269780391,4096,-0.7311607572440671,-0.0013344493769614754,0.002749185559414694,0.006722853073414276,-0.8202932929665284,-0.5401712739046248,negative
63,1.0,xi_plus20,5,1,Heston_minus_BS,0.4356876872304055,0.0134202118469899,0.4093767786336954,0.4619985958271156,0.3825829868604354,0.4887923876003756,4096,0.4581219242846001,0.002151879832050067,0.0012461216068657367,0.0045942781815069104,0.3779887086789285,0.4933866657818825,positive
63,1.0,xi_plus20,5,1,Adjusted_minus_Heston,-0.5300432731767039,0.02468213598652,-0.5784336735159172,-0.4816528728374904,-0.6277121811640985,-0.4323743651893092,4096,-0.5782077331773443,-0.0047063916206405865,0.0021631192200371333,0.008946105291913368,-0.636658286456012,-0.42342825989739585,negative
63,1.0,xi_plus20,5,5,Heston_minus_BS,0.4925553204511847,0.018465306562951,0.4563532843933854,0.528757356508984,0.419486833645956,0.5656238072564134,4096,0.5211823404521918,0.00018586453387333442,0.0015969468541174594,0.0033158803679435547,0.41617095327801246,0.5689396876243569,positive
63,1.0,xi_plus20,5,5,Adjusted_minus_Heston,-0.6150139884963435,0.0343863352206576,-0.6824298931990315,-0.5475980837936555,-0.751083079620561,-0.4789448973721259,4096,-0.6703723375903307,-0.0015406084227000071,0.0027891406958142767,0.007007324186495989,-0.758090403807057,-0.47193757318562995,negative
63,1.0,xi_plus20,10,1,Heston_minus_BS,0.4112942446228324,0.0138892611497661,0.3840637444821583,0.4385247447635064,0.3563334839337949,0.4662550053118698,4096,0.4373994985179695,0.0024468788308953074,0.0012724758657215879,0.00494093152770962,0.35139255240608525,0.47119593683957944,positive
63,1.0,xi_plus20,10,1,Adjusted_minus_Heston,-0.4604825695937518,0.0255544397284325,-0.5105831593311436,-0.4103819798563601,-0.5616032434231484,-0.3593618957643552,4096,-0.5166125390707406,-0.005149315337007736,0.002213338270228773,0.009487458346656132,-0.5710907017698045,-0.349874437417699,negative
63,1.0,xi_plus20,10,5,Heston_minus_BS,0.4654963902814478,0.0189349523582576,0.4283735932301538,0.5026191873327417,0.3905694827952244,0.5404232977676712,4096,0.4961052130988156,0.0003283685328288108,0.0016268916975868276,0.0035170762600989927,0.3870524065351254,0.5439403740277702,positive
63,1.0,xi_plus20,10,5,Adjusted_minus_Heston,-0.5517644330717795,0.035287579463121,-0.6209472662817908,-0.4825815998617682,-0.6913998095871559,-0.4121290565564031,4096,-0.611580830516969,-0.001747493993326437,0.002835822921716811,0.0073057069198913865,-0.6987055165070473,-0.4048233496365117,negative
63,1.0,rho_minus10pp,0,1,Heston_minus_BS,0.4615248623754223,0.0129977231351462,0.4360422612605314,0.4870074634903132,0.4100919788670605,0.5129577458837842,4096,0.4829209502873399,0.0016943692747773205,0.0011741474750899508,0.003995698325953624,0.40609628054110686,0.5169534442097378,positive
63,1.0,rho_minus10pp,0,1,Adjusted_minus_Heston,-0.599433204677832,0.0239742484077914,-0.6464357606526623,-0.5524306487030017,-0.6943009528778397,-0.5045654564778244,4096,-0.6413598998174711,-0.00416637618726267,0.00209355618910863,0.008269746317915584,-0.7025706991957552,-0.49629571015990875,negative
63,1.0,rho_minus10pp,0,5,Heston_minus_BS,0.5183370891128154,0.0179802701802145,0.4830859879640741,0.5535881902615567,0.4471879246005154,0.5894862536251153,4096,0.5469192488838084,8.047463971002462e-05,0.0015239673637868509,0.0030674506727322525,0.44412047392778314,0.5925537042978476,positive
63,1.0,rho_minus10pp,0,5,Adjusted_minus_Heston,-0.6762919821117468,0.033176557230699,-0.7413360644856202,-0.6112478997378734,-0.8075738986068732,-0.5450100656166204,4096,-0.7275483243789651,-0.0013534427854012244,0.002696519881430623,0.006638621753005246,-0.8142125203598785,-0.5383714438636151,negative
63,1.0,rho_minus10pp,5,1,Heston_minus_BS,0.4321158910291296,0.0132226767725291,0.4061922585311905,0.4580395235270687,0.3797928505212691,0.4844389315369901,4096,0.4574721311061456,0.0019397348401023543,0.001195294610087503,0.004282512275873861,0.37551033824539526,0.4887214438128639,positive
63,1.0,rho_minus10pp,5,1,Adjusted_minus_Heston,-0.5277677704397272,0.0242806121889984,-0.5753709659228292,-0.4801645749566252,-0.6238478211719678,-0.4316877197074867,4096,-0.57736431145894,-0.004604583602776439,0.0021232098073221337,0.00876607482512782,-0.6326138959970956,-0.4229216448823589,negative
63,1.0,rho_minus10pp,5,5,Heston_minus_BS,0.4894639797284913,0.0183796007249794,0.4534299736909916,0.5254979857659912,0.4167346368128921,0.5621933226440907,4096,0.5202529709941084,0.0001874916068877121,0.0015515496171220758,0.0032285288564469806,0.4135061079564451,0.5654218515005377,positive
63,1.0,rho_minus10pp,5,5,Adjusted_minus_Heston,-0.6121937715230458,0.0338874653532632,-0.6786316201687712,-0.5457559228773203,-0.7462888003050558,-0.4780987427410357,4096,-0.6678193196511999,-0.0015534988322853595,0.00273481845532858,0.006913743004729377,-0.7532025433097852,-0.47118499973630634,negative
63,1.0,rho_minus10pp,10,1,Heston_minus_BS,0.4046786575128537,0.0137604803074677,0.3777006378105925,0.4316566772151149,0.3502274914652139,0.4591298235604935,4096,0.43409645500554,0.0021895946001040533,0.0012259376565062778,0.004592432406856358,0.34563505905835756,0.46372225596734984,positive
63,1.0,rho_minus10pp,10,1,Adjusted_minus_Heston,-0.4591948134495358,0.025186508311696,-0.508574057653341,-0.4098155692457307,-0.5588595573826489,-0.3595300695164227,4096,-0.5166396496892024,-0.005042366762717415,0.0021704379506281056,0.009296425145948502,-0.5681559825285974,-0.35023364437047416,negative
63,1.0,rho_minus10pp,10,5,Heston_minus_BS,0.4617141982670467,0.0188861540525912,0.4246870724148889,0.4987413241192044,0.3869803890292357,0.5364480075048577,4096,0.4947218750685945,0.00029335920503340473,0.0015820359925967753,0.003394149750523084,0.3835862392787126,0.5398421572553808,positive
63,1.0,rho_minus10pp,10,5,Adjusted_minus_Heston,-0.5500012370176361,0.0348020274028962,-0.618232124310461,-0.4817703497248113,-0.6877152506688307,-0.4122872233664416,4096,-0.6100238647278211,-0.0017547888752530594,0.002779623990091995,0.00720285189583337,-0.694918102564664,-0.4050843714706082,negative
63,1.0,rho_plus10pp,0,1,Heston_minus_BS,0.3168611766112201,0.0096073137068888,0.298025620534766,0.3356967326876742,0.2788443761626436,0.3548779770597967,4096,0.3332408335270124,0.0014865610702586665,0.0008145085871539035,0.0030829979010803176,0.27576137826156333,0.357960974960877,positive
63,1.0,rho_plus10pp,0,1,Adjusted_minus_Heston,-0.4439114590874262,0.0169872981370383,-0.4772157953888631,-0.4106071227859894,-0.5111313649986068,-0.3766915531762457,4096,-0.4740227485301004,-0.002844867550826784,0.0014737737372179248,0.005733464075773916,-0.5168648290743807,-0.3709580891004718,negative
63,1.0,rho_plus10pp,0,5,Heston_minus_BS,0.3519733614669355,0.0130061490703245,0.3264742409399187,0.3774724819939522,0.3005071359541343,0.4034395869797366,4096,0.3725572218895161,0.0003959576341753128,0.0010039084094299487,0.002363618116658012,0.2981435178374763,0.4058032050963946,positive
63,1.0,rho_plus10pp,0,5,Adjusted_minus_Heston,-0.4971369598101574,0.0233451618431415,-0.5429061642335637,-0.4513677553867509,-0.5895153692498384,-0.4047585503704763,4096,-0.5338705624323181,-0.0009680392989640151,0.0018791738049044207,0.00465121995657668,-0.5941665892064151,-0.4001073304138996,negative
63,1.0,rho_plus10pp,5,1,Heston_minus_BS,0.2925440695580522,0.0096730240192973,0.2735796855582125,0.3115084535578919,0.254267248888375,0.3308208902277295,4096,0.3114711635991182,0.001694393534766989,0.000819506870450232,0.0033006270008494433,0.25096662188752555,0.3341215172285789,positive
63,1.0,rho_plus10pp,5,1,Adjusted_minus_Heston,-0.3927307066773082,0.0171714181462255,-0.4263960182590002,-0.3590653950956162,-0.460679188115573,-0.3247822252390434,4096,-0.4282207970711963,-0.0031436992781670864,0.0014937866184957882,0.006071521050418831,-0.4667507091659918,-0.31871070418862457,negative
63,1.0,rho_plus10pp,5,5,Heston_minus_BS,0.3286933770386988,0.0132471238459711,0.3027218149907553,0.3546649390866423,0.2762735977814905,0.3811131562959071,4096,0.350808834283609,0.0005075767722979566,0.0010163816702920628,0.0024996848460703994,0.27377391293542014,0.38361284114197747,positive
63,1.0,rho_plus10pp,5,5,Adjusted_minus_Heston,-0.4519003625527547,0.0238172504215396,-0.4985951171520749,-0.4052056079534346,-0.5461468589339646,-0.3576538661715449,4096,-0.4916699871016257,-0.0011060613477181366,0.0019043076332485726,0.004838504308885339,-0.55098536324285,-0.35281536186265955,negative
63,1.0,rho_plus10pp,10,1,Heston_minus_BS,0.2704271545310269,0.0099625569867239,0.2508951285648345,0.2899591804972193,0.2310046320156767,0.3098496770463771,4096,0.2919341367697077,0.001901845673198194,0.0008308217600757317,0.0035302563229466276,0.22747437569273007,0.31337993336932374,positive
63,1.0,rho_plus10pp,10,1,Adjusted_minus_Heston,-0.3436395448282242,0.0177709516022732,-0.378480267807485,-0.3087988218489633,-0.4139604213455076,-0.2733186683109407,4096,-0.3846300228339202,-0.0034405250760490003,0.0015264479155062698,0.0064323629904412885,-0.4203927843359489,-0.2668863053204994,negative
63,1.0,rho_plus10pp,10,5,Heston_minus_BS,0.3064172169389234,0.0135693714816799,0.2798138743956115,0.3330205594822352,0.2527222816458523,0.3601121522319944,4096,0.3300666850107889,0.0006207053853148582,0.0010310308163539513,0.0026415257853686027,0.2500807558604837,0.36275367801736297,positive
63,1.0,rho_plus10pp,10,5,Adjusted_minus_Heston,-0.407989334303845,0.0244313804806167,-0.4558881175753723,-0.3600905510323176,-0.5046659855251812,-0.3113126830825088,4096,-0.4508126206516284,-0.0012468526287773556,0.0019341738136342637,0.005037833303500512,-0.5097038188286817,-0.3062748497790083,negative
63,1.1,reference,0,1,Heston_minus_BS,0.2449597387495162,0.0090595967711182,0.2271980055305725,0.2627214719684599,0.2091102918489522,0.2808091856500803,4096,0.2433033219723742,0.001486530491752544,0.0008545120827543423,0.0031613741739510547,0.20594891767500115,0.28397055982403135,positive
63,1.1,reference,0,1,Adjusted_minus_Heston,-0.413463638841229,0.0185548510562698,-0.4498412307699723,-0.3770860469124857,-0.4868864593590468,-0.3400408183234112,4096,-0.4147267192654797,-0.0030007805278489293,0.0018656331106901404,0.006657421424801605,-0.49354388078384837,-0.33338339689860963,negative
63,1.1,reference,0,5,Heston_minus_BS,0.2490545554530581,0.0102668452325051,0.2289259591560033,0.2691831517501128,0.2084279434417632,0.2896811674643529,4096,0.2406911551787095,0.0013125838920258564,0.0010476158422612792,0.0033659109428579633,0.20506203249890526,0.2930470784072109,positive
63,1.1,reference,0,5,Adjusted_minus_Heston,-0.4178627357587967,0.0225874662803576,-0.4621464451003194,-0.3735790264172739,-0.5072428917959191,-0.3284825797216743,4096,-0.4057256179397395,-0.002645785925089746,0.0022887912965569982,0.007131816866341463,-0.5143747086622605,-0.3213507628553328,negative
63,1.1,reference,5,1,Heston_minus_BS,0.2097680118842906,0.0084388461854259,0.1932232871677253,0.2263127366008559,0.1763749177025602,0.243161106066021,4096,0.2089440306727146,0.001537578268556197,0.0007996964030540729,0.0031049832185421795,0.173269934484018,0.2462660892845632,positive
63,1.1,reference,5,1,Adjusted_minus_Heston,-0.3225983970700733,0.0175365038961879,-0.3569794751319625,-0.2882173190081841,-0.3919915479056729,-0.2532052462344737,4096,-0.3264012450733366,-0.003134858083191364,0.001757098475118687,0.00657877109442399,-0.39857031900009693,-0.24662647514004973,negative
63,1.1,reference,5,5,Heston_minus_BS,0.2257570082879043,0.0100981964357594,0.2059590552867017,0.2455549612891069,0.1857977511530489,0.2657162654227598,4096,0.2178645112219896,0.0013334497713672197,0.0010193488066321276,0.0033313734323661896,0.1824663777206827,0.26904763885512595,positive
63,1.1,reference,5,5,Adjusted_minus_Heston,-0.3593034166309994,0.0224250132552276,-0.4032686297562039,-0.3153382035057949,-0.448040734885672,-0.2705660983763268,4096,-0.3485227494446827,-0.0026899159776127765,0.002234206589969813,0.00706896089395361,-0.45510969577962557,-0.2634971374823732,negative
63,1.1,reference,10,1,Heston_minus_BS,0.178400332634634,0.0080115402435936,0.1626933597886475,0.1941073054806205,0.1466981174245644,0.2101025478447035,4096,0.1782596406778142,0.001570888874015281,0.0007566920481866144,0.0030540052884610452,0.14364411213610334,0.21315655313316456,positive
63,1.1,reference,10,1,Adjusted_minus_Heston,-0.238473498279017,0.0170278934494425,-0.2718574234547802,-0.2050895731032538,-0.3058540426306508,-0.1710929539273832,4096,-0.2445770139563063,-0.0032407150645590113,0.0016789836136768099,0.006531522947365559,-0.31238556557801633,-0.16456143098001763,negative
63,1.1,reference,10,5,Heston_minus_BS,0.2035296303142217,0.0100095055048877,0.1839055597376877,0.2231537008907557,0.1639213292867045,0.2431379313417389,4096,0.1960714600821566,0.0013525456215672188,0.0009950930345815536,0.003302927969347064,0.16061840131735744,0.24644085931108595,positive
63,1.1,reference,10,5,Adjusted_minus_Heston,-0.3027686452824811,0.0224429706814724,-0.3467690647223063,-0.258768225842656,-0.3915770223066441,-0.2139602682583181,4096,-0.2932864914060243,-0.0027324650083552175,0.002189125781234397,0.007023151539574636,-0.3986001738462187,-0.20693711671874346,negative
63,1.1,kappa_minus20,0,1,Heston_minus_BS,0.2043434388776139,0.0084222696587992,0.1878312131619511,0.2208556645932768,0.1710159391507046,0.2376709386045233,4096,0.2014506692717621,0.0015986622289677157,0.0008025093748327512,0.0031715806036399083,0.1678443585470647,0.24084251920816319,positive
63,1.1,kappa_minus20,0,1,Adjusted_minus_Heston,-0.3796817965414115,0.0189539818704053,-0.4168419017783337,-0.3425216913044893,-0.4546840051147051,-0.304679587968118,4096,-0.3814733479825843,-0.0031158428248193536,0.0019206416890151497,0.006880300535289046,-0.4615643056499941,-0.29779928743282896,negative
63,1.1,kappa_minus20,0,5,Heston_minus_BS,0.2032608396906666,0.0095724989664876,0.184493539425891,0.2220281399554422,0.165381803561949,0.2411398758193842,4096,0.1930386486162316,0.0013910144241471092,0.0010311316379850864,0.0034120324345978787,0.16196977112735114,0.24455190825398207,positive
63,1.1,kappa_minus20,0,5,Adjusted_minus_Heston,-0.3779236398187607,0.0233415452236784,-0.4236857537025237,-0.3321615259349977,-0.4702877380467311,-0.2855595415907903,4096,-0.3649690318508591,-0.0028174489888684786,0.0023890088701331073,0.0074999063743293685,-0.4777876444210604,-0.27805963521646093,negative
63,1.1,kappa_minus20,5,1,Heston_minus_BS,0.1745705162058367,0.0078700952665513,0.1591408523848385,0.190000180026835,0.1434280084884888,0.2057130239231846,4096,0.1722507766144473,0.001632913475699101,0.0007580275456705465,0.0031186474652133717,0.14030936102327543,0.20883167138839798,positive
63,1.1,kappa_minus20,5,1,Adjusted_minus_Heston,-0.2837218413582477,0.0179685926542661,-0.3189500482098373,-0.2484936345066581,-0.354824797098017,-0.2126188856184784,4096,-0.2880707381454141,-0.00325447201420762,0.0018171453475082516,0.006816076895323793,-0.36164087399334083,-0.2058028087231546,negative
63,1.1,kappa_minus20,5,5,Heston_minus_BS,0.1833963368898351,0.0094676942483945,0.1648345108299149,0.2019581629497552,0.1459320202316556,0.2208606535480145,4096,0.1734848686684974,0.0013967602889884037,0.0010105367432292477,0.0033774123057177296,0.14255460792593788,0.22423806585373224,positive
63,1.1,kappa_minus20,5,5,Adjusted_minus_Heston,-0.3162188401902766,0.0232340666984905,-0.3617702377541655,-0.2706674426263876,-0.4081576385093198,-0.2242800418712332,4096,-0.3046101770924098,-0.0028648890094938,0.0023378257166595884,0.007447027414146594,-0.4156046659234664,-0.2168330144570866,negative
63,1.1,kappa_minus20,10,1,Heston_minus_BS,0.1490718603291816,0.0075155636415076,0.1343372711677731,0.1638064494905902,0.1193322586117004,0.1788114620466628,4096,0.1471621112795632,0.001638598358810194,0.0007245337168995979,0.003058684443933406,0.11627357416776699,0.18187014649059619,positive
63,1.1,kappa_minus20,10,1,Adjusted_minus_Heston,-0.1949989401494067,0.017548117984457,-0.2294027881361203,-0.1605950921626931,-0.2644380487302816,-0.1255598315685319,4096,-0.2016533907125598,-0.003356385274735917,0.0017475961227315087,0.006781673675289674,-0.2712197224055713,-0.11877815789324223,negative
63,1.1,kappa_minus20,10,5,Heston_minus_BS,0.1646490973249712,0.0094412321078245,0.146139151441739,0.1831590432082034,0.1272894931752188,0.2020087014747237,4096,0.1550074376476096,0.0013993354756264144,0.0009936263967750198,0.003346843213305453,0.12394264996191333,0.20535554468802913,positive
63,1.1,kappa_minus20,10,5,Adjusted_minus_Heston,-0.2566567538049476,0.023319467080577,-0.3023755825295977,-0.2109379250802975,-0.3489334873036952,-0.1643800203062,4096,-0.2463310284986528,-0.002909418045619616,0.0022966185199389207,0.007410790344699901,-0.3563442776483951,-0.1569692299615001,negative
63,1.1,kappa_plus20,0,1,Heston_minus_BS,0.2835969003641767,0.0098345626052163,0.2643158129458354,0.3028779877825179,0.244680860410838,0.3225129403175154,4096,0.2829890910871448,0.0013866282128794768,0.0009444525720323424,0.003237755254062868,0.24144310515677514,0.32575069557157826,positive
63,1.1,kappa_plus20,0,1,Adjusted_minus_Heston,-0.4375656233331357,0.018120553933926,-0.4730917568780559,-0.4020394897882156,-0.5092699002976504,-0.3658613463686211,4096,-0.4384598335078574,-0.002898123047259898,0.0018121165992735252,0.006449871581836008,-0.5157197718794864,-0.3594114747867851,negative
63,1.1,kappa_plus20,0,5,Heston_minus_BS,0.2925206279363148,0.0111719210166963,0.2706175912278524,0.3144236646447772,0.248312568859982,0.3367286870126476,4096,0.2859229225811738,0.0012202873254947037,0.0011263565106283727,0.003427946086326314,0.2448846227736557,0.34015663309897387,positive
63,1.1,kappa_plus20,0,5,Adjusted_minus_Heston,-0.4465590064631846,0.0218606471267754,-0.4894177552650174,-0.4037002576613517,-0.5330630891704514,-0.3600549237559177,4096,-0.4351918494444161,-0.002489496327422774,0.0021996845584611826,0.006800878062006691,-0.5398639672324581,-0.353254045693911,negative
63,1.1,kappa_plus20,5,1,Heston_minus_BS,0.2439242692531608,0.0091543687416306,0.2259767314670381,0.2618718070392835,0.2076998031535774,0.2801487353527442,4096,0.2443634253999426,0.0014514820096161536,0.000881645487611953,0.0031795071653355814,0.2045202959882418,0.2833282425180798,positive
63,1.1,kappa_plus20,5,1,Adjusted_minus_Heston,-0.3514075191470659,0.0170954779365793,-0.384923946647225,-0.3178910916469069,-0.4190554999579731,-0.2837595383361588,4096,-0.3548025918372609,-0.0030372803002234514,0.0017014245571037839,0.006372072432146868,-0.42542757239011997,-0.2773874659040119,negative
63,1.1,kappa_plus20,5,5,Heston_minus_BS,0.2663864157233354,0.0109522935427926,0.2449139682229341,0.2878588632237367,0.2230474376516581,0.3097253937950127,4096,0.2603849047220554,0.0012692849193654161,0.0010951735310019183,0.003415825040129176,0.21963161261152891,0.31314121883514184,positive
63,1.1,kappa_plus20,5,5,Adjusted_minus_Heston,-0.3909166664496314,0.0216621722060276,-0.4333862965431999,-0.3484470363560629,-0.4766353702584548,-0.3051979626408079,4096,-0.3808993699238728,-0.0025423688679857455,0.0021448811740428847,0.006746335969109799,-0.4833817062275646,-0.2984516266716981,negative
63,1.1,kappa_plus20,10,1,Heston_minus_BS,0.2076862382546079,0.0086634926248999,0.1907010844298461,0.2246713920793696,0.1734042026766116,0.2419682738326042,4096,0.2090366725086089,0.0015071205733276603,0.0008302954265853586,0.0031344996094349632,0.17026970306717665,0.24510277344203915,positive
63,1.1,kappa_plus20,10,1,Adjusted_minus_Heston,-0.2715487954251976,0.0165343341236363,-0.3039650760915894,-0.2391325147588059,-0.3369762916125713,-0.2061212992378239,4096,-0.2772201938046494,-0.0031519936339656687,0.001617944073140479,0.0063231640173210075,-0.34329945562989234,-0.1997981352205029,negative
63,1.1,kappa_plus20,10,5,Heston_minus_BS,0.2412799500978529,0.0108128080210408,0.2200809700251807,0.2624789301705251,0.1984929258196799,0.2840669743760258,4096,0.2358406632275179,0.0013165191200958763,0.0010680100028341718,0.003409818725650853,0.19508310709402904,0.2874767931016766,positive
63,1.1,kappa_plus20,10,5,Adjusted_minus_Heston,-0.3371899485955502,0.0216327312275999,-0.3796018583713442,-0.2947780388197561,-0.4227921524298704,-0.2515877447612299,4096,-0.3284676203823123,-0.002594214254256437,0.0020989311893808015,0.006708119385442808,-0.4295002718153132,-0.2448796253757871,negative
63,1.1,theta_minus20,0,1,Heston_minus_BS,0.1583825800798808,0.0074764712635305,0.1437246332245333,0.1730405269352283,0.1287976695880589,0.1879674905717026,4096,0.1536465715387717,0.0014583566676123912,0.0007305661443781326,0.0028902663105935308,0.12590740327746539,0.19085775688229611,positive
63,1.1,theta_minus20,0,1,Adjusted_minus_Heston,-0.3338248742079224,0.0181095253755204,-0.369329385784764,-0.2983203626310807,-0.4054855104090632,-0.2621642380067815,4096,-0.3348557511941331,-0.0030375170303339047,0.0018359968361799563,0.006636070829246618,-0.41212158123830983,-0.2555281671775349,negative
63,1.1,theta_minus20,0,5,Heston_minus_BS,0.1523747232420407,0.0085786538310608,0.1355558995598731,0.1691935469242082,0.1184284006004673,0.186321045883614,4096,0.1394221128355409,0.0012873565992167749,0.0009529028550486056,0.003155046195112042,0.11527335440535526,0.18947609207872604,positive
63,1.1,theta_minus20,0,5,Adjusted_minus_Heston,-0.3274785569642933,0.0224259238151865,-0.371445555281872,-0.2835115586467145,-0.416219478367287,-0.2387376355612995,4096,-0.31361956869562,-0.002772092309549653,0.002296791830793844,0.007273804297905587,-0.4234932826651926,-0.23146383126339393,negative
63,1.1,theta_minus20,5,1,Heston_minus_BS,0.135940300919219,0.0069992531201563,0.1222179609748628,0.1496626408635752,0.1082437754099849,0.1636368264284531,4096,0.1313791920162691,0.0014626068313144912,0.0006932140353460326,0.002821306340592715,0.10542246906939218,0.1664581327690458,positive
63,1.1,theta_minus20,5,1,Adjusted_minus_Heston,-0.241189124608079,0.0172191541481236,-0.2749480246961994,-0.2074302245199586,-0.3093265006857549,-0.1730517485304032,4096,-0.244618645656351,-0.003161927062677686,0.0017390796490075696,0.006570523174732522,-0.3158970238604874,-0.16648122535567067,negative
63,1.1,theta_minus20,5,5,Heston_minus_BS,0.1368857433265124,0.0085324805593344,0.1201574443503521,0.1536140423026726,0.1031221314936869,0.1706493551593378,4096,0.12403588366271,0.00128066655041661,0.000937796787462154,0.0031187482538424316,0.10000338323984446,0.17376810341318022,positive
63,1.1,theta_minus20,5,5,Adjusted_minus_Heston,-0.267909208659515,0.0223652666500317,-0.3117572859685197,-0.2240611313505104,-0.3564101054922888,-0.1794083118267413,4096,-0.2552943298198538,-0.002815985463269895,0.0022493115757171943,0.007224636151675595,-0.36363474164396437,-0.1721836756750657,negative
63,1.1,theta_minus20,10,1,Heston_minus_BS,0.1178465382451916,0.0067110840116559,0.1046891663624871,0.1310039101278961,0.0912903176981497,0.1444027587922334,4096,0.1132876257390091,0.001437192300568946,0.0006664327687072795,0.002743400527235214,0.08854691717091448,0.14714615931946862,positive
63,1.1,theta_minus20,10,1,Adjusted_minus_Heston,-0.1556600574787496,0.0168895802269319,-0.1887728135703966,-0.1225473013871026,-0.2224932869055241,-0.0888268280519752,4096,-0.161236876920302,-0.003249758025177881,0.0016767639001484915,0.006536215269468924,-0.22902950217499304,-0.08229061278250627,negative
63,1.1,theta_minus20,10,5,Heston_minus_BS,0.1224687585297967,0.0085587475590538,0.1056889619590675,0.139248555100526,0.0886012063742983,0.1563363106852952,4096,0.1096803553871703,0.001270608571279001,0.0009263746757506006,0.0030863029357501783,0.08551490343854812,0.15942261362104537,positive
63,1.1,theta_minus20,10,5,Adjusted_minus_Heston,-0.2104183675074092,0.0224922188645052,-0.2545153401504998,-0.1663213948643185,-0.2994216229756339,-0.1214151120391844,4096,-0.1989849791684484,-0.002856805943041357,0.002211893331717642,0.007192116873207935,-0.3066137398488418,-0.11422299516597646,negative
63,1.1,theta_plus20,0,1,Heston_minus_BS,0.3373788552927931,0.0110534720120678,0.3157080430059482,0.359049667579638,0.2936395070663063,0.3811182035192798,4096,0.3385521093498326,0.0014955011235433364,0.0010628463144904854,0.0035786798999446878,0.2900608271663616,0.3846968834192245,positive
63,1.1,theta_plus20,0,1,Adjusted_minus_Heston,-0.4846929139865928,0.0189376416409593,-0.5218209834935053,-0.4475648444796805,-0.559630463149245,-0.4097553648239407,4096,-0.4862906889449855,-0.002958653947454974,0.0018916113475331783,0.006666212188620004,-0.566296675337865,-0.4030891526353207,negative
63,1.1,theta_plus20,0,5,Heston_minus_BS,0.3523011967240916,0.0126780239757744,0.3274453797059482,0.377157013742235,0.3021333847556233,0.4024690086925599,4096,0.3484225267428085,0.001282878039407809,0.0012730932581746146,0.0037781408254300534,0.29835524393019325,0.40624714951798996,positive
63,1.1,theta_plus20,0,5,Adjusted_minus_Heston,-0.4984979845834931,0.0227539060314759,-0.5431080062909055,-0.4538879628760807,-0.5885367541517252,-0.408459215015261,4096,-0.4879991772557734,-0.0025181917456993603,0.0022867184200181102,0.007000159848934856,-0.5955369140006601,-0.40145905516632613,negative
63,1.1,theta_plus20,5,1,Heston_minus_BS,0.2912363542938011,0.0103410440524777,0.2709622879853529,0.3115104206022493,0.2503161324537362,0.332156576133866,4096,0.2938387065654442,0.001586821907200012,0.0009959378760861786,0.0035388601443289217,0.24677727230940727,0.3356954362781949,positive
63,1.1,theta_plus20,5,1,Adjusted_minus_Heston,-0.3957291119105767,0.0178377606662737,-0.4307008169634733,-0.3607574068576802,-0.4663143564845046,-0.3251438673366489,4096,-0.3999730898112854,-0.003108614371303254,0.0017757474399558227,0.006589079353616667,-0.4729034358381213,-0.3185547879830322,negative
63,1.1,theta_plus20,5,5,Heston_minus_BS,0.3222785090194743,0.0124379323177121,0.2978934021318516,0.346663615907097,0.273060756238454,0.3714962618004945,4096,0.3192036696131435,0.0013459509969078489,0.001239285937490916,0.0037749514343900442,0.26928580480406394,0.37527121323488455,positive
63,1.1,theta_plus20,5,5,Adjusted_minus_Heston,-0.4410405557105548,0.022516395806605,-0.4851849282994129,-0.3968961831216967,-0.5301394809998458,-0.351941630421264,4096,-0.4319880220384789,-0.0025774336066599394,0.00222848409155565,0.006945262426109013,-0.5370847434259548,-0.344996367995155,negative
63,1.1,theta_plus20,10,1,Heston_minus_BS,0.2484162244146063,0.0098354081298989,0.2291334793083767,0.2676989695208359,0.2094968386620036,0.287335610167209,4096,0.2523220440492796,0.0016695688832643614,0.000940999878518669,0.003513928645160953,0.20598291001684266,0.29084953881236997,positive
63,1.1,theta_plus20,10,1,Adjusted_minus_Heston,-0.3131728983927292,0.0172035202632914,-0.3469011475701544,-0.279444649215304,-0.3812484101139329,-0.2450973866715254,4096,-0.319837388128468,-0.0032344521619671034,0.0016865576923916481,0.0065401052390547335,-0.38778851535298764,-0.23855728143247065,negative
63,1.1,theta_plus20,10,5,Heston_minus_BS,0.293317283576942,0.0122831574659164,0.2692356195131059,0.3173989476407782,0.2447119855189265,0.3419225816349575,4096,0.2910130881477768,0.0014072264590750641,0.0012095338996538539,0.0037779129023966175,0.24093407261652988,0.3457004945373541,positive
63,1.1,theta_plus20,10,5,Adjusted_minus_Heston,-0.3855541870327166,0.0224515812923935,-0.4295714879494878,-0.3415368861159454,-0.4743966368359221,-0.296711737229511,4096,-0.3778927035208081,-0.002635698908690055,0.0021790320343291134,0.006906601695975117,-0.4813032385318972,-0.2898051355335359,negative
63,1.1,xi_minus20,0,1,Heston_minus_BS,0.2691879801154622,0.00899909321714,0.2515448667437048,0.2868310934872197,0.2335779499351382,0.3047980102957863,4096,0.270103926975286,0.0014265965954942264,0.0008558081250791012,0.0031039805206492647,0.23047396941448894,0.30790199081643554,positive
63,1.1,xi_minus20,0,1,Adjusted_minus_Heston,-0.4012997980639296,0.0156615002010078,-0.4320048498898066,-0.3705947462380526,-0.4632734304477801,-0.3393261656800792,4096,-0.4028797980546889,-0.002437208828627062,0.0015701166954281227,0.0055146375516661825,-0.4687880679994463,-0.33381152812841297,negative
63,1.1,xi_minus20,0,5,Heston_minus_BS,0.2787474146937694,0.0104173957289847,0.2583236576051247,0.2991711717824142,0.2375250640237074,0.3199697653638315,4096,0.2749097630218235,0.0014307884299093103,0.0010227850314412977,0.0034354470915342536,0.23408961693217314,0.32340521245536574,positive
63,1.1,xi_minus20,0,5,Adjusted_minus_Heston,-0.4121508882171675,0.0186796169626172,-0.448773089127894,-0.3755286873064409,-0.4860674159989621,-0.3382343604353729,4096,-0.4036222708161255,-0.0021477458903486762,0.0018914682678643046,0.005855023695362713,-0.4919224396943248,-0.3323793367400102,negative
63,1.1,xi_minus20,5,1,Heston_minus_BS,0.2295676276996699,0.0084370007427857,0.2130265210536074,0.2461087343457325,0.1961818360612654,0.2629534193380746,4096,0.2317925553190026,0.0015109197319660849,0.0008039648488666472,0.0030866908357447135,0.19309514522552068,0.2660401101738193,positive
63,1.1,xi_minus20,5,1,Adjusted_minus_Heston,-0.3272737348906221,0.0147187373108045,-0.3561304590957939,-0.2984170106854504,-0.3855167897414957,-0.2690306800397486,4096,-0.331032242235896,-0.0025586444493694124,0.0014759033666686826,0.00545141504804003,-0.39096820478953576,-0.2635792649917086,negative
63,1.1,xi_minus20,5,5,Heston_minus_BS,0.2532586797479607,0.010250623678347,0.2331618865128558,0.2733554729830657,0.2126962575410386,0.2938211019548828,4096,0.2501344384238467,0.001469222406049696,0.0009941331481251963,0.0034177233763750805,0.20927853416466352,0.2972388253312579,positive
63,1.1,xi_minus20,5,5,Adjusted_minus_Heston,-0.3645155510522339,0.018459481253815,-0.4007061663382919,-0.3283249357661758,-0.4375609867089594,-0.2914701153955084,4096,-0.3571754342735382,-0.002192351895362058,0.0018420583757806218,0.005802786311892077,-0.44336377302085145,-0.2856673290836163,negative
63,1.1,xi_minus20,10,1,Heston_minus_BS,0.1928017891818617,0.008057890828068,0.177003944000519,0.2085996343632043,0.1609161615243175,0.2246874168394058,4096,0.1962417250686535,0.0015861491858753126,0.0007621811546793919,0.003080024249046921,0.1578361372752706,0.2277674410884527,positive
63,1.1,xi_minus20,10,1,Adjusted_minus_Heston,-0.2585504119724275,0.0141611193479945,-0.2863139019262585,-0.2307869220185965,-0.3145869342310023,-0.2025138897138528,4096,-0.2643064637587727,-0.00265911494540498,0.00140380298523,0.00541056879645578,-0.3199975030274581,-0.19710332091739705,negative
63,1.1,xi_minus20,10,5,Heston_minus_BS,0.2286759422579036,0.0101575605930521,0.2087616032462373,0.24859028126957,0.1884817770737798,0.2688701074420275,4096,0.2262408556240736,0.001506053739307695,0.0009691495875011403,0.00340558693080993,0.1850761901429699,0.27227569437283744,positive
63,1.1,xi_minus20,10,5,Adjusted_minus_Heston,-0.318507149779188,0.0183829161572808,-0.3545476558658104,-0.2824666436925656,-0.3912496120882047,-0.2457646874701713,4096,-0.3123116802696558,-0.0022359852358566907,0.0018000934502296337,0.005764168398306773,-0.3970137804865115,-0.24000051907186454,negative
63,1.1,xi_plus20,0,1,Heston_minus_BS,0.2134608884650229,0.0090735610335628,0.1956717777026403,0.2312499992274054,0.1775561840184931,0.2493655929115527,4096,0.2089468705185857,0.001461634989776746,0.00087049514668032,0.003167805477270173,0.17438837854122294,0.2525333983888229,positive
63,1.1,xi_plus20,0,1,Adjusted_minus_Heston,-0.3845908394676004,0.0209470331488644,-0.42565840835815,-0.3435232705770508,-0.4674796888906278,-0.301701990044573,4096,-0.3853570499021037,-0.003485963069206927,0.0021054080390600256,0.007612562825764576,-0.47509225171639236,-0.29408942721880843,negative
63,1.1,xi_plus20,0,5,Heston_minus_BS,0.2110533808670862,0.0102515933503771,0.1909546865478222,0.2311520751863501,0.1704871216013157,0.2516196401328566,4096,0.1978430808853811,0.0011630055517845021,0.001113832827970939,0.0033461178946075426,0.16714100370670817,0.25496575802746413,positive
63,1.1,xi_plus20,0,5,Adjusted_minus_Heston,-0.378428684040145,0.0261775139668481,-0.4297508379020699,-0.3271065301782202,-0.4820149054418572,-0.2748424626384328,4096,-0.362116897702862,-0.0031025888961147123,0.002643322731626949,0.008283501450103533,-0.49029840689196075,-0.2665589611883293,negative
63,1.1,xi_plus20,5,1,Heston_minus_BS,0.1849463121236665,0.0084719850127099,0.1683366172959275,0.2015560069514055,0.1514220853254321,0.2184705389219008,4096,0.1806994685554504,0.0014686338977349714,0.0008188014057156384,0.003073484652937623,0.14834860067249447,0.22154402357483843,positive
63,1.1,xi_plus20,5,1,Adjusted_minus_Heston,-0.2781598127386607,0.0199796340013086,-0.3173307535552217,-0.2389888719220998,-0.3572205972656309,-0.1990990282116906,4096,-0.2817235187278889,-0.003622862753501527,0.0019908785446732143,0.007524984701061027,-0.36474558196669193,-0.19157404351062957,negative
63,1.1,xi_plus20,5,5,Heston_minus_BS,0.1912931573144246,0.0101395018079493,0.1714142233358251,0.2111720912930241,0.1511704519837564,0.2314158626450928,4096,0.1782710474340038,0.0011697493778232326,0.0010926571997507812,0.0033113574893347637,0.14785909449442164,0.23472722013442757,positive
63,1.1,xi_plus20,5,5,Adjusted_minus_Heston,-0.3097363147985951,0.0261457105485663,-0.360996116676735,-0.2584765129204552,-0.4131966878889803,-0.2062759417082098,4096,-0.2948824485278032,-0.0031543165862494556,0.0025887018350755873,0.008228172182997607,-0.4214248600719779,-0.1980477695252122,negative
63,1.1,xi_plus20,10,1,Heston_minus_BS,0.1611315282160176,0.0080840661547234,0.1452823651691323,0.1769806912629029,0.1291423229924136,0.1931207334396217,4096,0.156948254580442,0.001449056855269957,0.0007806547316826297,0.0029791401293679113,0.12616318286304568,0.1960998735689896,positive
63,1.1,xi_plus20,10,1,Adjusted_minus_Heston,-0.1798877456935326,0.019656120181672,-0.2184244236061037,-0.1413510677809615,-0.2576683638078391,-0.1021071275792261,4096,-0.185946887077079,-0.0037231658484156963,0.0019167699285799447,0.007480034908432388,-0.2651483987162715,-0.09462709267079372,negative
63,1.1,xi_plus20,10,5,Heston_minus_BS,0.1727296371294567,0.0101125377758752,0.152903567307652,0.1925557069512614,0.1327136303263813,0.2127456439325321,4096,0.1598470217933455,0.0011740471724758462,0.0010758656464929053,0.0032827438396019403,0.12943088648677936,0.21602838777213404,positive
63,1.1,xi_plus20,10,5,Adjusted_minus_Heston,-0.2434414115186786,0.0263280060785081,-0.295058611706217,-0.1918242113311401,-0.3476231405464152,-0.139259682490942,4096,-0.2299718102191655,-0.0032037912382338685,0.0025457270155262407,0.0081934161886653,-0.3558165567350805,-0.1310662663022767,negative
63,1.1,rho_minus10pp,0,1,Heston_minus_BS,0.2739910726082371,0.0106047789584422,0.2531999425541709,0.2947822026623033,0.2320272336242681,0.3159549115922061,4096,0.2706862638674819,0.0016388478577561436,0.001028718871475362,0.003655136845847853,0.22837209677842027,0.31961004843805396,positive
63,1.1,rho_minus10pp,0,1,Adjusted_minus_Heston,-0.4486803053028895,0.0215576576185806,-0.4909450300053439,-0.4064155806004351,-0.533985437708076,-0.3633751728977029,4096,-0.4492225605770883,-0.0035681146999037992,0.0021808469085278373,0.00784257464061836,-0.5418280123486944,-0.3555325982570845,negative
63,1.1,rho_minus10pp,0,5,Heston_minus_BS,0.2778596517161525,0.0118671135252011,0.2545936598802352,0.3011256435520699,0.2309006681175757,0.3248186353147294,4096,0.2666653194623312,0.0012427394946400777,0.0012560487045814037,0.003704594955619629,0.22719607316195609,0.328523230270349,positive
63,1.1,rho_minus10pp,0,5,Adjusted_minus_Heston,-0.4497950119600967,0.0264665123843005,-0.5016837597799171,-0.3979062641402763,-0.5545248199565053,-0.3450652039636882,4096,-0.4344595627757589,-0.0031008363433617727,0.002683736385685626,0.008360959659305599,-0.5628857796158109,-0.3367042443043826,negative
63,1.1,rho_minus10pp,5,1,Heston_minus_BS,0.237284939109179,0.0098718777687124,0.217930693691008,0.2566391845273499,0.1982212404899929,0.2763486377283651,4096,0.2345848637405186,0.0016821741485300878,0.0009629678325520689,0.0035695911003321428,0.19465164938966076,0.27991822882869727,positive
63,1.1,rho_minus10pp,5,1,Adjusted_minus_Heston,-0.3429310475199904,0.020418380201022,-0.3829621693299239,-0.3028999257100569,-0.4237279809051077,-0.2621341141348731,4096,-0.3463355656586289,-0.0037228400232453144,0.002054956109241688,0.007750553997359023,-0.43147853490246674,-0.25438356013751406,negative
63,1.1,rho_minus10pp,5,5,Heston_minus_BS,0.2530118008786136,0.0116600154383853,0.2301518338428178,0.2758717679144094,0.2068723186391016,0.2991512831181256,4096,0.2421641751761188,0.0012721758901785936,0.001224238644284868,0.0036716836329769346,0.20320063500612467,0.30282296675110254,positive
63,1.1,rho_minus10pp,5,5,Adjusted_minus_Heston,-0.3814058524131001,0.0263221689299099,-0.4330116086171171,-0.3298000962090832,-0.4855644834427682,-0.2772472213834321,4096,-0.3675909826420845,-0.003154746936399701,0.002621472063960101,0.008292832181761498,-0.4938573156245297,-0.2689543892016706,negative
63,1.1,rho_minus10pp,10,1,Heston_minus_BS,0.2055221264992953,0.0093613637087123,0.1871687660837715,0.2238754869148191,0.1684785670925201,0.2425656859060705,4096,0.2032219363928001,0.0017025198511757776,0.0009115877046782884,0.003489231752345223,0.16498933534017488,0.24605491765841572,positive
63,1.1,rho_minus10pp,10,1,Adjusted_minus_Heston,-0.2453795369529589,0.0198917943341525,-0.2843782642843633,-0.2063808096215545,-0.3240927338816029,-0.1666663400243149,4096,-0.2513521600479548,-0.0038436909826590018,0.001965945507145117,0.007696944176663431,-0.33178967805826637,-0.15896939584765146,negative
63,1.1,rho_minus10pp,10,5,Heston_minus_BS,0.2294884929020721,0.011544115827695,0.206855752090276,0.2521212337138683,0.1838076333854261,0.2751693524187182,4096,0.2189370648025948,0.001300200712629322,0.0011970564246460893,0.003646431304935657,0.18016120208049044,0.27881578372365384,positive
63,1.1,rho_minus10pp,10,5,Adjusted_minus_Heston,-0.3154461316772418,0.0263905608584673,-0.3671859732296529,-0.2637062901248307,-0.4198753942673633,-0.2110168690871203,4096,-0.3030806302958335,-0.0032072838566788984,0.002570426846791578,0.008245320476390391,-0.4281207147437537,-0.2027715486107299,negative
63,1.1,rho_plus10pp,0,1,Heston_minus_BS,0.2213229477760523,0.0077542160974891,0.2061204701023534,0.2365254254497512,0.1906389818926435,0.2520069136594611,4096,0.2211905312114419,0.0013580568397718647,0.000708657559882192,0.0027470256571409607,0.18789195623550253,0.25475393931660206,positive
63,1.1,rho_plus10pp,0,1,Adjusted_minus_Heston,-0.3695385520173299,0.0155271411077839,-0.3999801870014122,-0.3390969170332475,-0.4309805162375936,-0.3080965877970661,4096,-0.3712460951482473,-0.0024497546401032323,0.001551844144542804,0.005491369163407128,-0.43647188540100074,-0.30260521863365897,negative
63,1.1,rho_plus10pp,0,5,Heston_minus_BS,0.2255961103055038,0.0089486559186224,0.2080518814496014,0.2431403391614061,0.1901856639809183,0.2610065566300893,4096,0.2199031174253692,0.0013972002459327721,0.000869051449164444,0.0031005410862950823,0.1870851228946232,0.2641070977163844,positive
63,1.1,rho_plus10pp,0,5,Adjusted_minus_Heston,-0.3761354501054405,0.01873427757151,-0.4128648155155666,-0.3394060846953144,-0.4502682736723082,-0.3020026265385728,4096,-0.3668606378667772,-0.0021901680033226106,0.0018961171741128263,0.00590655766458375,-0.45617483133689196,-0.29609606887398904,negative
63,1.1,rho_plus10pp,5,1,Heston_minus_BS,0.1878392763052186,0.0072491925052475,0.1736269193334988,0.2020516332769384,0.1591537234760545,0.2165248291343827,4096,0.1887374561448463,0.0014174644019637123,0.0006650157288234807,0.0027208952304577346,0.15643282824559676,0.21924572436484044,positive
63,1.1,rho_plus10pp,5,1,Adjusted_minus_Heston,-0.2939449079163715,0.0146464652166007,-0.3226599395397589,-0.265229876292984,-0.3519019771247257,-0.2359878387080173,4096,-0.297826048686473,-0.002562660524769866,0.0014610181839554127,0.005426256165322475,-0.3573282332900482,-0.23056158254269482,negative
63,1.1,rho_plus10pp,5,5,Heston_minus_BS,0.2038705172912367,0.0088232070852679,0.1865722363253965,0.221168798257077,0.1689564806197185,0.238784553962755,4096,0.198758008714257,0.0014113314724448374,0.0008453048270828372,0.003068128933527198,0.1658883516861913,0.2418526828962822,positive
63,1.1,rho_plus10pp,5,5,Adjusted_minus_Heston,-0.3275557578658401,0.0185665401366116,-0.3639562667446255,-0.2911552489870547,-0.4010248328777173,-0.2540866828539629,4096,-0.3194480099054326,-0.0022280222009776044,0.0018496614558674799,0.0058533586544778655,-0.4068781915321952,-0.24823332419948504,negative
63,1.1,rho_plus10pp,10,1,Heston_minus_BS,0.1571803824328023,0.0069124714521622,0.1436281817202628,0.1707325831453418,0.1298272579465162,0.1845335069190884,4096,0.1590103194130551,0.0014640594675676035,0.0006310160523629827,0.0027008509301990496,0.12712640701631714,0.18723435784928746,positive
63,1.1,rho_plus10pp,10,1,Adjusted_minus_Heston,-0.2237463337953272,0.0141762279332827,-0.2515394447872666,-0.1959532228033879,-0.2798426417639852,-0.1676500258266692,4096,-0.2296115735484613,-0.0026530304618928476,0.0013945630510928744,0.005386374042034882,-0.2852290158060201,-0.16226365178463434,negative
63,1.1,rho_plus10pp,10,5,Heston_minus_BS,0.1829879541546888,0.0087670117517848,0.1657998465825098,0.2001760617268678,0.1482962862788971,0.2176796220304805,4096,0.1784319215317075,0.0014236989575300858,0.0008250230813342533,0.003040744196945222,0.14525554208195188,0.22072036622742572,positive
63,1.1,rho_plus10pp,10,5,Adjusted_minus_Heston,-0.2806176634145005,0.0185469327315651,-0.3169797311235131,-0.2442555957054879,-0.3540091505774004,-0.2072261762516007,4096,-0.2736309447144186,-0.0022649443158922786,0.001810969834165001,0.00581444519085568,-0.35982359576825607,-0.201411731060745,negative
252,0.9,reference,0,1,Heston_minus_BS,1.2461842227155318,0.0376995817056622,1.1722725542783183,1.3200958911527452,1.097004387599781,1.3953640578312825,4096,1.2569108410707992,-6.77438228666137e-05,0.0034483205662325643,0.00682645213268244,1.0901779354670986,1.4021905099639649,positive
252,0.9,reference,0,1,Adjusted_minus_Heston,-1.5498160554276597,0.0578770978573301,-1.6632866212375887,-1.4363454896177306,-1.7788397083356675,-1.3207924025196516,4096,-1.5857109557808964,0.00349383519161688,0.005109362405144672,0.013508185505700439,-1.792347893841368,-1.3072842170139511,negative
252,0.9,reference,0,5,Heston_minus_BS,1.2861239822821542,0.0432923458251163,1.2012474567154372,1.3710005078488712,1.1148131952716207,1.4574347692926877,4096,1.329776768992479,-0.001289138750558968,0.004450226330091557,0.01001158235753842,1.1048016129140823,1.467446351650226,positive
252,0.9,reference,0,5,Adjusted_minus_Heston,-1.6025625365921146,0.0659511833995347,-1.7318626980243073,-1.473262375159922,-1.8635359007542305,-1.3415891724299986,4096,-1.6899252795505504,0.006382638631209825,0.006721579523906311,0.019556934498066194,-1.8830928352522966,-1.3220322379319325,negative
252,0.9,reference,5,1,Heston_minus_BS,1.2012225000554635,0.0367480943361453,1.1291762639598342,1.2732687361510933,1.0558077658367857,1.346637234274142,4096,1.216492497473603,0.0006382562396025537,0.0033487845384792174,0.00720187393502182,1.0486058919017638,1.3538391082091639,positive
252,0.9,reference,5,1,Adjusted_minus_Heston,-1.4481927120023952,0.055931394792458,-1.557848642389287,-1.3385367816155034,-1.6695170841950884,-1.226868339809702,4096,-1.490390391696938,0.002496502706844739,0.004943724526726297,0.012186202779228281,-1.6817032869743167,-1.2146821370304737,negative
252,0.9,reference,5,5,Heston_minus_BS,1.2239312280480807,0.0430363080164025,1.1395566757332898,1.3083057803628717,1.0536336002387694,1.394228855857392,4096,1.2714814053175747,-0.0009672300276054978,0.004410372679587125,0.009611560479596264,1.044022039759173,1.4038404163369884,positive
252,0.9,reference,5,5,Adjusted_minus_Heston,-1.490688191049351,0.0653524707626484,-1.6188145503356153,-1.3625618317630868,-1.7492924081702677,-1.2320839739284344,4096,-1.5832271015585768,0.005929960297348632,0.0066611159733598576,0.018985747605133954,-1.7682781557754017,-1.2130982263233003,negative
252,0.9,reference,10,1,Heston_minus_BS,1.1500980586852565,0.0366526172955345,1.078239009477378,1.221957107893135,1.0050611336764224,1.2951349836940906,4096,1.169923948926799,0.0013615621734392584,0.003292785591277253,0.007815421932342675,0.9972457117440797,1.3029504056264334,positive
252,0.9,reference,10,1,Adjusted_minus_Heston,-1.336479420512099,0.0552780260793773,-1.4448543931402151,-1.2281044478839829,-1.555218367814719,-1.117740473209479,4096,-1.3849309349302656,0.0014751186125938833,0.004842799562655567,0.010967005755398794,-1.5661853735701177,-1.1067734674540801,negative
252,0.9,reference,10,5,Heston_minus_BS,1.160550169473721,0.043068926347158,1.0761116675038225,1.2449886714436196,0.9901234686884324,1.3309768702590097,4096,1.212014815049562,-0.0006411569006556691,0.004380469863876405,0.009226877833853422,0.9808965908545789,1.340203748092863,positive
252,0.9,reference,10,5,Adjusted_minus_Heston,-1.3766947182486922,0.0651878832943511,-1.5044983966500414,-1.248891039847343,-1.63464765144889,-1.1187417850484942,4096,-1.4744180309431107,0.005463960913411782,0.00661512967691562,0.018429615080166398,-1.6530772665290563,-1.1003121699683278,negative
252,0.9,kappa_minus20,0,1,Heston_minus_BS,1.4880283282089153,0.0446083864917668,1.4005716477173291,1.5754850087005012,1.3115098778564018,1.6645467785614287,4096,1.4968922827446702,0.0008051354600298903,0.004087963812506301,0.00881754453254224,1.3026923333238596,1.673364323093971,positive
252,0.9,kappa_minus20,0,1,Adjusted_minus_Heston,-1.7868296639723538,0.0666299966788778,-1.9174606683413544,-1.656198659603353,-2.0504891389215176,-1.52317018902319,4096,-1.8263578194428425,0.0033270413272032348,0.00580526473930163,0.01470536021623443,-2.065194499137752,-1.5084648288069555,negative
252,0.9,kappa_minus20,0,5,Heston_minus_BS,1.538315317532298,0.0507943733246512,1.4387307409988193,1.637899894065777,1.3373184922481265,1.73931214281647,4096,1.5812667221851098,-0.0002934998519278798,0.005240820638568818,0.010565508303522762,1.3267529839446037,1.7498776511199927,positive
252,0.9,kappa_minus20,0,5,Adjusted_minus_Heston,-1.8480998951769427,0.0756022999856189,-1.9963214901340176,-1.699878300219868,-2.14726339079027,-1.5489363995636156,4096,-1.942220509884136,0.006387569306308641,0.007582134794196217,0.021248553502933226,-2.1685119442932033,-1.5276878460606824,negative
252,0.9,kappa_minus20,5,1,Heston_minus_BS,1.4307756034288983,0.0432523112964399,1.3459775672956364,1.5155736395621606,1.259623235799076,1.601927971058721,4096,1.446265485897845,0.0016441806571166348,0.00394953806201577,0.009385275258667544,1.2502379605404084,1.6113132463173887,positive
252,0.9,kappa_minus20,5,1,Adjusted_minus_Heston,-1.6701269483981638,0.0642097010034054,-1.7960128579042505,-1.544241038892077,-1.92420914706301,-1.4160447497333175,4096,-1.717381433020143,0.002179884981005819,0.005626465041447996,0.01320775646224389,-1.937416903525254,-1.4028369932710736,negative
252,0.9,kappa_minus20,5,5,Heston_minus_BS,1.4654947412853403,0.0503177674361832,1.3668445713104993,1.5641449112601813,1.2663838782490249,1.664605604321656,4096,1.513733259100655,6.1599516089526e-05,0.005186507213642964,0.010227153654829737,1.2561567245941951,1.6748327579764857,positive
252,0.9,kappa_minus20,5,5,Adjusted_minus_Heston,-1.7206337954154276,0.0747885058397025,-1.8672599115802249,-1.5740076792506303,-2.0165770516782544,-1.4246905391526008,4096,-1.820950217908233,0.005870195466644736,0.007515496200738258,0.02060056802009172,-2.037177619698346,-1.404089971132509,negative
252,0.9,kappa_minus20,10,1,Heston_minus_BS,1.3702464287944611,0.042808214041258,1.286319064631386,1.454173792957537,1.2008513845169413,1.5396414730719814,4096,1.392449669779449,0.0024901326972328816,0.0038586176496979885,0.01005302329064094,1.1907983612263005,1.5496944963626222,positive
252,0.9,kappa_minus20,10,1,Adjusted_minus_Heston,-1.5426958173450545,0.0632384473274492,-1.6666775418066977,-1.4187140928834114,-1.7929346984801215,-1.2924569362099874,4096,-1.5976429433695538,0.0010122440990395372,0.005524181759883409,0.011839640348411019,-1.8047743388285327,-1.2806172958615762,negative
252,0.9,kappa_minus20,10,5,Heston_minus_BS,1.3923360045289424,0.0501570888924166,1.2940008518225838,1.4906711572353009,1.1938609575303984,1.5908110515274865,4096,1.4458968162896313,0.00041749992524853403,0.005144349666513362,0.010500425271614724,1.1833605322587837,1.6013114767991012,positive
252,0.9,kappa_minus20,10,5,Adjusted_minus_Heston,-1.5910377098441633,0.0744668149870797,-1.7370331371110312,-1.4450422825772953,-1.8857080133000548,-1.2963674063882715,4096,-1.6975635316583042,0.005340327385991753,0.007466198441313539,0.01997407633096629,-1.9056820896310211,-1.2763933300573052,negative
252,0.9,kappa_plus20,0,1,Heston_minus_BS,1.06966685410353,0.0325005361963986,1.0059481403487012,1.1333855678583586,0.9410599992899648,1.198273708917095,4096,1.08183666062097,-0.0006146227086275425,0.0029881146751955094,0.006471327472010741,0.934588671817954,1.2047450363891057,positive
252,0.9,kappa_plus20,0,1,Adjusted_minus_Heston,-1.365455016935608,0.0511670362768258,-1.4657702153835424,-1.2651398184876734,-1.567926495126892,-1.162983538744324,4096,-1.3980412293594084,0.0035866749502753746,0.0045725134319817015,0.01254880127695951,-1.5804752964038515,-1.1504347374673645,negative
252,0.9,kappa_plus20,0,5,Heston_minus_BS,1.1020264123204346,0.0376394413526917,1.0282326516590463,1.175820172981823,0.953084556713581,1.2509682679272882,4096,1.145783256823308,-0.0019776474839966183,0.003885183853760714,0.009592607837367617,0.9434919488762135,1.2605608757646558,positive
252,0.9,kappa_plus20,0,5,Adjusted_minus_Heston,-1.412036599023716,0.0584931555492987,-1.5267149727139149,-1.2973582253335172,-1.6434980345476478,-1.1805751634997843,4096,-1.492918079771954,0.0062932187302037305,0.006041780011734941,0.018135107553204216,-1.661633142100852,-1.1624400559465802,negative
252,0.9,kappa_plus20,5,1,Heston_minus_BS,1.0345262383787155,0.031863690722929,0.97205608785327,1.096996388904161,0.9084394248607848,1.1606130518966462,4096,1.0495955192730764,-3.856522647077438e-05,0.0029198353995927503,0.005761442609672565,0.9026779822511122,1.1663744945063188,positive
252,0.9,kappa_plus20,5,1,Adjusted_minus_Heston,-1.2756713893103448,0.049558967948971,-1.372833899911482,-1.1785088787092075,-1.4717796306392896,-1.0795631479814,4096,-1.3135227689391105,0.0027235548601071864,0.004420688767708201,0.011388104844815259,-1.4831677354841049,-1.0681750431365848,negative
252,0.9,kappa_plus20,5,5,Heston_minus_BS,1.048375180190785,0.0375509041083871,0.974755000644871,1.121995359736699,0.899783672542964,1.196966687838606,4096,1.0949332413787085,-0.0016987215327729168,0.0038541580324629307,0.009252871276400261,0.8905308012665637,1.2062195591150062,positive
252,0.9,kappa_plus20,5,5,Adjusted_minus_Heston,-1.3125887107374763,0.0580408979688661,-1.42638041378517,-1.1987970076897831,-1.5422605319414,-1.082916889533553,4096,-1.3978812628154833,0.005898983802339533,0.005988804679424496,0.017637040974011545,-1.5598975729154116,-1.0652798485595414,negative
252,0.9,kappa_plus20,10,1,Heston_minus_BS,0.991129046922064,0.0320385642707072,0.9283160492058264,1.0539420446383014,0.8643502467601608,1.117907847083967,4096,1.0090528346239551,0.0005623820032875321,0.002891598379474042,0.0062299148270566545,0.8581203319331041,1.1241377619110235,positive
252,0.9,kappa_plus20,10,1,Adjusted_minus_Heston,-1.1764139191616616,0.0491159528469362,-1.2727078794008897,-1.0801199589224335,-1.3707691192926608,-0.9820587190306626,4096,-1.2194684510318794,0.0018350737525415109,0.0043247237787544645,0.010311532358900262,-1.381080651651561,-0.9717471866717623,negative
252,0.9,kappa_plus20,10,5,Heston_minus_BS,0.9929195316664516,0.0377293550839538,0.9189494912270836,1.0668895721058194,0.8436218812470972,1.1422171820858058,4096,1.0422831925508296,-0.00141183385657394,0.0038316104117329377,0.008921790263570498,0.8347000909835267,1.1511389723493763,positive
252,0.9,kappa_plus20,10,5,Adjusted_minus_Heston,-1.2110734424904552,0.057976158808646,-1.3247382216008368,-1.0974086633800737,-1.4404890863892146,-0.981657798591696,4096,-1.3007816381637338,0.005490834723664683,0.00594835134779973,0.017149603365352154,-1.4576386897545668,-0.9645081952263438,negative
252,0.9,theta_minus20,0,1,Heston_minus_BS,1.5250905246927615,0.0474986157352276,1.4319674241539175,1.618213625231606,1.337135238638662,1.7130458107468616,4096,1.513202950799058,0.0019477871793969902,0.004504710476973035,0.010777019714264138,1.3263582189243979,1.7238228304611256,positive
252,0.9,theta_minus20,0,1,Adjusted_minus_Heston,-1.8797153279603105,0.0610699048617779,-1.9994455306685797,-1.7599851252520409,-2.1213731375599933,-1.6380575183606272,4096,-1.9026252077447603,0.003252107991934398,0.005380128775708491,0.01379716039232304,-2.1351702979523166,-1.6242603579683041,negative
252,0.9,theta_minus20,0,5,Heston_minus_BS,1.5851911218505168,0.0535536334134138,1.480196895989761,1.6901853477112727,1.373275714808679,1.797106528892355,4096,1.6125440071451589,0.0005689935142103083,0.005672646210558986,0.01168738008690592,1.361588334721773,1.8087939089792608,positive
252,0.9,theta_minus20,0,5,Adjusted_minus_Heston,-1.946158019694763,0.0693636869915224,-2.082148542733645,-1.8101674966558816,-2.2206348950406163,-1.67168114434891,4096,-2.0228985945317586,0.005989581887405639,0.007072420822123488,0.019851526698767677,-2.240486421739384,-1.6518296176501421,negative
252,0.9,theta_minus20,5,1,Heston_minus_BS,1.4747724131646431,0.0454883915263234,1.3855904445559355,1.5639543817733506,1.294771722425986,1.6547731039033002,4096,1.4697468046202198,0.003022459272247681,0.004373684681501423,0.01159488124799047,1.2831768411779956,1.6663679851512907,positive
252,0.9,theta_minus20,5,1,Adjusted_minus_Heston,-1.7804159021044803,0.0586950541180053,-1.895490106713566,-1.6653416974953952,-2.012676264137065,-1.5481555400718965,4096,-1.8095423821291268,0.002186167309100077,0.005239654325640611,0.012455889787355673,-2.0251321539244205,-1.5356996502845408,negative
252,0.9,theta_minus20,5,5,Heston_minus_BS,1.512879605061336,0.052696333489723,1.4095661529610373,1.6161930571616347,1.304356592721897,1.721402617400775,4096,1.5462862762348768,0.0010243634268017217,0.005614091393616175,0.012027982558289425,1.2923286101636076,1.7334305999590645,positive
252,0.9,theta_minus20,5,5,Adjusted_minus_Heston,-1.8329289853150823,0.0685218955438938,-1.967269139634858,-1.6985888309953066,-2.1040748340638893,-1.561783136566275,4096,-1.9148663766897975,0.005487329358874854,0.0070202158825253946,0.019246952488624628,-2.123321786552514,-1.5425361840776504,negative
252,0.9,theta_minus20,10,1,Heston_minus_BS,1.4254373702429108,0.0444647462954421,1.3382623025991252,1.5126124378866963,1.2494873140166511,1.6013874264691703,4096,1.427441975785293,0.004113586113219273,0.004299343918568206,0.012540300193612956,1.2369470138230383,1.6139277266627832,positive
252,0.9,theta_minus20,10,1,Adjusted_minus_Heston,-1.6699465405721412,0.0577112803573131,-1.783092013966509,-1.5568010671777734,-1.8983140422394016,-1.4415790389048808,4096,-1.7052321787967355,0.0011011367383639958,0.0051787835646620655,0.011251552525101644,-1.9095655947645032,-1.4303274863797792,negative
252,0.9,theta_minus20,10,5,Heston_minus_BS,1.4413530827751146,0.0521914249306173,1.3390295258493323,1.543676639700897,1.234828028295898,1.6478781372543314,4096,1.4808779203774511,0.0014818917308600603,0.005569969711330889,0.012399032365068603,1.2224289959308294,1.6602771696194,positive
252,0.9,theta_minus20,10,5,Adjusted_minus_Heston,-1.717365374147616,0.0681429039980036,-1.8509624990699027,-1.583768249225329,-1.9870115273091455,-1.4477192209860863,4096,-1.804506515920926,0.004972822955546789,0.0069852688929806905,0.018663949985788943,-2.0056754772949343,-1.4290552710002973,negative
252,0.9,theta_plus20,0,1,Heston_minus_BS,1.0843343653235094,0.0318755220872454,1.0218410188941056,1.146827711752913,0.9582007342840554,1.2104679963629632,4096,1.1142522031984436,-0.0015777113577821935,0.002760858813667534,0.00698899463257056,0.9512117396514849,1.2174569909955337,positive
252,0.9,theta_plus20,0,1,Adjusted_minus_Heston,-1.2868982381798786,0.0558596042145103,-1.3964134200185343,-1.1773830563412229,-1.5079385301229629,-1.0658579462367943,4096,-1.333175954715637,0.00372461430475324,0.004941997283139963,0.013410928979707566,-1.5213494591026704,-1.0524470172570868,negative
252,0.9,theta_plus20,0,5,Heston_minus_BS,1.1097231027305463,0.0372944120614682,1.0366057869903018,1.1828404184707912,0.9621465517357356,1.2572996537253571,4096,1.1669184664920371,-0.002672529746779447,0.003729661209400041,0.009982665717203527,0.9521638860185321,1.2672823194425606,positive
252,0.9,theta_plus20,0,5,Adjusted_minus_Heston,-1.329371332591086,0.0637197265445791,-1.4542966258753212,-1.2044460393068506,-1.5815146686566248,-1.077227996525547,4096,-1.4250778000843205,0.006697807126115549,0.006479927504915495,0.01939846503574992,-1.6009131336923748,-1.057829531489797,negative
252,0.9,theta_plus20,5,1,Heston_minus_BS,1.0459518135797723,0.031854915289421,0.9834988676731186,1.1084047594864266,0.9198997250551856,1.1720039021043591,4096,1.0785699782323612,-0.001219697710148584,0.0026973824012685036,0.00650656721663485,0.9133931578385507,1.178510469320994,positive
252,0.9,theta_plus20,5,1,Adjusted_minus_Heston,-1.1842703571605713,0.0543444011951728,-1.2908149176258996,-1.077725796695243,-1.3993148866478162,-0.9692258276733264,4096,-1.2368770468575128,0.002804719891659515,0.004767336663658611,0.012148699752430391,-1.4114635864002467,-0.957077127920896,negative
252,0.9,theta_plus20,5,5,Heston_minus_BS,1.056989013781909,0.0375447403368417,0.983380918578,1.1305971089858171,0.9084218966016008,1.2055561309622167,4096,1.1163103528959275,-0.002491381091076936,0.0037142552347769753,0.009771321351239808,0.898650575250361,1.2153274523134565,positive
252,0.9,theta_plus20,5,5,Adjusted_minus_Heston,-1.21915503128015,0.063355551719075,-1.3433663439911792,-1.0949437185691209,-1.4698573025390242,-0.9684527600212756,4096,-1.3199905248571535,0.006293133140715612,0.00641876921023793,0.018873920792781954,-1.4887312233318062,-0.9495788392284936,negative
252,0.9,theta_plus20,10,1,Heston_minus_BS,0.9953965572019592,0.0325524709041726,0.9315760231953476,1.0592170912085708,0.8665841931813423,1.124208921222576,4096,1.0306050425845374,-0.0008466264696660778,0.0026686612816904944,0.006077202581779446,0.8605069905995628,1.1302861238043556,positive
252,0.9,theta_plus20,10,1,Adjusted_minus_Heston,-1.072413944480966,0.0540272546768996,-1.178336725413364,-0.966491163548568,-1.2862035034045345,-0.8586243855573976,4096,-1.131305352538989,0.0018594866033977153,0.004645580063251349,0.010964823527370361,-1.2971683269319048,-0.8476595620300272,negative
252,0.9,theta_plus20,10,5,Heston_minus_BS,1.001416671332748,0.0380230512050841,0.9268708268832518,1.075962515782244,0.8509568451824686,1.1518764974830271,4096,1.0628446790129058,-0.0023036105280397423,0.003706405370176004,0.00956816505358471,0.8413886801288839,1.1614446625366117,positive
252,0.9,theta_plus20,10,5,Adjusted_minus_Heston,-1.1069901846903654,0.0633974798250201,-1.2312836992753835,-0.982696670105347,-1.3578583683453094,-0.8561220010354214,4096,-1.2129648957157435,0.005874071551277077,0.006370082215479933,0.018359432693617745,-1.3762178010389272,-0.8377625683418036,negative
252,0.9,xi_minus20,0,1,Heston_minus_BS,1.0046061148668248,0.0311702184510756,0.9434955468701144,1.0657166828635352,0.8812634187765127,1.127948810957137,4096,1.0212227832033114,-0.0007003819512324942,0.0025637049875048526,0.005725243726742005,0.8755381750497707,1.133674054683879,positive
252,0.9,xi_minus20,0,1,Adjusted_minus_Heston,-1.2474714906337454,0.0470329810457346,-1.3396816941263736,-1.1552612871411172,-1.4335842282281548,-1.061358753039336,4096,-1.277893481167967,0.00298550887726357,0.004111908845847011,0.011044850215123712,-1.4446290784432785,-1.0503139028242123,negative
252,0.9,xi_minus20,0,5,Heston_minus_BS,1.0319262476994626,0.0356689044320893,0.9619958103146024,1.101856685084323,0.8907819420813619,1.1730705533175634,4096,1.0731534874510154,-0.0018965650560873119,0.003340785112875289,0.008444503877322878,0.882337438204039,1.1815150571948863,positive
252,0.9,xi_minus20,0,5,Adjusted_minus_Heston,-1.2881915575605296,0.053483201604979,-1.3930476987997342,-1.183335416321325,-1.4998282610970808,-1.0765548540239784,4096,-1.3578826086524514,0.005491903095106449,0.0054089157710386195,0.016093378006342144,-1.515921639103423,-1.0604614760176363,negative
252,0.9,xi_minus20,5,1,Heston_minus_BS,0.9564232148945492,0.0304447497835051,0.8967349597510075,1.0161114700380909,0.8359512481681532,1.0768951816209449,4096,0.9774514986807372,-0.00022266041395635093,0.0024885561631649024,0.00510023049375956,0.8308510176743937,1.0819954121147044,positive
252,0.9,xi_minus20,5,1,Adjusted_minus_Heston,-1.1625807912052744,0.0455232818227376,-1.2518311637565076,-1.073330418654041,-1.3427195452441252,-0.9824420371664234,4096,-1.1980935271127071,0.0021867610306194295,0.003965395130272188,0.009958935485952919,-1.352678480730078,-0.9724831016804705,negative
252,0.9,xi_minus20,5,5,Heston_minus_BS,0.9744280804219276,0.0354819257240884,0.9048642229205917,1.0439919379232636,0.8340236623985355,1.1148324984453195,4096,1.0191310353707133,-0.0016749604334665973,0.0033149931482012365,0.008172347003941021,0.8258513153945946,1.1230048454492605,positive
252,0.9,xi_minus20,5,5,Adjusted_minus_Heston,-1.196920500599111,0.0530228463412586,-1.300874095335782,-1.09296690586244,-1.406735546726499,-0.987105454471723,4096,-1.2707560054197002,0.005115089249268765,0.005357574211604706,0.01561593470401399,-1.422351481430513,-0.971489519767709,negative
252,0.9,xi_minus20,10,1,Heston_minus_BS,0.9029995544576278,0.0303996690081082,0.8433996821335573,0.9625994267816984,0.7827059754569394,1.0232931334583162,4096,0.9284499607518104,0.00027407655443327625,0.0024442494834902195,0.0050648055420741064,0.7776411699148653,1.0283579390003903,positive
252,0.9,xi_minus20,10,1,Adjusted_minus_Heston,-1.0692431696091405,0.0450288438299395,-1.157524174986176,-0.980962164232105,-1.247425398538072,-0.891060940680209,4096,-1.1098137441201823,0.0013689138579700195,0.003867511788777825,0.008949236963974556,-1.2563746355020466,-0.8821117037162345,negative
252,0.9,xi_minus20,10,5,Heston_minus_BS,0.91591562020001,0.0355296149674976,0.8462582658642953,0.9855729745357248,0.7753224925637601,1.05650874783626,4096,0.9641113181995528,-0.0014490731757042209,0.0032966261217220578,0.007910460374279454,0.7674120321894806,1.0644192082105395,positive
252,0.9,xi_minus20,10,5,Adjusted_minus_Heston,-1.1038733822687818,0.0529047133101691,-1.2075953720636914,-1.0001513924738723,-1.3132209678753275,-0.894525796662236,4096,-1.181862090527587,0.004728579229775167,0.005317543643560204,0.015150964771153169,-1.3283719326464807,-0.8793748318910828,negative
252,0.9,xi_plus20,0,1,Heston_minus_BS,1.5137580034649436,0.0445461879692999,1.426423265879933,1.6010927410499542,1.33748567693944,1.6900303299904471,4096,1.516330685468411,0.0009123636998707788,0.004427119099369679,0.00958951713463535,1.3278961598048047,1.6996198471250825,positive
252,0.9,xi_plus20,0,1,Adjusted_minus_Heston,-1.84021226437829,0.0685023329135856,-1.9745140653111133,-1.705910463445467,-2.1112807024548355,-1.569143826301745,4096,-1.8792362596845975,0.003908842533319655,0.006123074209141288,0.01591006798323658,-2.127190770438072,-1.5532337583185083,negative
252,0.9,xi_plus20,0,5,Heston_minus_BS,1.567728205306575,0.05135863297924,1.4670373731963613,1.6684190374167889,1.3644985657993909,1.7709578448137595,4096,1.6121560360996887,-0.00032637988759202756,0.005640786744596296,0.011382321907000767,1.35311624389239,1.7823401667207603,positive
252,0.9,xi_plus20,0,5,Adjusted_minus_Heston,-1.9060555133268888,0.0781710388257641,-2.059313232422871,-1.7527977942309063,-2.2153836850265485,-1.5967273416272292,4096,-2.0094290898748355,0.007132895935950284,0.008038561772433766,0.022888477009920465,-2.238272162036469,-1.5738388646173087,negative
252,0.9,xi_plus20,5,1,Heston_minus_BS,1.4746461959466282,0.0433800131640235,1.389597794751776,1.5596945971414802,1.30298850325249,1.6463038886407664,4096,1.4818586200971096,0.0018447561175942316,0.0043119139690436835,0.010296107496919851,1.29269239575557,1.6565999961376863,positive
252,0.9,xi_plus20,5,1,Adjusted_minus_Heston,-1.724064014597807,0.0660946630903568,-1.853645474199786,-1.594482554995828,-1.985605137754874,-1.46252289144074,4096,-1.77049198631473,0.002732848954283249,0.005952981893733292,0.014400693466000501,-2.0000058312208746,-1.4481221979747394,negative
252,0.9,xi_plus20,5,5,Heston_minus_BS,1.5021133663884465,0.051040622303549,1.4020460080293389,1.602180724747554,1.3001421169752163,1.7040846158016767,4096,1.5508801161735517,9.13754235693739e-05,0.0055881431347701745,0.011044135967718915,1.2890979810074974,1.7151287517693956,positive
252,0.9,xi_plus20,5,5,Adjusted_minus_Heston,-1.7747769310921149,0.0774202008503304,-1.9265625997042588,-1.6229912624799705,-2.0811339853335395,-1.4684198768506898,4096,-1.8843065087203463,0.006604814763664098,0.007973953954434065,0.022233764514354867,-2.1033677498478944,-1.4461861123363349,negative
252,0.9,xi_plus20,10,1,Heston_minus_BS,1.4288804323806157,0.0432607146340847,1.3440659211386743,1.513694943622557,1.2576948121663465,1.6000660525948849,4096,1.440754058842973,0.002790607676201026,0.004255478198009647,0.011131344944299935,1.2465634672220465,1.611197397539185,positive
252,0.9,xi_plus20,10,1,Adjusted_minus_Heston,-1.596311651180939,0.0652621976361246,-1.724261026079193,-1.468362276282685,-1.8545586513376104,-1.3380646510242675,4096,-1.650073638643745,0.0015291216673537257,0.005866153881157372,0.013026783274422174,-1.8675854346120326,-1.3250378677498453,negative
252,0.9,xi_plus20,10,5,Heston_minus_BS,1.435240209246606,0.0510688879226209,1.3351174349128248,1.5353629835803877,1.2331571108366015,1.6373233076566107,4096,1.4883653057498232,0.0005130395016981109,0.005548721939815439,0.01138853450373637,1.2217685763328652,1.648711842160347,positive
252,0.9,xi_plus20,10,5,Adjusted_minus_Heston,-1.6410617639317784,0.0771966396103841,-1.792409131016565,-1.4897143968469917,-1.9465341709860315,-1.3355893568775252,4096,-1.7567532757613518,0.006060542428140201,0.00792732500315207,0.021598099434318258,-1.9681322704203499,-1.3139912574432069,negative
252,0.9,rho_minus10pp,0,1,Heston_minus_BS,1.4608805476673186,0.0417617995193177,1.3790047246538872,1.54275637068075,1.295626237551375,1.6261348577832622,4096,1.4737151275509228,-0.0005154303536188337,0.004009870073196598,0.008374775697084166,1.2872514618542907,1.6345096334803464,positive
252,0.9,rho_minus10pp,0,1,Adjusted_minus_Heston,-1.7466800159313167,0.0675827514543569,-1.879178937446374,-1.6141810944162591,-2.014109606990028,-1.4792504248726053,4096,-1.7912664808465333,0.003919436178134039,0.006046122050984131,0.015769835398062936,-2.029879442388091,-1.4634805894745424,negative
252,0.9,rho_minus10pp,0,5,Heston_minus_BS,1.506884015588596,0.0484646649173541,1.4118669336416596,1.6019010975355326,1.3151060065443974,1.6986620246327948,4096,1.5588922683135125,-0.001288239248664565,0.005229464119278765,0.011537988922450945,1.3035680176219464,1.7102000135552458,positive
252,0.9,rho_minus10pp,0,5,Adjusted_minus_Heston,-1.8069558064330895,0.0771660342379857,-1.958243170355115,-1.655668442511064,-2.112307105925893,-1.501604506940286,4096,-1.91437160797176,0.00703633872944168,0.00791910081093364,0.022557776318871615,-2.1348648822447647,-1.4790467306214143,negative
252,0.9,rho_minus10pp,5,1,Heston_minus_BS,1.417878433878606,0.0410030286480878,1.337490214136002,1.4982666536212104,1.2556266322346257,1.5801302355225868,4096,1.4350128385251075,0.00029539326396789975,0.003907494218746916,0.007954081932711854,1.247672550301914,1.5880843174552988,positive
252,0.9,rho_minus10pp,5,1,Adjusted_minus_Heston,-1.6280557049876665,0.06538499896598,-1.7562458372303065,-1.499865572745026,-1.8867886384441517,-1.369322771531181,4096,-1.6802498381362778,0.00270521502053189,0.005862276453415475,0.014195276869226222,-1.9009839153133778,-1.355127494661955,negative
252,0.9,rho_minus10pp,5,5,Heston_minus_BS,1.4416788500462077,0.0483659382922295,1.3468553259386953,1.53650237415372,1.2502915090410502,1.633066191051365,4096,1.4975167543901442,-0.0009102395480503514,0.005188829477404195,0.011080345323762574,1.2392111637172876,1.6441465363751278,positive
252,0.9,rho_minus10pp,5,5,Adjusted_minus_Heston,-1.675614622701625,0.0765225497263851,-1.825640407271465,-1.5255888381317857,-1.9784196097687472,-1.3728096356345034,4096,-1.7892702621821908,0.006480509749004,0.007850338167776248,0.021867172557845448,-2.000286782326593,-1.350942463076658,negative
252,0.9,rho_minus10pp,10,1,Heston_minus_BS,1.36638447789758,0.0412445574743397,1.2855227303937573,1.447246225401403,1.203176930092879,1.529592025702281,4096,1.3877788096901522,0.0011263674635136481,0.00385873420441391,0.008689486504164911,1.194487443588714,1.538281512206446,positive
252,0.9,rho_minus10pp,10,1,Adjusted_minus_Heston,-1.4981945938101944,0.0647228690797119,-1.6250865916332458,-1.371302595987143,-1.7543074338123308,-1.242081753808058,4096,-1.5579419281113742,0.001458770314365936,0.005755194398413539,0.012738951335256472,-1.7670463851475873,-1.2293428024728015,negative
252,0.9,rho_minus10pp,10,5,Heston_minus_BS,1.3747200611607586,0.048591877606947,1.279453573206944,1.4699865491145734,1.1824386627631644,1.5670014595583528,4096,1.434387668777796,-0.0005269197802719667,0.005159533678987705,0.010639605791087869,1.1717990569720766,1.5776410653494406,positive
252,0.9,rho_minus10pp,10,5,Adjusted_minus_Heston,-1.5419199034414994,0.0763939881792738,-1.6916936375106717,-1.3921461693723272,-1.8442161636333465,-1.2396236432496524,4096,-1.6618251977250886,0.005908380637712584,0.007798463053222,0.021193368222027706,-1.8654095318553743,-1.2184302750276246,negative
252,0.9,rho_plus10pp,0,1,Heston_minus_BS,1.0536363460939904,0.033888049575656,0.9871973520548722,1.1200753401331085,0.9195390055038306,1.18773368668415,4096,1.0627114647026965,0.00035470138406576077,0.0029404910995891697,0.006118063939260533,0.9134209415645701,1.1938517506234105,positive
252,0.9,rho_plus10pp,0,1,Adjusted_minus_Heston,-1.3301422651010069,0.0481097341235671,-1.4244634898006836,-1.23582104040133,-1.5205157886071952,-1.1397687415948186,4096,-1.3582037270156615,0.002993600563336147,0.004195914848332984,0.011217593666068795,-1.531733382273264,-1.1285511479287498,negative
252,0.9,rho_plus10pp,0,5,Heston_minus_BS,1.087460141585446,0.0384921539819843,1.0119946007536416,1.1629256824172505,0.9351440435153162,1.2397762396555756,4096,1.123815932948063,-0.0012041996542737146,0.0037455580713262582,0.008545493474073181,0.926598550041243,1.2483217331296488,positive
252,0.9,rho_plus10pp,0,5,Adjusted_minus_Heston,-1.3747284841507692,0.0547089795237848,-1.481987816274684,-1.2674691520268544,-1.5912156751342013,-1.1582412931673371,4096,-1.4437033883571773,0.00554466601710802,0.00553846333789843,0.016400054159388944,-1.6076157292935902,-1.1418412390079482,negative
252,0.9,rho_plus10pp,5,1,Heston_minus_BS,1.007563514014722,0.0328132939503266,0.9432316250902064,1.0718954029392378,0.8777190552795425,1.1374079727499018,4096,1.0214095763207651,0.0009742502510243559,0.002849216990573676,0.006558715552548761,0.8711603397269938,1.1439666883024506,positive
252,0.9,rho_plus10pp,5,1,Adjusted_minus_Heston,-1.245867972944242,0.0464671999903074,-1.3369689380876686,-1.1547670078008156,-1.4297418760279874,-1.0619940698604968,4096,-1.2789796393216075,0.0021907725313092593,0.004053630405711811,0.010135888126504409,-1.4398777641544918,-1.0518581817339925,negative
252,0.9,rho_plus10pp,5,5,Heston_minus_BS,1.0286228212109834,0.0381130691694075,0.9539004926300608,1.1033451497919058,0.877806787790818,1.1794388546311487,4096,1.0689445835497968,-0.0009279869727680893,0.003709293222192995,0.00819820168826636,0.8696085861025517,1.1876370563194152,positive
252,0.9,rho_plus10pp,5,5,Adjusted_minus_Heston,-1.282426793159278,0.0541850192966452,-1.38865887848547,-1.176194707833086,-1.4968406375230536,-1.068012948795502,4096,-1.3555597034379008,0.005169323154132809,0.005488167106045219,0.01592613068198144,-1.512766768205035,-1.0520868181135206,negative
252,0.9,rho_plus10pp,10,1,Heston_minus_BS,0.957703722052642,0.0324588880430553,0.8940666613125593,1.0213407827927246,0.8292616718434659,1.0861457722618175,4096,0.9763823851876536,0.0016103929480085954,0.0027931431516655856,0.007084953525273143,0.8221767183181927,1.0932307257870906,positive
252,0.9,rho_plus10pp,10,1,Adjusted_minus_Heston,-1.1528139562335509,0.0458788844439062,-1.2427615031788244,-1.0628664092882774,-1.3343598542775217,-0.97126805818958,4096,-1.1909334209877454,0.0013716841692398799,0.0039646714236282205,0.009142440159551192,-1.343502294437073,-0.9621256180300287,negative
252,0.9,rho_plus10pp,10,5,Heston_minus_BS,0.9691694272362764,0.0379879040005122,0.8946924904089152,1.0436463640636378,0.818848680989423,1.11949017348313,4096,1.0134901777198675,-0.0006481814185072933,0.0036820023352984016,0.00786490599569216,0.8109837749937309,1.127355079478822,positive
252,0.9,rho_plus10pp,10,5,Adjusted_minus_Heston,-1.1882750555940234,0.05401552774156,-1.2941748453600106,-1.082375265828036,-1.402018210228705,-0.9745319009593416,4096,-1.2655723710512468,0.004784855247384181,0.005449926163173459,0.01546671052720416,-1.4174849207559093,-0.9590651904321374,negative
252,1.0,reference,0,1,Heston_minus_BS,2.1970775412749095,0.0534228388971013,2.09233974374799,2.301815338801829,1.9856796971209012,2.408475385428918,4096,2.155833366363149,-0.0012397513039698166,0.004418113078757896,0.009899252938335292,1.975780444182566,2.4183746383672533,positive
252,1.0,reference,0,1,Adjusted_minus_Heston,-2.9497594356137276,0.0849620320682462,-3.1163311921124723,-2.7831876791149828,-3.285960034177304,-2.6135588370501512,4096,-2.9013835224645024,0.002851409516494613,0.007418725888372309,0.01739211225770434,-3.3033521464350084,-2.5961667247924467,negative
252,1.0,reference,0,5,Heston_minus_BS,2.234487270969308,0.0571945938826333,2.122354783864833,2.346619758073783,2.0081643331834473,2.4608102087551686,4096,2.2236937031100945,0.00024568028227122795,0.004955523702802948,0.009958506739765005,1.9982058264436824,2.4707687154949336,positive
252,1.0,reference,0,5,Adjusted_minus_Heston,-2.997793631593838,0.0916741938283804,-3.17752487294802,-2.8180623902396555,-3.3605547154292355,-2.63503254775844,4096,-3.000867425061271,0.0022346267848034275,0.008122177047205213,0.018154093797325646,-3.378708809226561,-2.6168784539611147,negative
252,1.0,reference,5,1,Heston_minus_BS,2.0532451480006624,0.0510483880720935,1.9531625645148067,2.153327731486518,1.8512431689077224,2.255247127093602,4096,2.022442281237371,-0.00054125496365847,0.004254037787939099,0.008879169028019104,1.8423639998797035,2.264126296121621,positive
252,1.0,reference,5,1,Adjusted_minus_Heston,-2.666853870104939,0.081092357019222,-2.8258389604858403,-2.5078687797240375,-2.9877418986174193,-2.3459658415924585,4096,-2.6348639308960493,0.002060328604552353,0.007106185497208078,0.015988452179080185,-3.0037303507964994,-2.3299773894133784,negative
252,1.0,reference,5,5,Heston_minus_BS,2.1193454695941965,0.0560163184443865,2.009523042696738,2.229167896491655,1.8976850486757892,2.3410058905126037,4096,2.1159385926468475,0.0007165285324942593,0.004892596409821691,0.010306017495744774,1.8873790311800445,2.3513119080083484,positive
252,1.0,reference,5,5,Adjusted_minus_Heston,-2.7865427966156515,0.0898991747008017,-2.962794035824144,-2.610291557407159,-3.142280007803154,-2.430805585428149,4096,-2.8009038321032147,0.0016213228688387502,0.007998409475078697,0.017298205439992994,-3.159578213243147,-2.413507379988156,negative
252,1.0,reference,10,1,Heston_minus_BS,1.9116422077545416,0.0494174007346882,1.8147572458298151,2.0085271696792675,1.716094157619478,2.107190257889605,4096,1.8916785325394128,0.00019095136426335252,0.004126302799029023,0.008278504850360236,1.7078156527691177,2.1154687627399653,positive
252,1.0,reference,10,1,Adjusted_minus_Heston,-2.384367910444088,0.0785011566397318,-2.5382728398619703,-2.230462981026206,-2.695002381015734,-2.073733439872442,4096,-2.3692625923735795,0.0012597431603892798,0.006851479134877028,0.014688642264748253,-2.7096910232804823,-2.0590447976076938,negative
252,1.0,reference,10,5,Heston_minus_BS,2.005349130347068,0.055117145919059,1.8972895702654464,2.1134086904286895,1.7872467968927674,2.2234514638013687,4096,2.009446033763083,0.0011936748864281943,0.004838323562343772,0.010676789068621986,1.7765700078241455,2.234128252869991,positive
252,1.0,reference,10,5,Adjusted_minus_Heston,-2.5761969550634545,0.0885874303403674,-2.7498764624421415,-2.4025174476847675,-2.92674350368787,-2.2256504064390388,4096,-2.602002171870934,0.0010092615358914202,0.00788732970587085,0.016468427759398285,-2.9432119314472684,-2.2091819786796405,negative
252,1.0,kappa_minus20,0,1,Heston_minus_BS,2.46939428888432,0.0625378136852847,2.3467861871291547,2.592002390639485,2.221927863211244,2.716860714557396,4096,2.423973415580204,-0.0029486592034030546,0.00513620460143374,0.013015620222213184,2.2089122429890304,2.7298763347796093,positive
252,1.0,kappa_minus20,0,1,Adjusted_minus_Heston,-3.2943020711943807,0.0985535593109747,-3.48752060756891,-3.101083534819852,-3.684285276919801,-2.9043188654689605,4096,-3.2388344357003653,0.0034088236753235567,0.008234060851300224,0.019547582943871995,-3.703832859863673,-2.8847712825250884,negative
252,1.0,kappa_minus20,0,5,Heston_minus_BS,2.5140833612461,0.0666121784001233,2.3834872903870177,2.6446794321051823,2.2504943944502465,2.7776723280419535,4096,2.4974786841374095,-0.0006442915089212254,0.005805704904862241,0.012023473122451216,2.2384709213277953,2.7896958011644046,positive
252,1.0,kappa_minus20,0,5,Adjusted_minus_Heston,-3.348693933628476,0.1060854054090922,-3.556678981628267,-3.1407088856286856,-3.768481171870937,-2.928906695386016,4096,-3.3475651517768155,0.002007958968077846,0.009128250202482395,0.01989932936494334,-3.7883805012358804,-2.9090073660210725,negative
252,1.0,kappa_minus20,5,1,Heston_minus_BS,2.3037154486118476,0.0595020136754776,2.1870591647181747,2.4203717325055205,2.0682618921648355,2.53916900505886,4096,2.271519932852109,-0.002002736151106183,0.004933653479805499,0.011672696971524961,2.0565891951933106,2.5508417020303846,positive
252,1.0,kappa_minus20,5,1,Adjusted_minus_Heston,-2.963925763513595,0.0938445530677478,-3.147912088484943,-2.779939438542247,-3.335275107982721,-2.592576419044469,4096,-2.928070284651195,0.002386267283857018,0.00788387797492085,0.017838668114701882,-3.3531137760974232,-2.574737750929767,negative
252,1.0,kappa_minus20,5,5,Heston_minus_BS,2.384819184840452,0.0650378374561926,2.257309677826121,2.5123286918547834,2.12745999333137,2.642178376349534,4096,2.3772050565540677,-6.22817847261304e-05,0.005728298388277865,0.011289746625750746,2.1161702467056194,2.653468122975285,positive
252,1.0,kappa_minus20,5,5,Adjusted_minus_Heston,-3.1046453540917143,0.1038717128200196,-3.3082903615588837,-2.901000346624545,-3.515672858658265,-2.6936178495251637,4096,-3.11682161954534,0.0013191634697459547,0.008985837863965167,0.018931405683117682,-3.5346042643413824,-2.674686443842046,negative
252,1.0,kappa_minus20,10,1,Heston_minus_BS,2.1464795242710046,0.0572394506818806,2.034259093462034,2.258699955079975,1.9199790850484495,2.3729799634935596,4096,2.128016525820941,-0.0010048301294479775,0.004772412791772961,0.010358759201322981,1.9096203258471265,2.3833387226948823,positive
252,1.0,kappa_minus20,10,1,Adjusted_minus_Heston,-2.6353551545257483,0.0905612842829428,-2.8129044883467063,-2.4578058207047904,-2.9937123788227735,-2.276997930228723,4096,-2.6197034479254904,0.0013498311348701811,0.007608961211557584,0.016263395109523047,-3.0099757739322968,-2.2607345351192,negative
252,1.0,kappa_minus20,10,5,Heston_minus_BS,2.2583157226000248,0.0637586562488449,2.13331410593861,2.38331733926144,2.006018339019879,2.51061310618017,4096,2.2598316343202174,0.0005288565005477416,0.005661169496188094,0.011624748713076406,1.9943935903068024,2.5222378548932465,positive
252,1.0,kappa_minus20,10,5,Adjusted_minus_Heston,-2.8620673395798395,0.1021769893693054,-3.062389768065631,-2.661744911094048,-3.266388707008896,-2.457745972150783,4096,-2.8877271644133824,0.000626223873929705,0.008859867449623424,0.017991564075191615,-3.2843802710840877,-2.4397544080755913,negative
252,1.0,kappa_plus20,0,1,Heston_minus_BS,1.9937952899944056,0.046821783431712,1.9019991486031624,2.0855914313856494,1.8085182758698937,2.179072304118918,4096,1.9554111985675968,5.392357547748987e-05,0.004003081294146162,0.007899962912003967,1.8006183129578897,2.186972267030922,positive
252,1.0,kappa_plus20,0,1,Adjusted_minus_Heston,-2.6585605268339285,0.0747317778841742,-2.805075425376396,-2.512045628291461,-2.954279306679,-2.362841746988857,4096,-2.615370608028594,0.0024202657453002477,0.006785969143254118,0.015720765266078317,-2.9700000719450785,-2.3471209817227785,negative
252,1.0,kappa_plus20,0,5,Heston_minus_BS,2.025890719478723,0.0503965130880427,1.927086165230959,2.1246952737264864,1.826468254487452,2.225313184469994,4096,2.0193786612097906,0.0008817072561618489,0.004430806448358427,0.009566087894944366,1.8169021665925076,2.234879272364938,positive
252,1.0,kappa_plus20,0,5,Adjusted_minus_Heston,-2.7012080292502096,0.0807657495805302,-2.859552791552508,-2.542863266947911,-3.020803649686865,-2.381612408813554,4096,-2.706471369185106,0.002352832657653872,0.00735621126479995,0.016771006736661775,-3.037574656423527,-2.3648414020768924,negative
252,1.0,kappa_plus20,5,1,Heston_minus_BS,1.8673418008762717,0.044939074267975,1.7792367926270418,1.9554468091255015,1.6895147962720245,2.045168805480519,4096,1.8372953478079024,0.0005927134969176029,0.0038731423450808016,0.008184072493275974,1.6813307237787485,2.053352877973795,positive
252,1.0,kappa_plus20,5,1,Adjusted_minus_Heston,-2.411943897216023,0.0714639847231419,-2.55205214524111,-2.2718356491909364,-2.6947317949955796,-2.129155999436467,4096,-2.3827881419905035,0.001777935992065298,0.006509189587574019,0.014535947583710376,-2.70926774257929,-2.1146200518527563,negative
252,1.0,kappa_plus20,5,5,Heston_minus_BS,1.922113115332696,0.0495124323385231,1.825041839818378,2.0191843908470144,1.7261890186117168,2.1180372120536757,4096,1.921760181317902,0.0012750961253055445,0.004376581643333367,0.009853196146238943,1.716335822465478,2.1278904081999146,positive
252,1.0,kappa_plus20,5,5,Adjusted_minus_Heston,-2.5153944663687926,0.0792990006975289,-2.6708636037379696,-2.3599253289996156,-2.8291860606963337,-2.2016028720412515,4096,-2.530465279516883,0.0018331548527755603,0.007246561830890247,0.016036416041320445,-2.8452224767376544,-2.185566455999931,negative
252,1.0,kappa_plus20,10,1,Heston_minus_BS,1.7386223290309366,0.043772534275955,1.6528043731363482,1.824440284925525,1.565411403327091,1.9118332547347825,4096,1.717231569880993,0.0011506927144771398,0.0037734894313869913,0.008546731999995644,1.5568646713270953,1.9203799867347782,positive
252,1.0,kappa_plus20,10,1,Adjusted_minus_Heston,-2.164861683569013,0.0693546234673355,-2.300834437174806,-2.0288889299632196,-2.4393026939269116,-1.8904206732111144,4096,-2.15016839023346,0.001129054228570331,0.006277605823754608,0.013433161643129365,-2.452735855570041,-1.876987511567985,negative
252,1.0,kappa_plus20,10,5,Heston_minus_BS,1.8183090400941,0.0488931004095623,1.72245199174398,1.9141660884442195,1.6248356823697925,2.0117823978184073,4096,1.8242142711301528,0.0016718673650033742,0.00432993725073663,0.010158544376447169,1.6146771379933453,2.0219409421948544,positive
252,1.0,kappa_plus20,10,5,Adjusted_minus_Heston,-2.33011058353401,0.0782499452477281,-2.483523002099692,-2.176698164968328,-2.6397509933669747,-2.020470173701045,4096,-2.3551261918614403,0.001316982339037594,0.007147169980338661,0.01532543550050137,-2.655076428867476,-2.005144738200544,negative
252,1.0,theta_minus20,0,1,Heston_minus_BS,2.2338064176376777,0.0635163905497192,2.109279773408776,2.358333061866579,1.982467696074844,2.4851451392005113,4096,2.169924451844365,-0.002512033964383829,0.005326560383085377,0.01295209231523117,1.9695156037596129,2.4980972315157426,positive
252,1.0,theta_minus20,0,1,Adjusted_minus_Heston,-3.1003757337070548,0.0929470571579073,-3.282602478940097,-2.9181489884740124,-3.4681736251947557,-2.732577842219354,4096,-3.032597576687418,0.003386054885249637,0.007715166387796172,0.018507781005330133,-3.486681406200086,-2.7140700612140236,negative
252,1.0,theta_minus20,0,5,Heston_minus_BS,2.279334871741552,0.0669479136594023,2.1480805773148917,2.410589166168213,2.0144173774566454,2.544252366026459,4096,2.2460713801961427,-0.0005608390745228363,0.006050308527167245,0.012419443787770636,2.001997933668875,2.5566718098142296,positive
252,1.0,theta_minus20,0,5,Adjusted_minus_Heston,-3.156706830755094,0.0994808674096349,-3.35174339495981,-2.9616702665503776,-3.5503594583414695,-2.763054203168718,4096,-3.1392344406250436,0.0022571048058890536,0.008550572628776907,0.01901622715829179,-3.5693756854997614,-2.7440379760104263,negative
252,1.0,theta_minus20,5,1,Heston_minus_BS,2.0855091074497416,0.0599211984664217,1.9680309935547688,2.202987221344715,1.84839680798313,2.322621406916353,4096,2.0355483152335143,-0.0013549512722186895,0.005121450378383479,0.011392994013850306,1.8370038139692797,2.334014400930203,positive
252,1.0,theta_minus20,5,1,Adjusted_minus_Heston,-2.797357702361269,0.0882123649344671,-2.970301877710555,-2.624413527011982,-3.146420091404109,-2.448295313318428,4096,-2.747772896349134,0.002461763995544107,0.0073995940338463795,0.016964968301883012,-3.163385059705992,-2.431330345016545,negative
252,1.0,theta_minus20,5,5,Heston_minus_BS,2.159846448954104,0.0650152640998929,2.032381197985884,2.287311699922324,1.902576581766896,2.417116316141312,4096,2.1362566387049307,0.00011323255639083835,0.005975627862829321,0.011825463167536306,1.8907511185993597,2.428941779308848,positive
252,1.0,theta_minus20,5,5,Adjusted_minus_Heston,-2.93236299333232,0.0971842524999035,-3.122896944190784,-2.7418290424738556,-3.3169277579224157,-2.547798228742224,4096,-2.927204086815907,0.001602760943357214,0.008421912639098922,0.018109709715991098,-3.335037467638407,-2.529688519026233,negative
252,1.0,theta_minus20,10,1,Heston_minus_BS,1.9532662845092448,0.0570608508973581,1.8413960063401535,2.065136562678336,1.7274725769054855,2.1790599921130034,4096,1.917862030770648,-0.00012244522301559178,0.0049635684535075785,0.009851039391890446,1.717621537513595,2.188911031504894,positive
252,1.0,theta_minus20,10,1,Adjusted_minus_Heston,-2.495528893180627,0.0847984497228413,-2.661779939381572,-2.3292778469796818,-2.8310821851638313,-2.1599756011974227,4096,-2.4647330855143847,0.0015234115758140107,0.0071654001415253615,0.01556759585320372,-2.846649781017035,-2.144408005344219,negative
252,1.0,theta_minus20,10,5,Heston_minus_BS,2.0448770138365457,0.0633712344300613,1.9206349544890244,2.169119073184067,1.794112685012753,2.2956413426603386,4096,2.031133902509201,0.0008008175996732248,0.005913944963989828,0.012392149729093287,1.7817205352836596,2.308033492389432,positive
252,1.0,theta_minus20,10,5,Adjusted_minus_Heston,-2.709231071492403,0.0953627477878017,-2.8961938831963585,-2.5222682597884476,-3.0865880167826605,-2.3318741262021456,4096,-2.7165663061970893,0.0009437599127754947,0.008309765555334995,0.017230900401232083,-3.1038189171838924,-2.3146432258009138,negative
252,1.0,theta_plus20,0,1,Heston_minus_BS,2.2527635067893588,0.0484741900913332,2.1577277503248524,2.347799263253865,2.0609478059772584,2.444579207601459,4096,2.2329742202590936,-0.00011035158696885705,0.004249424633445305,0.008439223868521655,2.0525085821087368,2.4530184314699808,positive
252,1.0,theta_plus20,0,1,Adjusted_minus_Heston,-2.834150324399406,0.079656560818076,-2.990320473925232,-2.6779801748735803,-3.1493568086916066,-2.5189438401072057,4096,-2.8021121976460597,0.0025167272389707064,0.007228128584813915,0.016683859265205978,-3.1660406679568127,-2.5022599808419996,negative
252,1.0,theta_plus20,0,5,Heston_minus_BS,2.2844241388674895,0.0531178009960513,2.180284381403168,2.388563896331811,2.074233350646833,2.494614927088146,4096,2.295429940932642,0.001059581683388688,0.004705676855038721,0.010282708319264582,2.063950642327568,2.504897635407411,positive
252,1.0,theta_plus20,0,5,Adjusted_minus_Heston,-2.8756587597136525,0.0864777768775699,-3.04520219978854,-2.706115319638765,-3.2178572646332695,-2.5334602547940355,4096,-2.89574655021658,0.0022594807675403246,0.00783839135334175,0.017622727820090153,-3.2354799924533597,-2.5158375269739452,negative
252,1.0,theta_plus20,5,1,Heston_minus_BS,2.1139033277825368,0.0472536646227292,2.021260464545837,2.2065461910192363,1.9269173301109772,2.3008893254540963,4096,2.1019520849994215,0.00027176456856292316,0.0041280557893632035,0.008362753915714801,1.9185545761952625,2.309252079369811,positive
252,1.0,theta_plus20,5,1,Adjusted_minus_Heston,-2.5679819809680366,0.0765710301282995,-2.71810281347289,-2.4178611484631833,-2.8709788083165817,-2.2649851536194916,4096,-2.55097780413828,0.001808272226910542,0.0069360607462615,0.015402951289583081,-2.8863817596061647,-2.2495822023299086,negative
252,1.0,theta_plus20,5,5,Heston_minus_BS,2.1732884269818946,0.0526517170021923,2.0700624474445264,2.276514406519263,1.964941965149176,2.381634888814613,4096,2.189888574918885,0.0013851720685845127,0.004653192741514631,0.010505429841953191,1.9544365353072228,2.3921403186565664,positive
252,1.0,theta_plus20,5,5,Adjusted_minus_Heston,-2.6753424036540587,0.0851602111015697,-2.842302698760913,-2.5083821085472047,-3.01232721026921,-2.338357597038907,4096,-2.705956286886866,0.0017031690521730689,0.007724017673219332,0.01684224369168296,-3.029169453960893,-2.321515353347224,negative
252,1.0,theta_plus20,10,1,Heston_minus_BS,1.9662676197890636,0.0467976091665933,1.8745188730952496,2.0580163664828777,1.7810862648926196,2.1514489746855077,4096,1.9623740025128389,0.000654509305004967,0.004033451775311922,0.008560074784616333,1.7725261901080032,2.160009049470124,positive
252,1.0,theta_plus20,10,1,Adjusted_minus_Heston,-2.3017210471221836,0.074712287521496,-2.4481977339615284,-2.155244360282839,-2.5973627022629713,-2.006079391981396,4096,-2.300177933817803,0.0010945921746004918,0.006686004609867845,0.014199161209941469,-2.6115618634729127,-1.9918802307714545,negative
252,1.0,theta_plus20,10,5,Heston_minus_BS,2.06060946634435,0.0524549200184782,1.957769315846765,2.1634496168419353,1.8530417436979427,2.268177188990758,4096,2.0828762774817307,0.001710846044397851,0.00460707348765079,0.010740710080193401,1.8423010336177492,2.2789178990709513,positive
252,1.0,theta_plus20,10,5,Adjusted_minus_Heston,-2.4757157804086884,0.0842892264327131,-2.6409684722174203,-2.3104630885999566,-2.8092540408445528,-2.142177519972824,4096,-2.5169926263994387,0.0011500387604618401,0.0076200039491718516,0.016085246500838667,-2.8253392873453915,-2.1260922734719854,negative
252,1.0,xi_minus20,0,1,Heston_minus_BS,1.8622456372706453,0.0437918071696216,1.776389896030383,1.9481013785109076,1.6889584474023365,2.035532827138954,4096,1.843042445383364,-0.0005864830458921103,0.0035656797474055853,0.007575215350807057,1.6813832320515294,2.043108042489761,positive
252,1.0,xi_minus20,0,1,Adjusted_minus_Heston,-2.4383609113848936,0.06839604806025,-2.5724543362433887,-2.3042674865263986,-2.7090087729940473,-2.16771304977574,4096,-2.4043109659397253,0.002257114872053841,0.0060866178948037405,0.014186885945869173,-2.7231956589399164,-2.153526163829871,negative
252,1.0,xi_minus20,0,5,Heston_minus_BS,1.887606568492572,0.0473229286523774,1.7948279101153863,1.9803852268697577,1.7003464882966215,2.0748666486885226,4096,1.8928718763445749,0.0005669462526642756,0.003932214464393472,0.008274086602875482,1.692072401693746,2.083140735291398,positive
252,1.0,xi_minus20,0,5,Adjusted_minus_Heston,-2.4747968018575692,0.0739321279584549,-2.619743951966193,-2.3298496517489453,-2.7673513120032975,-2.182242291711841,4096,-2.4818066253455124,0.0016599134103774326,0.0066025467755287835,0.014600905090413847,-2.7819522170937114,-2.167641386621427,negative
252,1.0,xi_minus20,5,1,Heston_minus_BS,1.7261499721172575,0.0420725024134214,1.6436650025761337,1.8086349416583816,1.5596661893012125,1.892633754933303,4096,1.7154485823084658,-0.0001951079866396952,0.0034425698463147274,0.0069425448854165605,1.552723644415796,1.8995762998187196,positive
252,1.0,xi_minus20,5,1,Adjusted_minus_Heston,-2.206539966743713,0.0654239500101449,-2.334806464201333,-2.078273469286093,-2.465427032158252,-1.9476529013291737,4096,-2.1855912838179177,0.0015939772538047722,0.0058393877616147215,0.013039177266569627,-2.4784662094248215,-1.934613724062604,negative
252,1.0,xi_minus20,5,5,Heston_minus_BS,1.782978084962316,0.0465232960370539,1.6917671410811908,1.8741890288434413,1.598882205967283,1.9670739639573491,4096,1.7941277915317144,0.0008475947984173998,0.0038788853299957324,0.008450210045209036,1.5904319959220738,1.9755241740025582,positive
252,1.0,xi_minus20,5,5,Adjusted_minus_Heston,-2.3029247583111636,0.0725847958875222,-2.445230405336833,-2.160619111285494,-2.590147782878162,-2.0157017337441654,4096,-2.318910262710371,0.0011510580849124962,0.006505840732833087,0.013902505921265348,-2.604050288799427,-2.0017992278229,negative
252,1.0,xi_minus20,10,1,Heston_minus_BS,1.5893336335164756,0.0410022807816827,1.5089468799984629,1.6697203870344886,1.4270847912312457,1.7515824758017056,4096,1.5873518650750615,0.00020409938904204046,0.0033437339909527493,0.00675781801130943,1.4203269732199362,1.758340293813015,positive
252,1.0,xi_minus20,10,1,Adjusted_minus_Heston,-1.974701334038084,0.0634710752028431,-2.0991391355599345,-1.8502635325162335,-2.2258607396597494,-1.7235419284164184,4096,-1.9672533918311563,0.0009224535906275158,0.005633751367501485,0.011964606270930427,-2.2378253459306796,-1.711577322145488,negative
252,1.0,xi_minus20,10,5,Heston_minus_BS,1.6786918676728089,0.0459644128813613,1.5885766385086586,1.7688070968369591,1.4968075277252415,1.860576207620376,4096,1.6957947863347242,0.0011298559534442716,0.003831888981536395,0.008640358357255606,1.4881671693679859,1.8692165659776316,positive
252,1.0,xi_minus20,10,5,Adjusted_minus_Heston,-2.131699130302245,0.0716072449277957,-2.272088246184946,-1.9913100144195437,-2.4150539185549036,-1.8483443420495855,4096,-2.1567845205939933,0.0006429189446136257,0.006418714531885443,0.013223599427109094,-2.428277517982013,-1.8351207426224765,negative
252,1.0,xi_plus20,0,1,Heston_minus_BS,2.535940454636339,0.0636212473123623,2.41120823416698,2.660672675105698,2.2841868076591068,2.787694101613571,4096,2.4720709473248155,-0.0019285367640747139,0.005421937150529252,0.012555533579112047,2.271631274079995,2.800249635192683,positive
252,1.0,xi_plus20,0,1,Adjusted_minus_Heston,-3.3923240766835288,0.1014639935761203,-3.5912486459284816,-3.193399507438576,-3.793824070769612,-2.9908240825974453,4096,-3.327184312752971,0.0034374335889465727,0.008665210446871482,0.02042124606481468,-3.8142453168344264,-2.9704028365326307,negative
252,1.0,xi_plus20,0,5,Heston_minus_BS,2.586181081924166,0.0676145329482278,2.453619851409084,2.718742312439248,2.318625729310528,2.853736434537804,4096,2.557919193518531,-0.0003063688694162157,0.006145677241698737,0.01235189626314574,2.306273833047382,2.8660883308009497,positive
252,1.0,xi_plus20,0,5,Adjusted_minus_Heston,-3.452563340676277,0.1092272589531831,-3.666708129100834,-3.23841855225172,-3.8847831092668113,-3.020343572085743,4096,-3.4486952048307966,0.00294126523774784,0.009582562830882546,0.02172308838627763,-3.906506197653089,-2.998620483699465,negative
252,1.0,xi_plus20,5,1,Heston_minus_BS,2.389147191677341,0.0605871140954895,2.2703635212494837,2.5079308621051974,2.149399818312007,2.6288945650426743,4096,2.337823570174736,-0.0008881602914120896,0.005220709413533337,0.01112075074193743,2.1382790675700694,2.640015315784612,positive
252,1.0,xi_plus20,5,1,Adjusted_minus_Heston,-3.0611618360794255,0.0966630962942669,-3.2506740375461924,-2.8716496346126585,-3.4436643497556148,-2.678659322403236,4096,-3.015743080024392,0.002514459132034364,0.008296899234483525,0.01877638163162207,-3.462440731387237,-2.6598829407716136,negative
252,1.0,xi_plus20,5,5,Heston_minus_BS,2.4631726777476453,0.0660452678970142,2.3336880595690332,2.5926572959262573,2.201827014764537,2.7245183407307536,4096,2.4438816200300426,0.0003573474128436248,0.006070751795101772,0.012256020931243098,2.1895709938332937,2.736774361661997,positive
252,1.0,xi_plus20,5,5,Adjusted_minus_Heston,-3.2035871454822895,0.1069978502693903,-3.413361081287471,-2.993813209677108,-3.626984990730266,-2.780189300234313,4096,-3.213359073054707,0.0022348723109712953,0.009434707189305436,0.02072689840200995,-3.647711889132276,-2.759462401832303,negative
252,1.0,xi_plus20,10,1,Heston_minus_BS,2.248244030442095,0.0583920759651175,2.133763827669815,2.362724233214375,2.0171825737778613,2.479305487106329,4096,2.2100654877393273,0.00021540971295516166,0.005071582841181141,0.010155712081670197,2.007026861696191,2.4894611991879994,positive
252,1.0,xi_plus20,10,1,Adjusted_minus_Heston,-2.7310335226723375,0.0933989290200515,-2.9141461823304167,-2.5479208630142582,-3.1006195021662775,-2.3614475431783974,4096,-2.7059403308519316,0.0015799016233691444,0.008008107468205426,0.017275792261051783,-3.117895294427329,-2.344171750917346,negative
252,1.0,xi_plus20,10,5,Heston_minus_BS,2.3422736634950927,0.0647920044585851,2.2152461227569913,2.469301204233194,2.0858872500485215,2.598660076941664,4096,2.3321231933026407,0.0010324031689150177,0.006007876316888938,0.012807840750017337,2.0730794092985043,2.611467917691681,positive
252,1.0,xi_plus20,10,5,Adjusted_minus_Heston,-2.955811311351568,0.1053240192637103,-3.162303628721891,-2.749318993981245,-3.372585692302553,-2.539036930400583,4096,-2.979414492248301,0.0015298270102679992,0.009303233085324809,0.019764163857504624,-3.392349856160058,-2.5192727665430783,negative
252,1.0,rho_minus10pp,0,1,Heston_minus_BS,2.612895930117197,0.0614023971804058,2.4925138617674407,2.7332779984669524,2.3699224255674367,2.8558694346669564,4096,2.556732247443006,-0.0010885862966563947,0.005214193803160174,0.011308406150850336,2.3586140194165863,2.867177840817807,positive
252,1.0,rho_minus10pp,0,1,Adjusted_minus_Heston,-3.4172870629825702,0.0991806002125218,-3.611734940297101,-3.2228391856680396,-3.809751512638864,-3.0248226133262768,4096,-3.3580780214221653,0.0032398530655284637,0.00865338552196999,0.02020048868858964,-3.8299520013274537,-3.004622124637687,negative
252,1.0,rho_minus10pp,0,5,Heston_minus_BS,2.660644732110121,0.0657633881956587,2.5317127513371025,2.7895767128831395,2.4004144864729926,2.92087497774725,4096,2.6425128735845194,0.0009731970221991335,0.0059217787015096906,0.012579883277158126,2.3878346031958344,2.933454861024408,positive
252,1.0,rho_minus10pp,0,5,Adjusted_minus_Heston,-3.475349219451859,0.1071006923503643,-3.685324781626523,-3.2653736572771943,-3.8991540178804422,-3.0515444210232756,4096,-3.4795982704503783,0.0025482681834714995,0.009517685348298019,0.021202931466135617,-3.9203569493465777,-3.03034148955714,negative
252,1.0,rho_minus10pp,5,1,Heston_minus_BS,2.4608545107407656,0.0588255368959705,2.345524488974423,2.576184532507108,2.2280778193904114,2.6936312020911197,4096,2.4160078711844077,-0.0003026662385372716,0.005022334767121034,0.010146442382094499,2.217931377008317,2.703777644473214,positive
252,1.0,rho_minus10pp,5,1,Adjusted_minus_Heston,-3.0911477614586644,0.0946974999739367,-3.276806325910466,-2.905489197006863,-3.465872275440842,-2.7164232474764867,4096,-3.051038091218873,0.0023697691089640894,0.008276521483505661,0.018591751216635186,-3.4844640266574776,-2.6978314962598513,negative
252,1.0,rho_minus10pp,5,5,Heston_minus_BS,2.53542493046608,0.0644848697739608,2.408999540625905,2.661850320306255,2.280253870069532,2.790595990862628,4096,2.5255510746082788,0.0015265672935909696,0.005853432191418743,0.012999294388771707,2.2672545756807603,2.8035952852514,positive
252,1.0,rho_minus10pp,5,5,Adjusted_minus_Heston,-3.2299149902776736,0.105062102740116,-3.435893808920046,-3.023936171635301,-3.6456529495487326,-2.8141770310066145,4096,-3.247489493519179,0.0018555660167581013,0.009371020766087328,0.020222766718289265,-3.665875716267022,-2.7939542642883253,negative
252,1.0,rho_minus10pp,10,1,Heston_minus_BS,2.3102740415389,0.0571301796910428,2.1982678412566146,2.4222802418211855,2.0842059951350076,2.5363420879427925,4096,2.2772082300142085,0.0005187245300547474,0.0048770724715697985,0.010077786574331553,2.0741282085606763,2.546419874517124,positive
252,1.0,rho_minus10pp,10,1,Adjusted_minus_Heston,-2.7660686390369285,0.0917416562384979,-2.9459321433782044,-2.5862051346956525,-3.129096676264446,-2.403040601809411,4096,-2.745629286657062,0.0014923776848393125,0.007969012810054006,0.017111642792545165,-3.146208319056991,-2.3859289590168657,negative
252,1.0,rho_minus10pp,10,5,Heston_minus_BS,2.411255400226579,0.0635288445485012,2.2867043393917883,2.53580646106137,2.159867397334861,2.662643403118297,4096,2.409780139491489,0.0020867080177500133,0.005795215575055744,0.01344533054485927,2.146422066790002,2.6760887336631565,positive
252,1.0,rho_minus10pp,10,5,Adjusted_minus_Heston,-2.9856609679636597,0.1035759480396432,-3.1887261157243403,-2.782595820202979,-3.395518110972512,-2.575803824954807,4096,-3.0167429715719787,0.001164976455416997,0.00923928158776812,0.019273968367442513,-3.4147920793399544,-2.556529856587365,negative
252,1.0,rho_plus10pp,0,1,Heston_minus_BS,1.825937713398825,0.0458971915063908,1.735954274661887,1.915921152135763,1.6443193730507395,2.0075560537469106,4096,1.7982452281105448,-0.0014079273466278768,0.0037131421280411714,0.008685685917588573,1.635633687133151,2.0162417396644994,positive
252,1.0,rho_plus10pp,0,1,Adjusted_minus_Heston,-2.4725138877810138,0.0706004559416254,-2.610929150099157,-2.3340986254628704,-2.7518847428397755,-2.193143032722252,4096,-2.433844660643069,0.002414975258983332,0.006174940386040351,0.01451785841562242,-2.7664026012553977,-2.17862517430663,negative
252,1.0,rho_plus10pp,0,5,Heston_minus_BS,1.853908889518851,0.0491336691450789,1.7575801957071264,1.950237583330575,1.6594835847788292,2.048334194258872,4096,1.8497871960003616,-0.0004235253772418455,0.004097983698313668,0.008455573425936634,1.6510280113528926,2.056789767684809,positive
252,1.0,rho_plus10pp,0,5,Adjusted_minus_Heston,-2.511066641141447,0.0761239040325522,-2.6603108635025454,-2.3618224187803487,-2.812294159807463,-2.2098391224754312,4096,-2.5129351883669706,0.0018703082997467229,0.0067295685736352305,0.015060262704071774,-2.827354422511535,-2.1947788597713593,negative
252,1.0,rho_plus10pp,5,1,Heston_minus_BS,1.6923104218784204,0.0437615304597825,1.6065140394436872,1.7781068043131536,1.5191430390312324,1.8654778047256084,4096,1.6741280825551752,-0.0008164731618835,0.003570558568557939,0.00781476795625706,1.5113282710749754,1.8732925726818654,positive
252,1.0,rho_plus10pp,5,1,Adjusted_minus_Heston,-2.2351183292600796,0.0673898719806917,-2.367239102184068,-2.102997556336091,-2.501784682988912,-1.9684519755312473,4096,-2.2100477447127744,0.001721702959637954,0.005924890965263439,0.013334489251554294,-2.515119172240466,-1.955117486279693,negative
252,1.0,rho_plus10pp,5,5,Heston_minus_BS,1.7496554020043715,0.0480740400166336,1.6554041571526792,1.843906646856064,1.5594231225318314,1.9398876814769117,4096,1.752055800378729,-4.4393288205875174e-05,0.004038796584151423,0.007960434593142666,1.5514626879386886,1.9478481160700545,positive
252,1.0,rho_plus10pp,5,5,Adjusted_minus_Heston,-2.3350300438989606,0.0746403916297736,-2.481365775717837,-2.1886943120800844,-2.630387202056297,-2.0396728857416244,4096,-2.3461623863605774,0.0013483865186251194,0.0066303774272027435,0.014343926275942498,-2.6447311283322392,-2.025328959465682,negative
252,1.0,rho_plus10pp,10,1,Heston_minus_BS,1.5616719550292475,0.042248612072425,1.47884171484755,1.644502195210945,1.3944912941921788,1.7288526158663169,4096,1.5533275538828384,-0.00019516709315392337,0.0034555438576252466,0.006968033054099407,1.3875232611380794,1.7358206489204162,positive
252,1.0,rho_plus10pp,10,1,Adjusted_minus_Heston,-1.997657700755123,0.065219045355818,-2.125522473732347,-1.869792927777899,-2.2557339443736644,-1.7395814571365815,4096,-1.986606961296265,0.0010187828613511113,0.005722113598765581,0.012234125514931651,-2.267968069888596,-1.7273473316216499,negative
252,1.0,rho_plus10pp,10,5,Heston_minus_BS,1.6466382646778004,0.0472544103808646,1.5539939393498643,1.7392825900057365,1.4596493159900588,1.833627213365542,4096,1.6556546127444367,0.0003401554564823532,0.003986906552009352,0.008154492298420685,1.451494823691638,1.8417817056639627,positive
252,1.0,rho_plus10pp,10,5,Adjusted_minus_Heston,-2.1596533115894627,0.0735338682637799,-2.303819656257471,-2.0154869669214546,-2.450631880759275,-1.8686747424196508,4096,-2.180180309418775,0.0008264078937952682,0.006541500212506711,0.01364774831030842,-2.4642796290695834,-1.8550269941093425,negative
252,1.1,reference,0,1,Heston_minus_BS,2.630682861503294,0.0664860739435969,2.500334023911997,2.7610316990945907,2.3675928987064463,2.8937728243001413,4096,2.5706463906772967,0.004977323654256938,0.005376074167778796,0.015514429023103377,2.352078469683343,2.9092872533232446,positive
252,1.1,reference,0,1,Adjusted_minus_Heston,-3.8152688905470287,0.1085475720944018,-4.028081123344322,-3.602456657749736,-4.244799091536654,-3.385738689557403,4096,-3.7348225777250024,-0.00718154022890815,0.009150658614880841,0.0251168311140746,-4.269915922650729,-3.3606218584433285,negative
252,1.1,reference,0,5,Heston_minus_BS,2.6382276562472615,0.0698064901517424,2.50136899836761,2.775086314126913,2.3619985783717867,2.9144567341227363,4096,2.6060323531074885,0.005198945973138058,0.006019758925229019,0.016997673466586934,2.3450009049052,2.931454407589323,positive
252,1.1,reference,0,5,Adjusted_minus_Heston,-3.807599448077748,0.1162357132170125,-4.035484615688733,-3.579714280466763,-4.267552151735233,-3.347646744420263,4096,-3.7784697523594497,-0.007833008126348849,0.010205367410068184,0.027835528250082488,-4.295387679985315,-3.3198112161701805,negative
252,1.1,reference,5,1,Heston_minus_BS,2.3939426555865153,0.0623086599028648,2.2717838197812905,2.51610149139174,2.147383007175438,2.640502303997593,4096,2.3477256135586444,0.005899661970789162,0.005093869208224902,0.01588364561890997,2.131499361556528,2.656385949616503,positive
252,1.1,reference,5,1,Adjusted_minus_Heston,-3.34668199478223,0.1018604720825698,-3.5463838773708685,-3.146980112193592,-3.7497508815600384,-2.943613108004422,4096,-3.28964061035797,-0.008702554911349617,0.008715517502888227,0.02578496921701054,-3.775535850777049,-2.9178281387874114,negative
252,1.1,reference,5,5,Heston_minus_BS,2.483907255818157,0.0675710210052213,2.35143133235846,2.6163831792778542,2.2165240829526645,2.75129042868365,4096,2.461401393606691,0.005518857646264856,0.005906062447283138,0.017094740042939805,2.1994293429097245,2.76838516872659,positive
252,1.1,reference,5,5,Adjusted_minus_Heston,-3.5106065621517004,0.112887594772933,-3.7319275980367848,-3.289285526266616,-3.95731053107957,-3.06390259322383,4096,-3.4975164192465433,-0.008458030712324201,0.010030262212885475,0.028117344649579733,-3.98542787572915,-3.0357852485742503,negative
252,1.1,reference,10,1,Heston_minus_BS,2.1693278520943715,0.0586874746816621,2.054268507299655,2.284387196889088,1.937097482412174,2.401558221776569,4096,2.1373520518484197,0.00687795927940817,0.004857987140660106,0.01639961407510198,1.9206978683370721,2.4179578358516713,positive
252,1.1,reference,10,1,Adjusted_minus_Heston,-2.8931496504637786,0.0963963075249284,-3.082138800953055,-2.704160499974502,-3.274596462648864,-2.5117028382786932,4096,-2.860193958450937,-0.010309386027770009,0.00837735534746867,0.0267290025088086,-3.3013254651576727,-2.4849738357698845,negative
252,1.1,reference,10,5,Heston_minus_BS,2.3330160022105737,0.0655526290978125,2.204497223808917,2.4615347806122303,2.0736197448047027,2.5924122596164447,4096,2.3203267040263724,0.005844833588201265,0.005806328584115766,0.017225237613068167,2.0563945071916345,2.609637497229513,positive
252,1.1,reference,10,5,Adjusted_minus_Heston,-3.2180337930355947,0.1099811610909509,-3.433656639367421,-3.0024109467037685,-3.653236804185256,-2.7828307818859335,4096,-3.2211748069893176,-0.00908898967331202,0.009882577349305218,0.028458841277950248,-3.681695645463206,-2.7543719406079834,negative
252,1.1,kappa_minus20,0,1,Heston_minus_BS,2.63186598100493,0.0722488443608479,2.490218981548467,2.773512980461393,2.345972339711928,2.917759622297932,4096,2.5769937591049352,0.006660816850301154,0.005735692764825676,0.017902774669359477,2.3280695650425685,2.9356623969672917,positive
252,1.1,kappa_minus20,0,1,Adjusted_minus_Heston,-3.9995657287151025,0.122717474166453,-4.240158670378455,-3.75897278705175,-4.4851672058058485,-3.5139642516243565,4096,-3.909830788805547,-0.008388777616948504,0.010072470497827758,0.028130819792690907,-4.513298025598539,-3.4858334318316655,negative
252,1.1,kappa_minus20,0,5,Heston_minus_BS,2.6401282198806033,0.0754513111433343,2.4922026451111208,2.788053794650086,2.3415621974905125,2.938694242270694,4096,2.609593839748,0.006122183452527884,0.006565469132138486,0.018990502951519318,2.3225716945389934,2.9576847452222133,positive
252,1.1,kappa_minus20,0,5,Adjusted_minus_Heston,-3.983517248109924,0.1318506365313703,-4.242016151536179,-3.7250183446836687,-4.505259276210526,-3.461775220009321,4096,-3.950995450867813,-0.008765326182762682,0.011387286954863025,0.031084408614294214,-4.53634368482482,-3.4306908113950265,negative
252,1.1,kappa_minus20,5,1,Heston_minus_BS,2.3859987089751877,0.0675422462521698,2.25357919966946,2.5184182182809156,2.118729399784609,2.6532680181657664,4096,2.3463305931723974,0.007605937368008414,0.005406364681735616,0.01820241214421022,2.1005269876403987,2.6714704303099768,positive
252,1.1,kappa_minus20,5,1,Adjusted_minus_Heston,-3.450389896434187,0.1149836150225846,-3.67582027111617,-3.224959521752204,-3.9053879615057103,-2.9953918313626633,4096,-3.3886878169223156,-0.010189291384152597,0.009585477510543443,0.028976827304817744,-3.934364788810528,-2.9664150040578456,negative
252,1.1,kappa_minus20,5,5,Heston_minus_BS,2.4818031668724947,0.072916317034295,2.3388475582299697,2.6247587755150197,2.1932682903491783,2.770338043395811,4096,2.4620467048578334,0.00633733174278025,0.0064394862967302865,0.018958724884371614,2.1743095654648066,2.789296768280183,positive
252,1.1,kappa_minus20,5,5,Adjusted_minus_Heston,-3.6391354623794383,0.1280019953923208,-3.890088937582533,-3.388181987176345,-4.145648153055937,-3.13262277170294,4096,-3.625529246325869,-0.009440467157730848,0.011191205568345814,0.031375230071688645,-4.177023383127626,-3.1012475416312513,negative
252,1.1,kappa_minus20,10,1,Heston_minus_BS,2.159816271744403,0.0634336302781515,2.0354518826248458,2.2841806608639605,1.9088050382625512,2.410827505226255,4096,2.135668866776854,0.008598416227885292,0.005130740668864439,0.01865466793885959,1.8901503703236917,2.4294821731651144,positive
252,1.1,kappa_minus20,10,1,Adjusted_minus_Heston,-2.9201301704790943,0.1086926353384448,-3.1332268060710877,-2.707033534887101,-3.350234396692571,-2.4900259442656174,4096,-2.887202564677092,-0.012088541755405274,0.0092246626100835,0.030168880471168932,-3.3804032771637402,-2.4598570637944484,negative
252,1.1,kappa_minus20,10,5,Heston_minus_BS,2.328660659196445,0.070612063637939,2.1902226394851843,2.467098678907706,2.0492438716858157,2.608077446707074,4096,2.3197986216220934,0.006557310899757035,0.006328998337978824,0.01896214764219553,2.03028172404362,2.6270395943492697,positive
252,1.1,kappa_minus20,10,5,Adjusted_minus_Heston,-3.300285482453156,0.1246662855380165,-3.544699153509907,-3.0558718113964045,-3.793598540042363,-2.806972424863948,4096,-3.30580596595002,-0.010123384372354667,0.011029196774517833,0.03174061005040962,-3.8253391500927725,-2.775231814813538,negative
252,1.1,kappa_plus20,0,1,Heston_minus_BS,2.6203132139199647,0.062491784820171,2.4977953537553668,2.7428310740845627,2.3730289276287486,2.867597500211181,4096,2.557277895119075,0.003736426384023623,0.005281957139015232,0.014089062376493478,2.358939865252255,2.8816865625876744,positive
252,1.1,kappa_plus20,0,1,Adjusted_minus_Heston,-3.585963463490958,0.0971968278890072,-3.776522068946313,-3.395404858035603,-3.9705779897597817,-3.2013489372221344,4096,-3.514390786392852,-0.0063035984698517605,0.008376900140021832,0.022722322744294553,-3.9933003125040765,-3.1786266144778397,negative
252,1.1,kappa_plus20,0,5,Heston_minus_BS,2.6277575488040066,0.0659926364995505,2.4983761167675937,2.7571389808404194,2.366620151876921,2.888894945731092,4096,2.5946645967808633,0.004384742534491405,0.005815888752197663,0.015783884488798826,2.350836267388122,2.904678830219891,positive
252,1.1,kappa_plus20,0,5,Adjusted_minus_Heston,-3.5825504311113456,0.1038024342961033,-3.7860596150213865,-3.3790412472013047,-3.9933037957986905,-3.1717970664240007,4096,-3.557155893255474,-0.0070638569953715225,0.009234051471305875,0.025162597879131037,-4.018466393677822,-3.1466344685448697,negative
252,1.1,kappa_plus20,5,1,Heston_minus_BS,2.392797884479939,0.0587344181663501,2.2776465049432293,2.5079492640166485,2.160381756203384,2.625214012756494,4096,2.342289330969658,0.004637328507432508,0.005043145634067987,0.014521893950205762,2.1458598622531784,2.6397359067066994,positive
252,1.1,kappa_plus20,5,1,Adjusted_minus_Heston,-3.1787988325798935,0.0913303995338735,-3.3578560502776704,-2.9997416148821165,-3.540199498770112,-2.817398166389675,4096,-3.127133812699416,-0.007616883651179949,0.007989238807746268,0.023275791714362636,-3.5634752904844746,-2.7941223746753128,negative
252,1.1,kappa_plus20,5,5,Heston_minus_BS,2.4779373375894713,0.0640035697706769,2.352455557324047,2.603419117854896,2.224670814375635,2.7312038608033076,4096,2.4535629555779312,0.004759597985397624,0.00571150469385422,0.015954147185351895,2.2087166671902834,2.7471580079886593,positive
252,1.1,kappa_plus20,5,5,Adjusted_minus_Heston,-3.3221460431471543,0.1008543027891891,-3.519875287105882,-3.124416799188426,-3.721233448898012,-2.923058637396297,4096,-3.3105753791699093,-0.007608925295725654,0.009075790386377756,0.025397474453026057,-3.746630923351038,-2.8976611629432707,negative
252,1.1,kappa_plus20,10,1,Heston_minus_BS,2.17192460319829,0.0555014995064503,2.0631115012037715,2.280737705192809,1.9523013561900715,2.391547850206509,4096,2.1344363269031557,0.005596539082708792,0.00484497559722498,0.015092691253269752,1.9372086649368017,2.4066405414597787,positive
252,1.1,kappa_plus20,10,1,Adjusted_minus_Heston,-2.7839439208664016,0.0865298550063251,-2.953589462376139,-2.614298379356664,-3.1263485025197473,-2.441539339213056,4096,-2.752810235985773,-0.009010713009347977,0.007680037550833427,0.024063586608981495,-3.1504120891287286,-2.4174757526040747,negative
252,1.1,kappa_plus20,10,5,Heston_minus_BS,2.3302595452315567,0.0622209079791502,2.208272750886658,2.452246339576455,2.0840471372119787,2.5764719532511347,4096,2.3147397102751084,0.005141750417848914,0.0056196125245735725,0.016156190966013118,2.0678909462459654,2.592628144217148,positive
252,1.1,kappa_plus20,10,5,Adjusted_minus_Heston,-3.065363674023441,0.0982949597342127,-3.2580752146884455,-2.8726521333584367,-3.4543235834554555,-2.6764037645914267,4096,-3.0677938597956893,-0.008159994502365285,0.008940912654350791,0.025684183304892836,-3.480007766760348,-2.650719581286534,negative
252,1.1,theta_minus20,0,1,Heston_minus_BS,2.0007373799124704,0.0666250027296194,1.8701161663980383,2.131358593426902,1.737097666363652,2.264377093461289,4096,1.9500245131199965,0.007240869321312039,0.005377020733755514,0.017779829959472845,1.719317836404179,2.2821569234207617,positive
252,1.1,theta_minus20,0,1,Adjusted_minus_Heston,-3.430919200513139,0.1140233611218066,-3.654466955687989,-3.207371445338289,-3.8821174749210487,-2.979720926105229,4096,-3.3467708435415404,-0.008531736443943574,0.009302415813111588,0.02676447143764229,-3.908881946358691,-2.9529564546675866,negative
252,1.1,theta_minus20,0,5,Heston_minus_BS,2.006311106317676,0.06912768831933,1.8707832689326271,2.141838943702725,1.732768093932958,2.2798541187023944,4096,1.9752754407176112,0.006883136726397886,0.006415793616699826,0.019458092215129546,1.7133100017178284,2.299312210917524,positive
252,1.1,theta_minus20,0,5,Adjusted_minus_Heston,-3.4108737088021006,0.1223951796634923,-3.6508347780848,-3.170912639519401,-3.895199844400048,-2.9265475732041533,4096,-3.376349771878555,-0.009176663979041202,0.010601186371017117,0.02995498926623475,-3.9251548336662827,-2.8965925839379185,negative
252,1.1,theta_minus20,5,1,Heston_minus_BS,1.8075033564663283,0.0620972711301701,1.685758957537373,1.9292477553952836,1.561780187953148,2.0532265249795087,4096,1.7704214682202926,0.008101224977242484,0.005055659180262777,0.018010316970557525,1.5437698709825907,2.0712368419500664,positive
252,1.1,theta_minus20,5,1,Adjusted_minus_Heston,-2.918994913207891,0.1067211990416456,-3.128226462257234,-2.7097633641585483,-3.3412980305392095,-2.496691795876573,4096,-2.8611215948361357,-0.010280361164935942,0.008874484194579894,0.027674350186312535,-3.368972380725522,-2.4690174456902603,negative
252,1.1,theta_minus20,5,5,Heston_minus_BS,1.8793131183766203,0.0666899385701835,1.748564595324514,2.0100616414287265,1.615416449245003,2.143209787508238,4096,1.8582563207270328,0.006999686231692964,0.006313927974834978,0.01937498506236952,1.5960414641826335,2.1625847725706073,positive
252,1.1,theta_minus20,5,5,Adjusted_minus_Heston,-3.0908211853852157,0.1187618297526346,-3.3236589142546356,-2.857983456515796,-3.5607699057414925,-2.620872465028939,4096,-3.073981000729048,-0.009824523160567804,0.010434324115793762,0.030275798427523575,-3.5910457041690163,-2.590596666601415,negative
252,1.1,theta_minus20,10,1,Heston_minus_BS,1.641150565407775,0.058158814190149,1.527127682483369,1.7551734483321808,1.4110121416143109,1.871288989201239,4096,1.6179260362228365,0.009006770823574109,0.004795814953829208,0.018406568133079358,1.3926055734812315,1.8896955573343184,positive
252,1.1,theta_minus20,10,1,Adjusted_minus_Heston,-2.425484452201915,0.100806820883139,-2.623120605820168,-2.227848298583662,-2.8243839687880903,-2.0265849356157397,4096,-2.394641831349757,-0.012130399757815371,0.008586787864952018,0.028960503973121325,-2.8533444727612114,-1.9976244316426184,negative
252,1.1,theta_minus20,10,5,Heston_minus_BS,1.7589264703579297,0.0644758084081065,1.6325188457193378,1.8853340949965212,1.503791266408666,2.014061674307193,4096,1.747948351206397,0.007119426414498647,0.006228062097429589,0.01932642812546064,1.4844648382832053,2.033388102432654,positive
252,1.1,theta_minus20,10,5,Adjusted_minus_Heston,-2.77604335965224,0.1156112886455926,-3.0027043157521485,-2.5493824035523316,-3.2335251723769316,-2.3185615469275485,4096,-2.7770997963696216,-0.010480855984444063,0.010302794266707594,0.030674332747190947,-3.2641995051241226,-2.2878872141803575,negative
252,1.1,theta_plus20,0,1,Heston_minus_BS,3.2874219410678163,0.0699929011690515,3.150197816286915,3.4246460658487177,3.0104552219887055,3.564388660146927,4096,3.223302692463066,0.0033301538511060665,0.006075201963479674,0.015237549699526228,2.9952176722891792,3.5796262098464533,positive
252,1.1,theta_plus20,0,1,Adjusted_minus_Heston,-4.100424977021708,0.1043442559420508,-4.30499642581734,-3.895853528226077,-4.513322367190176,-3.687527586853242,4096,-4.025337195204508,-0.006199894881526998,0.009027622288680004,0.023894034567339805,-4.537216401757515,-3.663633552285902,negative
252,1.1,theta_plus20,0,5,Heston_minus_BS,3.299108854778125,0.0748224180145139,3.1524162523207155,3.4458014572355347,3.0030314057094927,3.5951863038467575,4096,3.2701809369392456,0.003628776274407171,0.006513702859841233,0.016395633879695986,2.9866357718297967,3.6115819377264535,positive
252,1.1,theta_plus20,0,5,Adjusted_minus_Heston,-4.101325576628858,0.1115052169039697,-4.319936400620784,-3.882714752636931,-4.542559381347223,-3.660091771910493,4096,-4.078520647978948,-0.006733479724418259,0.009885975259559135,0.02610999123315416,-4.568669372580377,-3.6339817806773387,negative
252,1.1,theta_plus20,5,1,Heston_minus_BS,3.020052967726343,0.066388568127191,2.889895294525918,3.1502106409267676,2.757348842144556,3.28275709330813,4096,2.969486656976555,0.004310698150100342,0.005854243442087494,0.015785015296591827,2.741563826847964,3.2985421086047215,positive
252,1.1,theta_plus20,5,1,Adjusted_minus_Heston,-3.667007072468507,0.0982685155179414,-3.85966676809819,-3.4743473768388244,-4.055862340319776,-3.2781518046172384,4096,-3.612996010535742,-0.007548475810067904,0.008608138966765705,0.024420428184928684,-4.080282768504705,-3.25373137643231,negative
252,1.1,theta_plus20,5,5,Heston_minus_BS,3.1246322545106464,0.0729583556968126,2.981594227243167,3.267670281778126,2.835931028111307,3.413333480909986,4096,3.104991064953067,0.004091032061081801,0.006403419340115244,0.016641733967707677,2.819289294143599,3.4299752148776936,positive
252,1.1,theta_plus20,5,5,Adjusted_minus_Heston,-3.823293159902087,0.1084489805701197,-4.035912099731029,-3.610674220073145,-4.252433227455988,-3.3941530923481857,4096,-3.8151714581942775,-0.007308219257964821,0.00971032878617883,0.026340463678875325,-4.278773691134863,-3.36781262866931,negative
252,1.1,theta_plus20,10,1,Heston_minus_BS,2.753033650229638,0.0634199806109614,2.62869602187585,2.877371278583426,2.5020764294187146,3.0039908710405614,4096,2.71656852112575,0.005348808101225077,0.0056768747822364424,0.016475482674408504,2.485600946744306,3.02046635371497,positive
252,1.1,theta_plus20,10,1,Adjusted_minus_Heston,-3.246221075291608,0.0933012965792521,-3.4291423223061885,-3.063299828277027,-3.6154207165090617,-2.877021434074154,4096,-3.21390109264372,-0.008973544955820152,0.008259275359167005,0.02516172465978748,-3.640582441168849,-2.8518597094143665,negative
252,1.1,theta_plus20,10,5,Heston_minus_BS,2.9510179724789967,0.0713340577575419,2.811164451916868,3.090871493041125,2.668744204629492,3.233291740328501,4096,2.940809269703899,0.0045622022168903065,0.006306523821923011,0.01692298890785941,2.6518212157216325,3.2502147292363603,positive
252,1.1,theta_plus20,10,5,Adjusted_minus_Heston,-3.5490510139153706,0.1058040574373532,-3.7564844669885913,-3.34161756084215,-3.967724938902478,-3.130377088928263,4096,-3.5557876260182777,-0.007888646684787356,0.009557088829474977,0.02662054079055831,-3.9943454796930364,-3.1037565481377047,negative
252,1.1,xi_minus20,0,1,Heston_minus_BS,2.4577206065129813,0.0571007990732803,2.3457720082087627,2.5696692048172,2.2317688212322926,2.68367239179367,4096,2.413372435271901,0.004043243497561432,0.004425559829223788,0.012717340762840056,2.2190514804694526,2.69638973255651,positive
252,1.1,xi_minus20,0,1,Adjusted_minus_Heston,-3.313777341738147,0.0883424927107507,-3.486976638248465,-3.140578045227829,-3.663354655332712,-2.9642000281435825,4096,-3.2503486472419896,-0.005795922036379493,0.0074601923112962935,0.02041789896652023,-3.683772554299232,-2.9437821291770625,negative
252,1.1,xi_minus20,0,5,Heston_minus_BS,2.459421127367582,0.0605351859183962,2.3407392643878246,2.5781029903473396,2.219879237366948,2.698963017368216,4096,2.440715744352732,0.0039179876467975204,0.004882937466414113,0.01348854508096918,2.206390692285979,2.712451562449185,positive
252,1.1,xi_minus20,0,5,Adjusted_minus_Heston,-3.309072212461456,0.0944501369014635,-3.4942458108587533,-3.1238986140641587,-3.6828178937697498,-2.9353265311531627,4096,-3.2888411965809294,-0.00603273844775854,0.00826733922775055,0.022236723334149618,-3.7050546171038996,-2.913089807819013,negative
252,1.1,xi_minus20,5,1,Heston_minus_BS,2.2297652750064496,0.0537841649720099,2.1243190820056785,2.3352114680072207,2.016937638747618,2.4425929112652813,4096,2.1967886023532817,0.0047108712338125944,0.00424474462992199,0.013030570708459695,2.003907068039158,2.455623481973741,positive
252,1.1,xi_minus20,5,1,Adjusted_minus_Heston,-2.9346318485428977,0.082983637910349,-3.097324877309906,-2.7719388197758894,-3.263003805489882,-2.6062598915959136,4096,-2.8897914107471196,-0.007024737990605497,0.007105893336278515,0.020952288929711384,-3.2839560944195934,-2.585307602666202,negative
252,1.1,xi_minus20,5,5,Heston_minus_BS,2.3131010249336086,0.058801049435664,2.197819011897473,2.428383037969744,2.0804212321462,2.5457808177210173,4096,2.3022451896674943,0.004182678527462786,0.004799293863760115,0.013589294500432612,2.0668319376457673,2.55937011222145,positive
252,1.1,xi_minus20,5,5,Adjusted_minus_Heston,-3.068824275852087,0.0917475270960894,-3.248699290264831,-2.8889492614393433,-3.431875544466476,-2.705773007237698,4096,-3.0614407963927768,-0.006556066460722295,0.008124402719183379,0.022479895790321718,-3.4543554402567977,-2.6832931114473766,negative
252,1.1,xi_minus20,10,1,Heston_minus_BS,2.007529678710719,0.05101827223647,1.907506138629501,2.1075532187919372,1.8056468700485748,2.2094124873728633,4096,1.986237461555522,0.005411142787516288,0.004102370675030471,0.013451789310576012,1.7921950807379987,2.222864276683439,positive
252,1.1,xi_minus20,10,1,Adjusted_minus_Heston,-2.566907566290076,0.0785810989280937,-2.7209692260387515,-2.4128459065414,-2.877858373989537,-2.2559567585906146,4096,-2.5411850450868942,-0.008320853516015844,0.006820341403257434,0.021688722666400415,-2.899547096655937,-2.2342680359242144,negative
252,1.1,xi_minus20,10,5,Heston_minus_BS,2.168695606775059,0.0572743220758713,2.0564068090825858,2.2809844044675325,1.942057179050499,2.3953340344996192,4096,2.1657821740141214,0.004450144390809856,0.004727449018466872,0.013715944467004925,1.928341234583494,2.409049978966624,positive
252,1.1,xi_minus20,10,5,Adjusted_minus_Heston,-2.83198187018165,0.0893934179401238,-3.007241551279579,-2.656722189083722,-3.18571776711703,-2.4782459732462705,4096,-2.837596629158457,-0.0070841278004439585,0.008001867671755966,0.02276778843708565,-3.2084855555541156,-2.4554781848091847,negative
252,1.1,xi_plus20,0,1,Heston_minus_BS,2.758438638493232,0.0759653987218724,2.609505172682696,2.907372104303768,2.457838336232342,3.059038940754122,4096,2.6864551798986724,0.006035888994894795,0.006409408992531108,0.018598330620255767,2.439240005612086,3.077637271374378,positive
252,1.1,xi_plus20,0,1,Adjusted_minus_Heston,-4.135898339861695,0.127609767070511,-4.386082834392813,-3.8857138453305784,-4.640858956119116,-3.6309377236042746,4096,-4.0410028429027145,-0.008592470169277354,0.010724623167641991,0.029612731577855655,-4.670471687696971,-3.6013249920264188,negative
252,1.1,xi_plus20,0,5,Heston_minus_BS,2.771725795928585,0.0792324189326664,2.6163871950032043,2.927064396853966,2.458197670219381,3.085253921637789,4096,2.7285251881435206,0.0063751241435619395,0.007273290906444845,0.020630774320193834,2.437566895899187,3.105884695957983,positive
252,1.1,xi_plus20,0,5,Adjusted_minus_Heston,-4.123418242472443,0.1369589840122228,-4.391932283154455,-3.854904201790431,-4.665374352545023,-3.5814621323998623,4096,-4.086323064480789,-0.00966854142979471,0.012050482990795901,0.03328748809175468,-4.698661840636778,-3.5481746443081077,negative
252,1.1,xi_plus20,5,1,Heston_minus_BS,2.520975274847052,0.0710322483038499,2.381713464836162,2.6602370848579424,2.2398957877428796,2.802054761951225,4096,2.4650895499640884,0.007225342659672203,0.006030583374445391,0.01904528607358517,2.2208505016692945,2.82110004802481,positive
252,1.1,xi_plus20,5,1,Adjusted_minus_Heston,-3.580171878234272,0.1196944623961695,-3.814838073935522,-3.345505682533022,-4.053811090041418,-3.106532666427125,4096,-3.5135433625986483,-0.01041653383244994,0.010226028376348048,0.030459549450092112,-4.0842706394915105,-3.076073116977033,negative
252,1.1,xi_plus20,5,5,Heston_minus_BS,2.6140823089944236,0.0765587389494204,2.463985573879963,2.764179044108884,2.31113411868522,2.9170304993036273,4096,2.5822957457448252,0.006731558576110837,0.007139930650504672,0.020725822651099995,2.29040829603412,2.937756321954727,positive
252,1.1,xi_plus20,5,5,Adjusted_minus_Heston,-3.7713396173069,0.133032488861936,-4.032155593593021,-3.5105236410207783,-4.297758316283628,-3.2449209183301724,4096,-3.753441765872523,-0.010371662770654416,0.01185342354914626,0.03360437292698108,-4.331362689210609,-3.211316545403191,negative
252,1.1,xi_plus20,10,1,Heston_minus_BS,2.3027011848998256,0.0666796529633912,2.17197282722687,2.433429542572781,2.0388452166210005,2.56655715317865,4096,2.2634215126943187,0.008494206826970661,0.0057108803194736695,0.019687532253139052,2.0191576843678614,2.5862446854317893,positive
252,1.1,xi_plus20,10,1,Adjusted_minus_Heston,-3.043461118169348,0.113294292824943,-3.265579503261352,-2.8213427330773437,-3.491774419232901,-2.5951478171057945,4096,-3.0059349331766345,-0.012347832337511994,0.009862198782310165,0.031677741950839916,-3.5234521611837413,-2.5634700751549544,negative
252,1.1,xi_plus20,10,5,Heston_minus_BS,2.4615098262570827,0.0741146515938041,2.316204830628495,2.6068148218856706,2.1682330575452324,2.754786594968933,4096,2.4412939728846093,0.007098103784471409,0.007023331795622806,0.020863834103892108,2.1473692234413404,2.775650429072825,positive
252,1.1,xi_plus20,10,5,Adjusted_minus_Heston,-3.424761245029153,0.1296460014505123,-3.678937865561299,-3.170584624497007,-3.9377793806361847,-2.9117431094221216,4096,-3.42629374794363,-0.011084381208178645,0.011692291462821757,0.03400127247530929,-3.971780653111494,-2.877741836946812,negative
252,1.1,rho_minus10pp,0,1,Heston_minus_BS,3.092873344166154,0.0784625158921038,2.939044171613405,3.2467025167189028,2.7823917776878444,3.403354910644463,4096,3.0112884302070784,0.005540394853314945,0.00682299772621312,0.01891347039669266,2.7634783072911517,3.422268381041156,positive
252,1.1,rho_minus10pp,0,1,Adjusted_minus_Heston,-4.396013892989645,0.1271109017798442,-4.645220340436673,-4.146807445542617,-4.899000465015284,-3.8930273209640056,4096,-4.2968587108990866,-0.00813159013317552,0.010845052321128555,0.02938789268258749,-4.928388357697871,-3.863639428281418,negative
252,1.1,rho_minus10pp,0,5,Heston_minus_BS,3.1088393578839653,0.0823002536699047,2.947486133621667,3.2701925821462634,2.783171599331174,3.4345071164367567,4096,3.061551486215088,0.0065569525491261035,0.007598255540223733,0.02144953340796462,2.7617220659232093,3.455956649844721,positive
252,1.1,rho_minus10pp,0,5,Adjusted_minus_Heston,-4.389855450264719,0.136178669683464,-4.6568396507910945,-4.122871249738343,-4.9287238029236615,-3.8509870976057754,4096,-4.351227420680333,-0.009340125749981436,0.012098290046629078,0.03305277424137443,-4.961776577165036,-3.817934323364401,negative
252,1.1,rho_minus10pp,5,1,Heston_minus_BS,2.834312293671691,0.0735677439444317,2.690079534259457,2.9785450530839257,2.5431996761059703,3.125424911237412,4096,2.76909121989761,0.006723816956210267,0.00647369742674661,0.01941226391263362,2.523787412193337,3.1448371751500455,positive
252,1.1,rho_minus10pp,5,1,Adjusted_minus_Heston,-3.853742704449487,0.1192649112223768,-4.087566746405317,-3.619918662493657,-4.325682152747838,-3.381803256151137,4096,-3.7821977872429047,-0.009894458701479246,0.010333974849612884,0.0301490494067205,-4.355831202154558,-3.351654206744416,negative
252,1.1,rho_minus10pp,5,5,Heston_minus_BS,2.938115983510179,0.0796777339028627,2.7819043232314016,3.094327643788956,2.6228257158666928,3.253406251153665,4096,2.902273409736282,0.0069843632191677,0.007453800474200381,0.02159381214860045,2.601231903718092,3.2750000633022656,positive
252,1.1,rho_minus10pp,5,5,Adjusted_minus_Heston,-4.044647570313634,0.1322642729508029,-4.303957425917697,-3.7853377147095713,-4.568026386146541,-3.5212687544807273,4096,-4.0248936243593105,-0.010045322343683367,0.011889644215739566,0.03334902500653292,-4.601375411153074,-3.4879197294741946,negative
252,1.1,rho_minus10pp,10,1,Heston_minus_BS,2.590724088687125,0.0692879290708247,2.45488209234437,2.72656608502988,2.316546992638735,2.8649011847355146,4096,2.5424841091083,0.00798831175245808,0.0061821434363516425,0.020105312887707297,2.2964416797510276,2.885006497623222,positive
252,1.1,rho_minus10pp,10,1,Adjusted_minus_Heston,-3.3300230449519233,0.1128718324587334,-3.5513131781349556,-3.108732911768891,-3.7766646413194898,-2.8833814485843567,4096,-3.286914292388448,-0.011757271286499808,0.009938714970498523,0.031237152628676913,-3.8079017939481665,-2.85214429595568,negative
252,1.1,rho_minus10pp,10,5,Heston_minus_BS,2.7715774243546227,0.0772957599770452,2.620035727483017,2.9231191212262284,2.4657127911990147,3.077442057510231,4096,2.747354606126221,0.007421508266393041,0.007325774119859501,0.021780025541317662,2.443932765657697,3.0992220830515484,positive
252,1.1,rho_minus10pp,10,5,Adjusted_minus_Heston,-3.704820233145533,0.1288741965113453,-3.9574836965501734,-3.4521567697408924,-4.214784283578215,-3.194856182712851,4096,-3.70417073780244,-0.010758324278049614,0.011713576212320786,0.03371693365419835,-4.2485012172324135,-3.1611392490586527,negative
252,1.1,rho_plus10pp,0,1,Heston_minus_BS,2.2225746212783872,0.0555211692105762,2.1137229559740427,2.331426286582732,2.0028735398994537,2.4422757026573207,4096,2.182672734609527,0.004371665346967215,0.004098844785265,0.012405401126086613,1.9904681387733671,2.4546811037834075,positive
252,1.1,rho_plus10pp,0,1,Adjusted_minus_Heston,-3.2207048567889576,0.0899818463745223,-3.3971181774068646,-3.0442915361710505,-3.576769205469674,-2.864640508108242,4096,-3.157468032523204,-0.006111249791919387,0.007506593469557964,0.020824172992252997,-3.597593378461927,-2.8438163351159886,negative
252,1.1,rho_plus10pp,0,5,Heston_minus_BS,2.223408315690919,0.0583915441287396,2.1089291556069725,2.337887475774865,1.9923489635397744,2.4544676678420636,4096,2.2050000362558846,0.004010870987451926,0.004646538298900952,0.01311808605329779,1.9792308774864766,2.4675857538953614,positive
252,1.1,rho_plus10pp,0,5,Adjusted_minus_Heston,-3.2128558053646983,0.096299145408619,-3.4016544653020797,-3.024057145427317,-3.5939181403796203,-2.831793470349776,4096,-3.1917857199894604,-0.006413617426978312,0.00836894354510351,0.02281674677538119,-3.6167348871550016,-2.8089767235743945,negative
252,1.1,rho_plus10pp,5,1,Heston_minus_BS,2.009422754293782,0.052042799094951,1.9073905847784156,2.1114549238091485,1.8034858224582524,2.215359686129311,4096,1.9809556272071152,0.005027101940430945,0.0038850061085819163,0.012641713913251501,1.7908441085450009,2.2280014000425625,positive
252,1.1,rho_plus10pp,5,1,Adjusted_minus_Heston,-2.8290126239496782,0.084471158258666,-2.994622001010331,-2.6634032468890254,-3.1632708011212203,-2.494754446778136,4096,-2.785028801734162,-0.007385635054176804,0.00714936670207798,0.021398393790249645,-3.18466919491147,-2.4733560529878864,negative
252,1.1,rho_plus10pp,5,5,Heston_minus_BS,2.086081259423066,0.0565362704935754,1.975239443934961,2.196923074911171,1.862363352520552,2.3097991663255804,4096,2.0756795104145462,0.004218943082791155,0.004563053211697083,0.013162527377717437,1.8492008251428347,2.3229616937032977,positive
252,1.1,rho_plus10pp,5,5,Adjusted_minus_Heston,-2.965516964441559,0.0935297055777497,-3.1488860172248305,-2.7821479116582877,-3.3356204357598576,-2.5954134931232606,4096,-2.9576716042200566,-0.006946919644568863,0.00822749588552381,0.02307281158019553,-3.358693247340053,-2.572340681543065,negative
252,1.1,rho_plus10pp,10,1,Heston_minus_BS,1.805730489542858,0.0490696585992291,1.7095272911883057,1.9019336878974105,1.6115584789308746,1.9999025001548412,4096,1.788943133133544,0.005714573135837489,0.0037079683506518442,0.012982191103115104,1.5985762878277594,2.0128846912579563,positive
252,1.1,rho_plus10pp,10,1,Adjusted_minus_Heston,-2.4491578032339945,0.0799594261084632,-2.6059217333247884,-2.2923938731432005,-2.7655627462898753,-2.1327528601781136,4096,-2.4249755567582714,-0.008733222795124158,0.006871352570808192,0.022201073833908215,-2.7877638201237835,-2.1105517863442054,negative
252,1.1,rho_plus10pp,10,5,Heston_minus_BS,1.951473498347085,0.0548768807986405,1.8438849884764723,2.0590620082176976,1.7343219104826937,2.168625086211476,4096,1.9491616514665269,0.004429486615621238,0.0044911680114464525,0.013232175918056284,1.7210897345646374,2.1818572621295327,positive
252,1.1,rho_plus10pp,10,5,Adjusted_minus_Heston,-2.7216987414623155,0.0911211067183124,-2.9003456314988783,-2.5430518514257527,-3.0822712216010255,-2.3611262613236055,4096,-2.7272338701694063,-0.007484854929205413,0.008108413252625065,0.02337734490435054,-3.105648566505376,-2.337748916419255,negative
