maturity_days,strike_over_forward,scenario,fee_bps,rebalance_days,strategy,coarse_mse,fine_mse,mse_refinement_shift,mse_refinement_se
63,0.9,reference,0,1,BS,0.5928046736477202,0.5939761227466976,0.0011714490989775486,0.001291242112995161
63,0.9,reference,0,1,Heston,0.6999010109655319,0.7004005403791688,0.0004995294136368768,0.0013218691703411696
63,0.9,reference,0,1,Adjusted,0.5924137219149656,0.594000959065992,0.0015872371510265006,0.0014648256710554327
63,0.9,reference,0,5,BS,0.9573204606235226,0.9595084474319495,0.002187986808427077,0.0033189566444119002
63,0.9,reference,0,5,Heston,1.054409487436786,1.0561510080194734,0.0017415205826871827,0.003039615284429643
63,0.9,reference,0,5,Adjusted,0.9701545714003729,0.972632832776078,0.0024782613757050515,0.003709121215221112
63,0.9,reference,5,1,BS,0.5582275370527594,0.55897574126978,0.0007482042170205451,0.0013186685266628878
63,0.9,reference,5,1,Heston,0.6684025308957392,0.6684907073662144,8.817647047527775e-05,0.0014712900096354436
63,0.9,reference,5,1,Adjusted,0.5585747715676846,0.5597198587366716,0.0011450871689869606,0.0014134417517542171
63,0.9,reference,5,5,BS,0.9129561078397588,0.9146940506513408,0.001737942811581949,0.0032356748903360774
63,0.9,reference,5,5,Heston,1.00357152646719,1.0048859153495346,0.0013143888823442878,0.0030215151112296178
63,0.9,reference,5,5,Adjusted,0.932403226019777,0.9344041221723929,0.0020008961526157593,0.0035919043500711144
63,0.9,reference,10,1,BS,0.5773918519558126,0.5777459106249443,0.00035405866913169995,0.0014455932811347008
63,0.9,reference,10,1,Heston,0.6889715737363997,0.6886706987359332,-0.0003008750004664865,0.0016942728349837379
63,0.9,reference,10,1,Adjusted,0.5798883746878614,0.5806260475763214,0.0007376728884601115,0.0014627998113643263
63,0.9,reference,10,5,BS,0.8972498198377674,0.898541170606362,0.0012913507685946078,0.0031830168269453485
63,0.9,reference,10,5,Heston,0.981196464301813,0.982086226479774,0.0008897621779609568,0.003039207283332318
63,0.9,reference,10,5,Adjusted,0.9235103038142706,0.9250381251939032,0.0015278213796325588,0.003500649941226339
63,0.9,kappa_minus20,0,1,BS,0.5928046736477202,0.5939761227466976,0.0011714490989775486,0.001291242112995161
63,0.9,kappa_minus20,0,1,Heston,0.7132395198104947,0.7136821820785921,0.00044266226809731537,0.0013339593101098994
63,0.9,kappa_minus20,0,1,Adjusted,0.592797352694756,0.5943847845946939,0.0015874318999379627,0.0014616150150737208
63,0.9,kappa_minus20,0,5,BS,0.9573204606235226,0.9595084474319495,0.002187986808427077,0.0033189566444119002
63,0.9,kappa_minus20,0,5,Heston,1.0678679355530312,1.0695739595460767,0.0017060239930456742,0.0030196875071638114
63,0.9,kappa_minus20,0,5,Adjusted,0.9705541602948144,0.9730031094677132,0.0024489491728987827,0.0037102068545009316
63,0.9,kappa_minus20,5,1,BS,0.5582275370527594,0.55897574126978,0.0007482042170205451,0.0013186685266628878
63,0.9,kappa_minus20,5,1,Heston,0.6823683749435804,0.6823993480422135,3.097309863310451e-05,0.0014922076452983054
63,0.9,kappa_minus20,5,1,Adjusted,0.5590559217516722,0.5602000740139905,0.0011441522623183075,0.0014124076075311901
63,0.9,kappa_minus20,5,5,BS,0.9129561078397588,0.9146940506513408,0.001737942811581949,0.0032356748903360774
63,0.9,kappa_minus20,5,5,Heston,1.0166824078295722,1.017958700796762,0.001276292967190044,0.0030070354373425002
63,0.9,kappa_minus20,5,5,Adjusted,0.9327606240152796,0.9347275762097993,0.001966952194519562,0.0035928245561580546
63,0.9,kappa_minus20,10,1,BS,0.5773918519558126,0.5777459106249443,0.00035405866913169995,0.0014455932811347008
63,0.9,kappa_minus20,10,1,Heston,0.7037755452251491,0.7034174855413304,-0.00035805968381866736,0.0017217155431450775
63,0.9,kappa_minus20,10,1,Adjusted,0.580812530682676,0.581548493159364,0.0007359624766880385,0.0014638272945290034
63,0.9,kappa_minus20,10,5,BS,0.8972498198377674,0.898541170606362,0.0012913507685946078,0.0031830168269453485
63,0.9,kappa_minus20,10,5,Heston,0.9940490421926937,0.9948982264895628,0.0008491842968690998,0.0030307408902281877
63,0.9,kappa_minus20,10,5,Adjusted,0.9239164668093494,0.9254057755026346,0.0014893086932852204,0.003501601320618531
63,0.9,kappa_plus20,0,1,BS,0.5928046736477202,0.5939761227466976,0.0011714490989775486,0.001291242112995161
63,0.9,kappa_plus20,0,1,Heston,0.6884871642888063,0.6890387199521929,0.0005515556633865006,0.0013135760237935102
63,0.9,kappa_plus20,0,1,Adjusted,0.5922896675357681,0.5938749756636096,0.0015853081278415192,0.0014690478948134514
63,0.9,kappa_plus20,0,5,BS,0.9573204606235226,0.9595084474319495,0.002187986808427077,0.0033189566444119002
63,0.9,kappa_plus20,0,5,Heston,1.0429518900571901,1.0447278398437407,0.0017759497865503528,0.0030603022323040818
63,0.9,kappa_plus20,0,5,Adjusted,0.9699456881387435,0.9724482267885819,0.002502538649838623,0.003709035751777606
63,0.9,kappa_plus20,5,1,BS,0.5582275370527594,0.55897574126978,0.0007482042170205451,0.0013186685266628878
63,0.9,kappa_plus20,5,1,Heston,0.6564342456366556,0.6565752334604877,0.00014098782383212863,0.0014544662350006578
63,0.9,kappa_plus20,5,1,Adjusted,0.558371837148008,0.5595153616066557,0.001143524458647744,0.0014157894834674353
63,0.9,kappa_plus20,5,5,BS,0.9129561078397588,0.9146940506513408,0.001737942811581949,0.0032356748903360774
63,0.9,kappa_plus20,5,5,Heston,0.9924512703418731,0.9938017462391695,0.0013504758972964744,0.003037284701529266
63,0.9,kappa_plus20,5,5,Adjusted,0.9322227048689034,0.9342518611406023,0.0020291562716987714,0.0035921144949875544
63,0.9,kappa_plus20,10,1,BS,0.5773918519558126,0.5777459106249443,0.00035405866913169995,0.0014455932811347008
63,0.9,kappa_plus20,10,1,Heston,0.6762573405573075,0.6760105326864161,-0.0002468078708914987,0.0016711742417554773
63,0.9,kappa_plus20,10,1,Adjusted,0.5792935806071124,0.580030074045425,0.0007364934383124723,0.0014633150160959741
63,0.9,kappa_plus20,10,5,BS,0.8972498198377674,0.898541170606362,0.0012913507685946078,0.0031830168269453485
63,0.9,kappa_plus20,10,5,Heston,0.9703326945547495,0.9712600264217985,0.0009273318670488912,0.0030495097522625432
63,0.9,kappa_plus20,10,5,Adjusted,0.9232767540890344,0.9248367113015719,0.0015599572125375842,0.0035009725365163745
63,0.9,theta_minus20,0,1,BS,0.5928046736477202,0.5939761227466976,0.0011714490989775486,0.001291242112995161
63,0.9,theta_minus20,0,1,Heston,0.7278118127218267,0.7281518220455444,0.00034000932371773204,0.0013637897568651728
63,0.9,theta_minus20,0,1,Adjusted,0.5877384821513272,0.589254559709743,0.0015160775584158914,0.0014357385073329636
63,0.9,theta_minus20,0,5,BS,0.9573204606235226,0.9595084474319495,0.002187986808427077,0.0033189566444119002
63,0.9,theta_minus20,0,5,Heston,1.0825906198828719,1.0841835503984598,0.0015929305155879593,0.003028322785835381
63,0.9,theta_minus20,0,5,Adjusted,0.963515861444876,0.9658826101148477,0.0023667486699716026,0.003643446014599718
63,0.9,theta_minus20,5,1,BS,0.5582275370527594,0.55897574126978,0.0007482042170205451,0.0013186685266628878
63,0.9,theta_minus20,5,1,Heston,0.6985205774024836,0.6984477271989373,-7.285020354625294e-05,0.0015365070953092847
63,0.9,theta_minus20,5,1,Adjusted,0.5553819748626458,0.5564588164552182,0.0010768415925724271,0.0014088095957170864
63,0.9,theta_minus20,5,5,BS,0.9129561078397588,0.9146940506513408,0.001737942811581949,0.0032356748903360774
63,0.9,theta_minus20,5,5,Heston,1.0314532630145696,1.0326162349023111,0.0011629718877414663,0.003026297009105194
63,0.9,theta_minus20,5,5,Adjusted,0.9251295954219231,0.927016214647725,0.0018866192258020472,0.0035354767033354004
63,0.9,theta_minus20,10,1,BS,0.5773918519558126,0.5777459106249443,0.00035405866913169995,0.0014455932811347008
63,0.9,theta_minus20,10,1,Heston,0.7216984048913568,0.7212349464252616,-0.0004634584660952215,0.001777534374265126
63,0.9,theta_minus20,10,1,Adjusted,0.578768903585339,0.5794409283264584,0.0006720247411195133,0.0014834770322733556
63,0.9,theta_minus20,10,5,BS,0.8972498198377674,0.898541170606362,0.0012913507685946078,0.0031830168269453485
63,0.9,theta_minus20,10,5,Heston,1.0089545292504662,1.0096899319381893,0.000735402687722917,0.0030610313861071906
63,0.9,theta_minus20,10,5,Adjusted,0.9158234040151999,0.9172342414216934,0.0014108374064933991,0.0034552143974339333
63,0.9,theta_plus20,0,1,BS,0.5928046736477202,0.5939761227466976,0.0011714490989775486,0.001291242112995161
63,0.9,theta_plus20,0,1,Heston,0.6774844672016022,0.678129932887007,0.0006454656854048009,0.0012922046713267853
63,0.9,theta_plus20,0,1,Adjusted,0.6005926045937267,0.6022420304355491,0.001649425841822325,0.0015002207476709634
63,0.9,theta_plus20,0,5,BS,0.9573204606235226,0.9595084474319495,0.002187986808427077,0.0033189566444119002
63,0.9,theta_plus20,0,5,Heston,1.0321182390168944,1.0340000826934883,0.0018818436765939178,0.0030605175677053433
63,0.9,theta_plus20,0,5,Adjusted,0.9804761176835699,0.9830553125365199,0.0025791948529499866,0.0037773663770142153
63,0.9,theta_plus20,5,1,BS,0.5582275370527594,0.55897574126978,0.0007482042170205451,0.0013186685266628878
63,0.9,theta_plus20,5,1,Heston,0.6440410448171325,0.6442761533774912,0.00023510856035867107,0.0014177116665881815
63,0.9,theta_plus20,5,1,Adjusted,0.5654953405170242,0.5666982048118772,0.0012028642948529455,0.0014264798147286982
63,0.9,theta_plus20,5,5,BS,0.9129561078397588,0.9146940506513408,0.001737942811581949,0.0032356748903360774
63,0.9,theta_plus20,5,5,Heston,0.9816467503069525,0.9831035320390704,0.0014567817321179798,0.0030277524081611263
63,0.9,theta_plus20,5,5,Adjusted,0.9433910996474832,0.9454943359947636,0.002103236347280439,0.003652229843505744
63,0.9,theta_plus20,10,1,BS,0.5773918519558126,0.5777459106249443,0.00035405866913169995,0.0014455932811347008
63,0.9,theta_plus20,10,1,Heston,0.6622686227571988,0.6621164187854559,-0.00015220397174281773,0.001622116114508164
63,0.9,theta_plus20,10,1,Adjusted,0.5849841198722466,0.5857757948431301,0.0007916749708833963,0.0014515839579102069
63,0.9,theta_plus20,10,5,BS,0.8972498198377674,0.898541170606362,0.0012913507685946078,0.0031830168269453485
63,0.9,theta_plus20,10,5,Heston,0.9594691724332285,0.9605033448351463,0.0010341724019178788,0.003029645863043284
63,0.9,theta_plus20,10,5,Adjusted,0.934956469849773,0.9365879507199597,0.0016314808701867658,0.003551447864941959
63,0.9,xi_minus20,0,1,BS,0.5928046736477202,0.5939761227466976,0.0011714490989775486,0.001291242112995161
63,0.9,xi_minus20,0,1,Heston,0.6774117749728749,0.6781321461150486,0.0007203711421736298,0.0012916484193484076
63,0.9,xi_minus20,0,1,Adjusted,0.5851329247956172,0.5867198430397257,0.001586918244108457,0.0014155331923355532
63,0.9,xi_minus20,0,5,BS,0.9573204606235226,0.9595084474319495,0.002187986808427077,0.0033189566444119002
63,0.9,xi_minus20,0,5,Heston,1.0331348216179888,1.0349649021733933,0.0018300805554048814,0.0030541500563514502
63,0.9,xi_minus20,0,5,Adjusted,0.9587446490824038,0.9611649909607511,0.0024203418783473206,0.003595397550804952
63,0.9,xi_minus20,5,1,BS,0.5582275370527594,0.55897574126978,0.0007482042170205451,0.0013186685266628878
63,0.9,xi_minus20,5,1,Heston,0.6449735551423208,0.6453040969296915,0.0003305417873705816,0.0014218210594122468
63,0.9,xi_minus20,5,1,Adjusted,0.550808169321739,0.5519822772826228,0.0011741079608837612,0.001383418892693825
63,0.9,xi_minus20,5,5,BS,0.9129561078397588,0.9146940506513408,0.001737942811581949,0.0032356748903360774
63,0.9,xi_minus20,5,5,Heston,0.982671965269476,0.9840750263935929,0.0014030611241170098,0.003025350538658746
63,0.9,xi_minus20,5,5,Adjusted,0.9186428886944376,0.9205985441350568,0.0019556554406192353,0.003486387456680865
63,0.9,xi_minus20,10,1,BS,0.5773918519558126,0.5777459106249443,0.00035405866913169995,0.0014455932811347008
63,0.9,xi_minus20,10,1,Heston,0.6652337675368775,0.6651985279119897,-3.523962488777272e-05,0.001630625025554241
63,0.9,xi_minus20,10,1,Adjusted,0.5717547487620712,0.5725509587687599,0.0007962100066886853,0.0014532811528888783
63,0.9,xi_minus20,10,5,BS,0.8972498198377674,0.898541170606362,0.0012913507685946078,0.0031830168269453485
63,0.9,xi_minus20,10,5,Heston,0.9608176378514469,0.9617967336661026,0.000979095814655634,0.0030320182824139547
63,0.9,xi_minus20,10,5,Adjusted,0.9074895568614028,0.9089850256947754,0.0014954688333724368,0.0034046562154594682
63,0.9,xi_plus20,0,1,BS,0.5928046736477202,0.5939761227466976,0.0011714490989775486,0.001291242112995161
63,0.9,xi_plus20,0,1,Heston,0.7272826685674885,0.7275211753017324,0.00023850673424388128,0.0013704778655062194
63,0.9,xi_plus20,0,1,Adjusted,0.6057791842596061,0.6073459574232175,0.0015667731636113578,0.0015198486234829487
63,0.9,xi_plus20,0,5,BS,0.9573204606235226,0.9595084474319495,0.002187986808427077,0.0033189566444119002
63,0.9,xi_plus20,0,5,Heston,1.0803877118235763,1.0820114392947795,0.0016237274712033471,0.0030362536116369412
63,0.9,xi_plus20,0,5,Adjusted,0.9876274587607838,0.9901437779168881,0.0025163191561043225,0.0038244569161320213
63,0.9,xi_plus20,5,1,BS,0.5582275370527594,0.55897574126978,0.0007482042170205451,0.0013186685266628878
63,0.9,xi_plus20,5,1,Heston,0.6970259217454798,0.6968307277059127,-0.00019519403956710804,0.0015408424237030418
63,0.9,xi_plus20,5,1,Adjusted,0.5726480966263241,0.5737424454407825,0.0010943488144583135,0.0014520972651284542
63,0.9,xi_plus20,5,5,BS,0.9129561078397588,0.9146940506513408,0.001737942811581949,0.0032356748903360774
63,0.9,xi_plus20,5,5,Heston,1.0292210502851118,1.0304179353689988,0.0011968850838872057,0.0030303974879243595
63,0.9,xi_plus20,5,5,Adjusted,0.9522821984824048,0.9543065043895261,0.002024305907121262,0.003700253564212399
63,0.9,xi_plus20,10,1,BS,0.5773918519558126,0.5777459106249443,0.00035405866913169995,0.0014455932811347008
63,0.9,xi_plus20,10,1,Heston,0.7182493250654906,0.7176413562617405,-0.0006079688037501773,0.0017794583458533252
63,0.9,xi_plus20,10,1,Adjusted,0.5945540904520253,0.5952104095750292,0.0006563191230039267,0.0014831482020014506
63,0.9,xi_plus20,10,5,BS,0.8972498198377674,0.898541170606362,0.0012913507685946078,0.0031830168269453485
63,0.9,xi_plus20,10,5,Heston,1.006384616128402,1.0071566444928162,0.0007720283644141255,0.0030605949565410974
63,0.9,xi_plus20,10,5,Adjusted,0.9457102525086094,0.9472465668517942,0.0015363143431847473,0.0036009216730158336
63,0.9,rho_minus10pp,0,1,BS,0.5928046736477202,0.5939761227466976,0.0011714490989775486,0.001291242112995161
63,0.9,rho_minus10pp,0,1,Heston,0.7111728100032249,0.7115940469090949,0.00042123690586992445,0.0013353853929906267
63,0.9,rho_minus10pp,0,1,Adjusted,0.6102735683427285,0.6119129904337939,0.0016394220910653694,0.0015368531288803182
63,0.9,rho_minus10pp,0,5,BS,0.9573204606235226,0.9595084474319495,0.002187986808427077,0.0033189566444119002
63,0.9,rho_minus10pp,0,5,Heston,1.0642923404691684,1.066033944482138,0.0017416040129698213,0.003032347565926499
63,0.9,rho_minus10pp,0,5,Adjusted,0.9928047428578526,0.9953607951499683,0.002556052292115764,0.0038567593590556034
63,0.9,rho_minus10pp,5,1,BS,0.5582275370527594,0.55897574126978,0.0007482042170205451,0.0013186685266628878
63,0.9,rho_minus10pp,5,1,Heston,0.6792909536068589,0.6792919569590137,1.0033521548285357e-06,0.0014885938334807676
63,0.9,rho_minus10pp,5,1,Adjusted,0.57600434139823,0.5771806086421076,0.0011762672438776927,0.0014561329490900819
63,0.9,rho_minus10pp,5,5,BS,0.9129561078397588,0.9146940506513408,0.001737942811581949,0.0032356748903360774
63,0.9,rho_minus10pp,5,5,Heston,1.0130244633284757,1.0143443567085986,0.0013198933801228693,0.003015882564199025
63,0.9,rho_minus10pp,5,5,Adjusted,0.9572977276328807,0.9593692774089784,0.0020715497760979027,0.003728242475777002
63,0.9,rho_minus10pp,10,1,BS,0.5773918519558126,0.5777459106249443,0.00035405866913169995,0.0014455932811347008
63,0.9,rho_minus10pp,10,1,Heston,0.698917782289143,0.6985202590023336,-0.0003975232868093412,0.001713804067422801
63,0.9,rho_minus10pp,10,1,Adjusted,0.5967281324609105,0.5974768403582402,0.0007487078973298237,0.0014733663007708991
63,0.9,rho_minus10pp,10,5,BS,0.8972498198377674,0.898541170606362,0.0012913507685946078,0.0031830168269453485
63,0.9,rho_minus10pp,10,5,Heston,0.9900654726974205,0.9909661209345781,0.0009006482371577023,0.0030349501577800002
63,0.9,rho_minus10pp,10,5,Adjusted,0.950525957405201,0.9521173801705212,0.0015914227653203489,0.0036237049724411725
63,0.9,rho_plus10pp,0,1,BS,0.5928046736477202,0.5939761227466976,0.0011714490989775486,0.001291242112995161
63,0.9,rho_plus10pp,0,1,Heston,0.6898468235373447,0.6904400502706859,0.0005932267333410817,0.001312238017350423
63,0.9,rho_plus10pp,0,1,Adjusted,0.5840207202561911,0.5855475143216804,0.001526794065489387,0.0014067554292433065
63,0.9,rho_plus10pp,0,5,BS,0.9573204606235226,0.9595084474319495,0.002187986808427077,0.0033189566444119002
63,0.9,rho_plus10pp,0,5,Heston,1.045633766078612,1.0473835894408974,0.001749823362285682,0.003048916144671163
63,0.9,rho_plus10pp,0,5,Adjusted,0.9575136110496523,0.9599026122604849,0.0023890012108324873,0.003573902082484601
63,0.9,rho_plus10pp,5,1,BS,0.5582275370527594,0.55897574126978,0.0007482042170205451,0.0013186685266628878
63,0.9,rho_plus10pp,5,1,Heston,0.6587718658895094,0.6589647281306034,0.00019286224109394583,0.00145753407761076
63,0.9,rho_plus10pp,5,1,Adjusted,0.5507718736364015,0.5518767736026087,0.0011048999662070843,0.0013864378601548548
63,0.9,rho_plus10pp,5,5,BS,0.9129561078397588,0.9146940506513408,0.001737942811581949,0.0032356748903360774
63,0.9,rho_plus10pp,5,5,Heston,0.995225438890415,0.9965431987643462,0.0013177598739310958,0.0030290972450033793
63,0.9,rho_plus10pp,5,5,Adjusted,0.9176314706937043,0.9195481708029416,0.0019167001092371845,0.0034691484909841344
63,0.9,rho_plus10pp,10,1,BS,0.5773918519558126,0.5777459106249443,0.00035405866913169995,0.0014455932811347008
63,0.9,rho_plus10pp,10,1,Heston,0.6803438215374933,0.680159425084814,-0.00018439645267938722,0.0016780151998469857
63,0.9,rho_plus10pp,10,1,Adjusted,0.5728179667480137,0.5735351036697334,0.0007171369217196557,0.001467755041549347
63,0.9,rho_plus10pp,10,5,BS,0.8972498198377674,0.898541170606362,0.0012913507685946078,0.0031830168269453485
63,0.9,rho_plus10pp,10,5,Heston,0.9734392841624739,0.9743276279269162,0.0008883437644421628,0.003045322378139778
63,0.9,rho_plus10pp,10,5,Adjusted,0.9067265411518614,0.9081752516283774,0.0014487104765161037,0.0033924526728874643
63,1.0,reference,0,1,BS,1.3280799192114279,1.3337919725429406,0.005712053331512562,0.0027687675057309694
63,1.0,reference,0,1,Heston,1.6694334177322716,1.6767357778256606,0.007302360093389049,0.0029931073206754897
63,1.0,reference,0,1,Adjusted,1.2320859184574897,1.235889130710532,0.00380321225304243,0.002744141808974565
63,1.0,reference,0,5,BS,1.9785782483766825,1.98236351619523,0.0037852678185474583,0.004641523330873751
63,1.0,reference,0,5,Heston,2.3658175999639406,2.3698490035662783,0.004031403602337828,0.0047014159873253105
63,1.0,reference,0,5,Adjusted,1.8574489591828462,1.8603164127993093,0.002867453616462885,0.004782449538215391
63,1.0,reference,5,1,BS,1.2446500711241508,1.2511928797048772,0.006542808580726439,0.002677207193953157
63,1.0,reference,5,1,Heston,1.5616908698895344,1.5700494845811388,0.008358614691604493,0.0029289624689169506
63,1.0,reference,5,1,Adjusted,1.1803166004460193,1.1848089201697958,0.0044923197237764344,0.0026713613920303775
63,1.0,reference,5,5,BS,1.9052863902685102,1.9086614638260644,0.0033750735575541497,0.004622311666597925
63,1.0,reference,5,5,Heston,2.268109377625355,2.271840615562227,0.003731237936871946,0.004684184424945211
63,1.0,reference,5,5,Adjusted,1.8108090183001586,1.8132053698901895,0.002396351590030701,0.00478528003580103
63,1.0,reference,10,1,BS,1.2288315907388903,1.2363105103024123,0.0074789195635220265,0.00268860699094163
63,1.0,reference,10,1,Heston,1.523640416586339,1.5331626586450033,0.009522242058664207,0.002963880695299402
63,1.0,reference,10,1,Adjusted,1.1956545328061425,1.2009446745870076,0.00529014178086498,0.0027003427285297267
63,1.0,reference,10,5,BS,1.8584828108882219,1.8614810130328658,0.002998202144644173,0.00464314198598499
63,1.0,reference,10,5,Heston,2.1979762352806924,2.2014409288999657,0.0034646936192731133,0.004710197645001047
63,1.0,reference,10,5,Adjusted,1.7900826412730155,1.792039501737038,0.0019568604640224758,0.004825051626870344
63,1.0,kappa_minus20,0,1,BS,1.3280799192114279,1.3337919725429406,0.005712053331512562,0.0027687675057309694
63,1.0,kappa_minus20,0,1,Heston,1.694015553739689,1.7013929489451072,0.0073773952054182555,0.003018416315610988
63,1.0,kappa_minus20,0,1,Adjusted,1.2313934366699502,1.23507827740225,0.003684840732299846,0.0027273599512057413
63,1.0,kappa_minus20,0,5,BS,1.9785782483766825,1.98236351619523,0.0037852678185474583,0.004641523330873751
63,1.0,kappa_minus20,0,5,Heston,2.396553450877828,2.40050022704934,0.003946776171511792,0.004714013590849598
63,1.0,kappa_minus20,0,5,Adjusted,1.85740880608496,1.8601745695186533,0.0027657634336931917,0.004780380732553496
63,1.0,kappa_minus20,5,1,BS,1.2446500711241508,1.2511928797048772,0.006542808580726439,0.002677207193953157
63,1.0,kappa_minus20,5,1,Heston,1.5845028873949083,1.5929660731044422,0.00846318570953357,0.002954998388455547
63,1.0,kappa_minus20,5,1,Adjusted,1.1814426563213554,1.1858307308276885,0.004388074506333366,0.0026619478072973392
63,1.0,kappa_minus20,5,5,BS,1.9052863902685102,1.9086614638260644,0.0033750735575541497,0.004622311666597925
63,1.0,kappa_minus20,5,5,Heston,2.2970563026748265,2.3007321776852625,0.0036758750104364003,0.0047009043570595405
63,1.0,kappa_minus20,5,5,Adjusted,1.8121041914966765,1.8144072765913277,0.0023030850946512563,0.004790583115335552
63,1.0,kappa_minus20,10,1,BS,1.2288315907388903,1.2363105103024123,0.0074789195635220265,0.00268860699094163
63,1.0,kappa_minus20,10,1,Heston,1.5458180969613893,1.5554735347456887,0.009655437784299675,0.002990221798066278
63,1.0,kappa_minus20,10,1,Adjusted,1.199417431196631,1.2046165187330062,0.005199087536375203,0.0026982004308668084
63,1.0,kappa_minus20,10,5,BS,1.8584828108882219,1.8614810130328658,0.002998202144644173,0.00464314198598499
63,1.0,kappa_minus20,10,5,Heston,2.2254440155414303,2.2288815298471176,0.003437514305686939,0.0047316155069788085
63,1.0,kappa_minus20,10,5,Adjusted,1.7928581385600748,1.7947317013207469,0.0018735627606720237,0.004837984559867101
63,1.0,kappa_plus20,0,1,BS,1.3280799192114279,1.3337919725429406,0.005712053331512562,0.0027687675057309694
63,1.0,kappa_plus20,0,1,Heston,1.6494602521964925,1.6566872228138727,0.007226970617380412,0.0029780467122675638
63,1.0,kappa_plus20,0,1,Adjusted,1.2343707381962608,1.23827466913034,0.0039039309340794083,0.002763735236317876
63,1.0,kappa_plus20,0,5,BS,1.9785782483766825,1.98236351619523,0.0037852678185474583,0.004641523330873751
63,1.0,kappa_plus20,0,5,Heston,2.340375422449504,2.344479766339666,0.004104343890162328,0.0046999342936455855
63,1.0,kappa_plus20,0,5,Adjusted,1.8591382428235397,1.862090932558864,0.0029526897353242872,0.00478780737120942
63,1.0,kappa_plus20,5,1,BS,1.2446500711241508,1.2511928797048772,0.006542808580726439,0.002677207193953157
63,1.0,kappa_plus20,5,1,Heston,1.543323478320838,1.5515730540756536,0.008249575754815296,0.002911257872305285
63,1.0,kappa_plus20,5,1,Adjusted,1.1809977352193115,1.185581844665244,0.0045841094459325125,0.002685936878502012
63,1.0,kappa_plus20,5,5,BS,1.9052863902685102,1.9086614638260644,0.0033750735575541497,0.004622311666597925
63,1.0,kappa_plus20,5,5,Heston,2.2442434038604464,2.248023864478644,0.00378046061819751,0.004679185162926521
63,1.0,kappa_plus20,5,5,Adjusted,1.8112887663739397,1.8137607688349089,0.002472002460969197,0.004785133497676169
63,1.0,kappa_plus20,10,1,BS,1.2288315907388903,1.2363105103024123,0.0074789195635220265,0.00268860699094163
63,1.0,kappa_plus20,10,1,Heston,1.5059130717539522,1.5152943314047806,0.00938125965082853,0.0029442185349033284
63,1.0,kappa_plus20,10,1,Adjusted,1.1940380093264031,1.1994110219575982,0.00537301263119501,0.002709284166088605
63,1.0,kappa_plus20,10,5,BS,1.8584828108882219,1.8614810130328658,0.002998202144644173,0.00464314198598499
63,1.0,kappa_plus20,10,5,Heston,2.175425107359278,2.178915604498556,0.003490497139277861,0.004701059572300972
63,1.0,kappa_plus20,10,5,Adjusted,1.7892319928978,1.7912541834279874,0.0020221905301874518,0.004819132669454683
63,1.0,theta_minus20,0,1,BS,1.3280799192114279,1.3337919725429406,0.005712053331512562,0.0027687675057309694
63,1.0,theta_minus20,0,1,Heston,1.6871240134718408,1.6945821646960852,0.007458151224244581,0.003012801877795243
63,1.0,theta_minus20,0,1,Adjusted,1.2301390245810426,1.2339879572868595,0.0038489327058169823,0.0027093766516298394
63,1.0,theta_minus20,0,5,BS,1.9785782483766825,1.98236351619523,0.0037852678185474583,0.004641523330873751
63,1.0,theta_minus20,0,5,Heston,2.3897666175439634,2.393671312273356,0.003904694729392186,0.0047247587497056785
63,1.0,theta_minus20,0,5,Adjusted,1.8572515629851922,1.8600298486851887,0.0027782856999968098,0.004783049113824137
63,1.0,theta_minus20,5,1,BS,1.2446500711241508,1.2511928797048772,0.006542808580726439,0.002677207193953157
63,1.0,theta_minus20,5,1,Heston,1.5798014464375036,1.5883783807143967,0.008576934276893008,0.002957059009989822
63,1.0,theta_minus20,5,1,Adjusted,1.1804917591623216,1.185087120614344,0.004595361452022507,0.0026524619315118018
63,1.0,theta_minus20,5,5,BS,1.9052863902685102,1.9086614638260644,0.0033750735575541497,0.004622311666597925
63,1.0,theta_minus20,5,5,Heston,2.2911685705548637,2.2948200374504086,0.003651466895544926,0.00471945940230841
63,1.0,theta_minus20,5,5,Adjusted,1.8111995433578394,1.8135384178118612,0.0023388744540217437,0.004800510146199285
63,1.0,theta_minus20,10,1,BS,1.2288315907388903,1.2363105103024123,0.0074789195635220265,0.00268860699094163
63,1.0,theta_minus20,10,1,Heston,1.5441245788271483,1.5539285794967406,0.009804000669592455,0.003000948301954653
63,1.0,theta_minus20,10,1,Adjusted,1.1997045110092712,1.2051557785214098,0.005451267512138352,0.0026985618919237423
63,1.0,theta_minus20,10,5,BS,1.8584828108882219,1.8614810130328658,0.002998202144644173,0.00464314198598499
63,1.0,theta_minus20,10,5,Heston,2.2206445082070374,2.224075884312856,0.003431376105818389,0.004758409179689227
63,1.0,theta_minus20,10,5,Adjusted,1.7914547077488296,1.7933876961932587,0.0019329884444290219,0.004855627361565704
63,1.0,theta_plus20,0,1,BS,1.3280799192114279,1.3337919725429406,0.005712053331512562,0.0027687675057309694
63,1.0,theta_plus20,0,1,Heston,1.6584081311788699,1.6655568528104054,0.007148721631535686,0.0029872679481876495
63,1.0,theta_plus20,0,1,Adjusted,1.237227406187999,1.240979589431477,0.003752183243477993,0.00278268307474431
63,1.0,theta_plus20,0,5,BS,1.9785782483766825,1.98236351619523,0.0037852678185474583,0.004641523330873751
63,1.0,theta_plus20,0,5,Heston,2.3490774304562883,2.3532205117126153,0.004143081256326877,0.004695936085861125
63,1.0,theta_plus20,0,5,Adjusted,1.86074747487949,1.8636862269175345,0.002938752038044393,0.00478941869930353
63,1.0,theta_plus20,5,1,BS,1.2446500711241508,1.2511928797048772,0.006542808580726439,0.002677207193953157
63,1.0,theta_plus20,5,1,Heston,1.5503339599312176,1.5584738376868414,0.008139877755623715,0.0029128614585031657
63,1.0,theta_plus20,5,1,Adjusted,1.1835582820609232,1.1879513272337197,0.004393045172796496,0.0026965757695054
63,1.0,theta_plus20,5,5,BS,1.9052863902685102,1.9086614638260644,0.0033750735575541497,0.004622311666597925
63,1.0,theta_plus20,5,5,Heston,2.2521264716450062,2.2559302137534925,0.003803742108485956,0.004668008169039442
63,1.0,theta_plus20,5,5,Adjusted,1.813537603029637,1.8159764899853372,0.0024388869557002654,0.004780031225503841
63,1.0,theta_plus20,10,1,BS,1.2288315907388903,1.2363105103024123,0.0074789195635220265,0.00268860699094163
63,1.0,theta_plus20,10,1,Heston,1.5102348488762216,1.519473488269134,0.009238639392912414,0.0029372444585893864
63,1.0,theta_plus20,10,1,Adjusted,1.195450578177064,1.2005918641808249,0.00514128600376083,0.0027103111721825173
63,1.0,theta_plus20,10,5,BS,1.8584828108882219,1.8614810130328658,0.002998202144644173,0.00464314198598499
63,1.0,theta_plus20,10,5,Heston,2.182314848903469,2.1858125000661,0.003497651162631077,0.00468225527998479
63,1.0,theta_plus20,10,5,Adjusted,1.7918941858167785,1.7938634568971221,0.0019692710803435208,0.004806834947925655
63,1.0,xi_minus20,0,1,BS,1.3280799192114279,1.3337919725429406,0.005712053331512562,0.0027687675057309694
63,1.0,xi_minus20,0,1,Heston,1.6005800948640334,1.6076583166083542,0.007078221744320754,0.0029360431713106754
63,1.0,xi_minus20,0,1,Adjusted,1.2378662889942693,1.2421678250798314,0.004301536085561891,0.0027602436172833654
63,1.0,xi_minus20,0,5,BS,1.9785782483766825,1.98236351619523,0.0037852678185474583,0.004641523330873751
63,1.0,xi_minus20,0,5,Heston,2.28466421223081,2.288885975424975,0.004221763194165163,0.004670258416833026
63,1.0,xi_minus20,0,5,Adjusted,1.8664335560424217,1.8696713066225528,0.003237750580131141,0.00476269298882077
63,1.0,xi_minus20,5,1,BS,1.2446500711241508,1.2511928797048772,0.006542808580726439,0.002677207193953157
63,1.0,xi_minus20,5,1,Heston,1.4943674586891662,1.5024434647862988,0.008076006097132096,0.0028564610392758315
63,1.0,xi_minus20,5,1,Adjusted,1.1771452741666484,1.1821546694421792,0.005009395275530695,0.0026754098560316003
63,1.0,xi_minus20,5,5,BS,1.9052863902685102,1.9086614638260644,0.0033750735575541497,0.004622311666597925
63,1.0,xi_minus20,5,5,Heston,2.189847996245579,2.1937418583018142,0.0038938620562356274,0.004648367786915077
63,1.0,xi_minus20,5,5,Adjusted,1.812809316562058,1.8155848598717066,0.0027755433096485187,0.0047580814275754585
63,1.0,xi_minus20,10,1,BS,1.2288315907388903,1.2363105103024123,0.0074789195635220265,0.00268860699094163
63,1.0,xi_minus20,10,1,Heston,1.4570131589269197,1.4661920456128748,0.009178886685954969,0.0028771538004261576
63,1.0,xi_minus20,10,1,Adjusted,1.1832851950457468,1.189108853671745,0.005823658625998445,0.002692946468508595
63,1.0,xi_minus20,10,5,BS,1.8584828108882219,1.8614810130328658,0.002998202144644173,0.00464314198598499
63,1.0,xi_minus20,10,5,Heston,2.1223052463743604,2.1259050418766057,0.0035997955022457374,0.004668971403105766
63,1.0,xi_minus20,10,5,Adjusted,1.785148179821654,1.78749332993323,0.0023451501115759584,0.0047907994776915175
63,1.0,xi_plus20,0,1,BS,1.3280799192114279,1.3337919725429406,0.005712053331512562,0.0027687675057309694
63,1.0,xi_plus20,0,1,Heston,1.7438221465338133,1.7513946079406328,0.007572461406819599,0.0030659099770971162
63,1.0,xi_plus20,0,1,Adjusted,1.2418891534169743,1.245198938971447,0.0033097855544727602,0.002736976208576737
63,1.0,xi_plus20,0,5,BS,1.9785782483766825,1.98236351619523,0.0037852678185474583,0.004641523330873751
63,1.0,xi_plus20,0,5,Heston,2.453517536653271,2.457345747105743,0.0038282104524722865,0.004756695068819779
63,1.0,xi_plus20,0,5,Adjusted,1.8646585286352275,1.8671522897107382,0.002493761075510816,0.004814571900678007
63,1.0,xi_plus20,5,1,BS,1.2446500711241508,1.2511928797048772,0.006542808580726439,0.002677207193953157
63,1.0,xi_plus20,5,1,Heston,1.6355208416623683,1.6442155300751446,0.00869468841277651,0.003018436665031297
63,1.0,xi_plus20,5,1,Adjusted,1.1995820490294646,1.2035703458216007,0.003988296792135929,0.0026780483940949604
63,1.0,xi_plus20,5,5,BS,1.9052863902685102,1.9086614638260644,0.0033750735575541497,0.004622311666597925
63,1.0,xi_plus20,5,5,Heston,2.3533361528650727,2.3568970909564997,0.003560938091427483,0.0047470745552806405
63,1.0,xi_plus20,5,5,Adjusted,1.8251940473511172,1.8272143770198448,0.002020329668727466,0.004827200340498524
63,1.0,xi_plus20,10,1,BS,1.2288315907388903,1.2363105103024123,0.0074789195635220265,0.00268860699094163
63,1.0,xi_plus20,10,1,Heston,1.5979433227587485,1.6078691211531657,0.009925798394417333,0.003069013882799808
63,1.0,xi_plus20,10,1,Adjusted,1.2247723088096554,1.229548791867065,0.004776483057409595,0.0027197085705009845
63,1.0,xi_plus20,10,5,BS,1.8584828108882219,1.8614810130328658,0.002998202144644173,0.00464314198598499
63,1.0,xi_plus20,10,5,Heston,2.2810767157469973,2.2844032864244705,0.003326570677472981,0.004781390005117766
63,1.0,xi_plus20,10,5,Adjusted,1.8116250213174954,1.8132040980016417,0.0015790766841465465,0.004876406051440245
63,1.0,rho_minus10pp,0,1,BS,1.3280799192114279,1.3337919725429406,0.005712053331512562,0.0027687675057309694
63,1.0,rho_minus10pp,0,1,Heston,1.741846638830319,1.7492530614366086,0.007406422606289884,0.0030764338457854425
63,1.0,rho_minus10pp,0,1,Adjusted,1.2422388832875426,1.2454789297065698,0.0032400464190272165,0.002764301439973026
63,1.0,rho_minus10pp,0,5,BS,1.9785782483766825,1.98236351619523,0.0037852678185474583,0.004641523330873751
63,1.0,rho_minus10pp,0,5,Heston,2.447978492577599,2.451844235035857,0.0038657424582574824,0.0047522843177970064
63,1.0,rho_minus10pp,0,5,Adjusted,1.8634355304952628,1.865947830168119,0.0025122996728562585,0.004808655030701942
63,1.0,rho_minus10pp,5,1,BS,1.2446500711241508,1.2511928797048772,0.006542808580726439,0.002677207193953157
63,1.0,rho_minus10pp,5,1,Heston,1.6320605830854031,1.6405431265062318,0.008482543420828798,0.0030218583859878898
63,1.0,rho_minus10pp,5,1,Adjusted,1.1975278040667547,1.2014057638848068,0.003877959818052354,0.0026946998294036986
63,1.0,rho_minus10pp,5,5,BS,1.9052863902685102,1.9086614638260644,0.0033750735575541497,0.004622311666597925
63,1.0,rho_minus10pp,5,5,Heston,2.3478362935795616,2.351398858744003,0.0035625651644418596,0.004732853743136493
63,1.0,rho_minus10pp,5,5,Adjusted,1.8230068951861051,1.8250159615182615,0.0020090663321564966,0.004810503089873924
63,1.0,rho_minus10pp,10,1,BS,1.2288315907388903,1.2363105103024123,0.0074789195635220265,0.00268860699094163
63,1.0,rho_minus10pp,10,1,Heston,1.5918456784909132,1.6015141926545393,0.009668514163626076,0.0030646818530443575
63,1.0,rho_minus10pp,10,1,Adjusted,1.2192905675483434,1.223916714949252,0.004626147400908661,0.0027251106654965626
63,1.0,rho_minus10pp,10,5,BS,1.8584828108882219,1.8614810130328658,0.002998202144644173,0.00464314198598499
63,1.0,rho_minus10pp,10,5,Heston,2.275333237533338,2.278624798883016,0.003291561349677578,0.004756700038312132
63,1.0,rho_minus10pp,10,5,Adjusted,1.8082532305672294,1.8097900030416538,0.0015367724744245197,0.004848527341891155
63,1.0,rho_plus10pp,0,1,BS,1.3280799192114279,1.3337919725429406,0.005712053331512562,0.0027687675057309694
63,1.0,rho_plus10pp,0,1,Heston,1.6045171290188942,1.6117157434206655,0.007198614401771228,0.002927024241681082
63,1.0,rho_plus10pp,0,1,Adjusted,1.2333323044279902,1.237686051278935,0.004353746850944441,0.0027336493005165477
63,1.0,rho_plus10pp,0,5,BS,1.9785782483766825,1.98236351619523,0.0037852678185474583,0.004641523330873751
63,1.0,rho_plus10pp,0,5,Heston,2.291818262201698,2.2959994876544205,0.004181225452722771,0.004670016014342422
63,1.0,rho_plus10pp,0,5,Adjusted,1.863022227268333,1.8662354134220922,0.0032131861537587525,0.004761625110517607
63,1.0,rho_plus10pp,5,1,BS,1.2446500711241508,1.2511928797048772,0.006542808580726439,0.002677207193953157
63,1.0,rho_plus10pp,5,1,Heston,1.4990751299176364,1.5073123320331296,0.00823720211549343,0.00285462350231878
63,1.0,rho_plus10pp,5,1,Adjusted,1.1745433031823787,1.179636806019705,0.0050935028373263426,0.002657699948617518
63,1.0,rho_plus10pp,5,5,BS,1.9052863902685102,1.9086614638260644,0.0033750735575541497,0.004622311666597925
63,1.0,rho_plus10pp,5,5,Heston,2.1967067310416306,2.2005893813714827,0.003882650329852107,0.0046558016735550505
63,1.0,rho_plus10pp,5,5,Adjusted,1.810230636331659,1.8130072253137932,0.002776588982133969,0.004765511520278033
63,1.0,rho_plus10pp,10,1,BS,1.2288315907388903,1.2363105103024123,0.0074789195635220265,0.00268860699094163
63,1.0,rho_plus10pp,10,1,Heston,1.4634177516580005,1.4727985168947206,0.009380765236720219,0.0028828026168245886
63,1.0,rho_plus10pp,10,1,Adjusted,1.1834553275355053,1.1893955676961765,0.005940240160671218,0.0026849609831006995
63,1.0,rho_plus10pp,10,5,BS,1.8584828108882219,1.8614810130328658,0.002998202144644173,0.00464314198598499
63,1.0,rho_plus10pp,10,5,Heston,2.1291008904864945,2.1327197980164536,0.0036189075299590317,0.004684669564695184
63,1.0,rho_plus10pp,10,5,Adjusted,1.783583911839253,1.7859559667404348,0.0023720549011816815,0.004807073905120334
63,1.1,reference,0,1,BS,0.7780403436891608,0.7775805887392726,-0.0004597549498882871,0.0024744765052818474
63,1.1,reference,0,1,Heston,1.002575848023286,1.0036026235651503,0.0010267755418642574,0.002951075310561586
63,1.1,reference,0,1,Adjusted,0.629092860704535,0.6271188557185503,-0.001974004985984672,0.0020244459578572294
63,1.1,reference,0,5,BS,1.2557652111786077,1.2543973700452584,-0.0013678411333492785,0.0042042234536976185
63,1.1,reference,0,5,Heston,1.5429273197325117,1.5428720624911885,-5.5257241323421495e-05,0.004654216683518606
63,1.1,reference,0,5,Adjusted,1.0400084861189216,1.0373074429525084,-0.0027010431664131647,0.00386873160401898
63,1.1,reference,5,1,BS,0.7209570148646355,0.7203386864511185,-0.0006183284135169797,0.002246759858230175
63,1.1,reference,5,1,Heston,0.9121409839422162,0.9130602337972555,0.0009192498550392161,0.0026517693789752245
63,1.1,reference,5,1,Adjusted,0.6256532590690644,0.6234376508409125,-0.0022156082281521473,0.0019506151251180131
63,1.1,reference,5,5,BS,1.2146047704121816,1.2130462329098362,-0.0015585375023452633,0.004132153987918801
63,1.1,reference,5,5,Heston,1.4802210969070795,1.4799960091761013,-0.0002250877309780435,0.004532898324622787
63,1.1,reference,5,5,Adjusted,1.032415151642813,1.0295001479342223,-0.0029150037085908177,0.0038721743043558464
63,1.1,reference,10,1,BS,0.6992759948989726,0.6984107098217944,-0.0008652850771782358,0.002116627984864896
63,1.1,reference,10,1,Heston,0.8609669076532366,0.8616725114500737,0.0007056037968370448,0.0024521642579679783
63,1.1,reference,10,1,Adjusted,0.6547527363609238,0.6522176250932017,-0.002535111267721963,0.0019759973559166813
63,1.1,reference,10,5,BS,1.184522052420972,1.1827731742645196,-0.0017488781564524484,0.004083813924730987
63,1.1,reference,10,5,Heston,1.4296571565472762,1.4292608240123914,-0.000396332534885228,0.004438228621610928
63,1.1,reference,10,5,Adjusted,1.034973028175576,1.0318442306323354,-0.00312879754324044,0.0038970027849535497
63,1.1,kappa_minus20,0,1,BS,0.7780403436891608,0.7775805887392726,-0.0004597549498882871,0.0024744765052818474
63,1.1,kappa_minus20,0,1,Heston,0.9650706987217001,0.9662096060007797,0.0011389072790794295,0.0028619292833282537
63,1.1,kappa_minus20,0,1,Adjusted,0.6290992008396801,0.6271222652939402,-0.0019769355457399237,0.001983702279195976
63,1.1,kappa_minus20,0,5,BS,1.2557652111786077,1.2543973700452584,-0.0013678411333492785,0.0042042234536976185
63,1.1,kappa_minus20,0,5,Heston,1.499818295909571,1.4998414692003688,2.3173290797833218e-05,0.004606862256293674
63,1.1,kappa_minus20,0,5,Adjusted,1.0322618485107138,1.029467572812643,-0.002794275698070646,0.0038596446219118312
63,1.1,kappa_minus20,5,1,BS,0.7209570148646355,0.7203386864511185,-0.0006183284135169797,0.002246759858230175
63,1.1,kappa_minus20,5,1,Heston,0.8801923487067282,0.8812069337689106,0.0010145850621821207,0.002587230898899173
63,1.1,kappa_minus20,5,1,Adjusted,0.6363505479760291,0.6341106610240037,-0.002239886952025502,0.001944374510441072
63,1.1,kappa_minus20,5,5,BS,1.2146047704121816,1.2130462329098362,-0.0015585375023452633,0.004132153987918801
63,1.1,kappa_minus20,5,5,Heston,1.4406117912036998,1.440450013990343,-0.00016177721335686017,0.004496214080823918
63,1.1,kappa_minus20,5,5,Adjusted,1.0313388437381612,1.0283121775153106,-0.003026666222850658,0.0038777677311853096
63,1.1,kappa_minus20,10,1,BS,0.6992759948989726,0.6984107098217944,-0.0008652850771782358,0.002116627984864896
63,1.1,kappa_minus20,10,1,Heston,0.8350699780756599,0.8358432913572919,0.0007733132816319585,0.002414817037845907
63,1.1,kappa_minus20,10,1,Adjusted,0.676120331137849,0.6735372591447449,-0.0025830719931039586,0.002002670395410917
63,1.1,kappa_minus20,10,5,BS,1.184522052420972,1.1827731742645196,-0.0017488781564524484,0.004083813924730987
63,1.1,kappa_minus20,10,5,Heston,1.3935988951294218,1.3932493524485956,-0.00034954268082603216,0.004412414086517114
63,1.1,kappa_minus20,10,5,Adjusted,1.0405002229798568,1.037241262253411,-0.00325896072644565,0.003917287719088836
63,1.1,kappa_plus20,0,1,BS,0.7780403436891608,0.7775805887392726,-0.0004597549498882871,0.0024744765052818474
63,1.1,kappa_plus20,0,1,Heston,1.0387877434390058,1.039714616701997,0.0009268732629911904,0.0030388001712840923
63,1.1,kappa_plus20,0,1,Adjusted,0.6379461858426357,0.6359749360583671,-0.001971249784268703,0.0020838041176571833
63,1.1,kappa_plus20,0,5,BS,1.2557652111786077,1.2543973700452584,-0.0013678411333492785,0.0042042234536976185
63,1.1,kappa_plus20,0,5,Heston,1.584171595632898,1.5840240418250437,-0.00014755380785457471,0.004710710828389691
63,1.1,kappa_plus20,0,5,Adjusted,1.0565463028800417,1.0539092527447644,-0.002637050135277351,0.0038969257629649233
63,1.1,kappa_plus20,5,1,BS,0.7209570148646355,0.7203386864511185,-0.0006183284135169797,0.002246759858230175
63,1.1,kappa_plus20,5,1,Heston,0.9438502699744178,0.9446834235705169,0.0008331535960991727,0.002719773539367231
63,1.1,kappa_plus20,5,1,Adjusted,0.6252300660547125,0.6230259393505883,-0.0022041267041242804,0.0019787177370102905
63,1.1,kappa_plus20,5,5,BS,1.2146047704121816,1.2130462329098362,-0.0015585375023452633,0.004132153987918801
63,1.1,kappa_plus20,5,5,Heston,1.5185998293609115,1.5183105767779321,-0.0002892525829798475,0.0045810308721734565
63,1.1,kappa_plus20,5,5,Adjusted,1.0431552373429682,1.0403236158920026,-0.002831621450965597,0.0038867182563590463
63,1.1,kappa_plus20,10,1,BS,0.6992759948989726,0.6984107098217944,-0.0008652850771782358,0.002116627984864896
63,1.1,kappa_plus20,10,1,Heston,0.8877484752763836,0.8883903107725329,0.0006418354961494233,0.0024971420174545395
63,1.1,kappa_plus20,10,1,Adjusted,0.6450788213529886,0.6425686632151721,-0.0025101581378162473,0.0019729712059253822
63,1.1,kappa_plus20,10,5,BS,1.184522052420972,1.1827731742645196,-0.0017488781564524484,0.004083813924730987
63,1.1,kappa_plus20,10,5,Heston,1.4651233275817794,1.464690968545423,-0.00043235903635657064,0.004477461651893404
63,1.1,kappa_plus20,10,5,Adjusted,1.039979659079073,1.03695308578846,-0.0030265732906130044,0.0038979565531441895
63,1.1,theta_minus20,0,1,BS,0.7780403436891608,0.7775805887392726,-0.0004597549498882871,0.0024744765052818474
63,1.1,theta_minus20,0,1,Heston,0.9217249095025045,0.9227235112202286,0.0009986017177241054,0.0027726119712130023
63,1.1,theta_minus20,0,1,Adjusted,0.6297362613427602,0.6276973460301505,-0.002038915312609797,0.001973281852131798
63,1.1,theta_minus20,0,5,BS,1.2557652111786077,1.2543973700452584,-0.0013678411333492785,0.0042042234536976185
63,1.1,theta_minus20,0,5,Heston,1.4478694912830656,1.4477890067489332,-8.048453413250388e-05,0.004538259047191025
63,1.1,theta_minus20,0,5,Adjusted,1.031722972699619,1.0288703958559369,-0.0028525768436821553,0.0038651806714064185
63,1.1,theta_minus20,5,1,BS,0.7209570148646355,0.7203386864511185,-0.0006183284135169797,0.002246759858230175
63,1.1,theta_minus20,5,1,Heston,0.8443828411174334,0.8452271195352309,0.0008442784177975123,0.0025194939296937554
63,1.1,theta_minus20,5,1,Adjusted,0.6412593150367936,0.6389416663919134,-0.002317648644880175,0.0019511440868625995
63,1.1,theta_minus20,5,5,BS,1.2146047704121816,1.2130462329098362,-0.0015585375023452633,0.004132153987918801
63,1.1,theta_minus20,5,5,Heston,1.3930689212591834,1.3927910503072547,-0.0002778709519286527,0.004440159534268727
63,1.1,theta_minus20,5,5,Adjusted,1.0331144985479368,1.0300206421327385,-0.003093856415198553,0.003890559485415435
63,1.1,theta_minus20,10,1,BS,0.6992759948989726,0.6984107098217944,-0.0008652850771782358,0.002116627984864896
63,1.1,theta_minus20,10,1,Heston,0.8068960420402052,0.8074679492635959,0.00057190722339071,0.0023724504842749282
63,1.1,theta_minus20,10,1,Adjusted,0.6855262280634258,0.6828483772616385,-0.002677850801787172,0.002026725435935144
63,1.1,theta_minus20,10,5,BS,1.184522052420972,1.1827731742645196,-0.0017488781564524484,0.004083813924730987
63,1.1,theta_minus20,10,5,Heston,1.3504240554325593,1.3499457858473858,-0.00047826958517344586,0.00436942436874985
63,1.1,theta_minus20,10,5,Adjusted,1.0446134010209218,1.041278325492707,-0.0033350755282148038,0.003937385156805019
63,1.1,theta_plus20,0,1,BS,0.7780403436891608,0.7775805887392726,-0.0004597549498882871,0.0024744765052818474
63,1.1,theta_plus20,0,1,Heston,1.090279701150116,1.0913154473237707,0.0010357461736550506,0.0031376008133054503
63,1.1,theta_plus20,0,1,Adjusted,0.6439028032192069,0.641979895445407,-0.001922907773799924,0.0021074094826978693
63,1.1,theta_plus20,0,5,BS,1.2557652111786077,1.2543973700452584,-0.0013678411333492785,0.0042042234536976185
63,1.1,theta_plus20,0,5,Heston,1.6450001579918596,1.644915194897918,-8.49630939414697e-05,0.004795296539895493
63,1.1,theta_plus20,0,5,Adjusted,1.0645507674828456,1.0619476126432046,-0.0026031548396408307,0.0039057106613069083
63,1.1,theta_plus20,5,1,BS,0.7209570148646355,0.7203386864511185,-0.0006183284135169797,0.002246759858230175
63,1.1,theta_plus20,5,1,Heston,0.9887229045747794,0.9896913980684625,0.0009684934936830326,0.0028014012907513074
63,1.1,theta_plus20,5,1,Adjusted,0.6273020020142279,0.6251618811366078,-0.0021401208776202245,0.001986468377173219
63,1.1,theta_plus20,5,5,BS,1.2146047704121816,1.2130462329098362,-0.0015585375023452633,0.004132153987918801
63,1.1,theta_plus20,5,5,Heston,1.5755322640485563,1.5753196775431189,-0.0002125865054374141,0.004654718508720522
63,1.1,theta_plus20,5,5,Adjusted,1.0490261731156403,1.046236153003543,-0.002790020112097356,0.0038884590434414526
63,1.1,theta_plus20,10,1,BS,0.6992759948989726,0.6984107098217944,-0.0008652850771782358,0.002116627984864896
63,1.1,theta_plus20,10,1,Heston,0.9258690480866213,0.9266733318927074,0.000804283806086123,0.0025577075466341106
63,1.1,theta_plus20,10,1,Adjusted,0.6430285955018288,0.6405984271459478,-0.0024301683558809826,0.001963220031441938
63,1.1,theta_plus20,10,5,BS,1.184522052420972,1.1827731742645196,-0.0017488781564524484,0.004083813924730987
63,1.1,theta_plus20,10,5,Heston,1.518187461330022,1.5178458096326444,-0.0003416516973773825,0.004539668909001726
63,1.1,theta_plus20,10,5,Adjusted,1.0436912521961448,1.0407139015900775,-0.0029773506060674377,0.0038924397849493682
63,1.1,xi_minus20,0,1,BS,0.7780403436891608,0.7775805887392726,-0.0004597549498882871,0.0024744765052818474
63,1.1,xi_minus20,0,1,Heston,1.0272897845574942,1.0282566262030999,0.0009668416456059396,0.0030058068389157556
63,1.1,xi_minus20,0,1,Adjusted,0.6604548719924803,0.6589845048094591,-0.0014703671830211232,0.002157146760497819
63,1.1,xi_minus20,0,5,BS,1.2557652111786077,1.2543973700452584,-0.0013678411333492785,0.0042042234536976185
63,1.1,xi_minus20,0,5,Heston,1.5681319445913382,1.5681948918878983,6.294729656003211e-05,0.004670688428411019
63,1.1,xi_minus20,0,5,Adjusted,1.09052163301615,1.0884368344223614,-0.0020847985937886386,0.0039526512066287165
63,1.1,xi_minus20,5,1,BS,0.7209570148646355,0.7203386864511185,-0.0006183284135169797,0.002246759858230175
63,1.1,xi_minus20,5,1,Heston,0.9323866651711339,0.9332792564895829,0.0008925913184491038,0.0026884842547328282
63,1.1,xi_minus20,5,1,Adjusted,0.6362731303104714,0.6346070771795509,-0.0016660531309203046,0.002015515556694997
63,1.1,xi_minus20,5,5,BS,1.2146047704121816,1.2130462329098362,-0.0015585375023452633,0.004132153987918801
63,1.1,xi_minus20,5,5,Heston,1.503113363841921,1.5030240487456257,-8.931509629556513e-05,0.00454246099622506
63,1.1,xi_minus20,5,5,Adjusted,1.0702869026182449,1.0680052356265872,-0.002281666991657623,0.003926688769258318
63,1.1,xi_minus20,10,1,BS,0.6992759948989726,0.6984107098217944,-0.0008652850771782358,0.002116627984864896
63,1.1,xi_minus20,10,1,Heston,0.8757289595587667,0.8764498236674638,0.0007208641086970767,0.0024636889943295995
63,1.1,xi_minus20,10,1,Adjusted,0.6450506586492065,0.6431124078124987,-0.0019382508367079016,0.0019715415130244027
63,1.1,xi_minus20,10,5,BS,1.184522052420972,1.1827731742645196,-0.0017488781564524484,0.004083813924730987
63,1.1,xi_minus20,10,5,Heston,1.4500649762433984,1.4498221518262535,-0.00024282441714475243,0.004439586737488137
63,1.1,xi_minus20,10,5,Adjusted,1.0604253751550687,1.0579465655020672,-0.002478809653001442,0.003922202639672863
63,1.1,xi_plus20,0,1,BS,0.7780403436891608,0.7775805887392726,-0.0004597549498882871,0.0024744765052818474
63,1.1,xi_plus20,0,1,Heston,0.9710210756141837,0.9720229556540723,0.0010018800398884596,0.002870163285577532
63,1.1,xi_plus20,0,1,Adjusted,0.6302816412081621,0.6277975581788438,-0.002484083029318466,0.0019477180314605407
63,1.1,xi_plus20,0,5,BS,1.2557652111786077,1.2543973700452584,-0.0013678411333492785,0.0042042234536976185
63,1.1,xi_plus20,0,5,Heston,1.5083338343273156,1.5081289987457507,-0.0002048355815647755,0.004629993451115097
63,1.1,xi_plus20,0,5,Adjusted,1.023802218586757,1.0204947941090778,-0.0033074244776794856,0.0038362229078506673
63,1.1,xi_plus20,5,1,BS,0.7209570148646355,0.7203386864511185,-0.0006183284135169797,0.002246759858230175
63,1.1,xi_plus20,5,1,Heston,0.88744709845286,0.8882974039370779,0.0008503054842179922,0.0025990550146432305
63,1.1,xi_plus20,5,1,Adjusted,0.6487476030792216,0.6459750458099383,-0.002772557269283537,0.0019471685029631423
63,1.1,xi_plus20,5,5,BS,1.2146047704121816,1.2130462329098362,-0.0015585375023452633,0.004132153987918801
63,1.1,xi_plus20,5,5,Heston,1.449318867407765,1.4489300792832434,-0.0003887881245220301,0.0045212734487336025
63,1.1,xi_plus20,5,5,Adjusted,1.02945126844675,1.0259081637359788,-0.0035431047107714895,0.0038701451727766994
63,1.1,xi_plus20,10,1,BS,0.6992759948989726,0.6984107098217944,-0.0008652850771782358,0.002116627984864896
63,1.1,xi_plus20,10,1,Heston,0.8440737405148238,0.8446575122929156,0.0005837717780917192,0.002435518550898115
63,1.1,xi_plus20,10,1,Adjusted,0.6992660751667671,0.6961266810964432,-0.003139394070323974,0.0020423249742904793
63,1.1,xi_plus20,10,5,BS,1.184522052420972,1.1827731742645196,-0.0017488781564524484,0.004083813924730987
63,1.1,xi_plus20,10,5,Heston,1.4025856533578893,1.4020108223739127,-0.0005748309839766011,0.004440464691439618
63,1.1,xi_plus20,10,5,Adjusted,1.0450187528332984,1.0412401306110879,-0.003778622222210471,0.003925159011576197
63,1.1,rho_minus10pp,0,1,BS,0.7780403436891608,0.7775805887392726,-0.0004597549498882871,0.0024744765052818474
63,1.1,rho_minus10pp,0,1,Heston,1.0294108564687137,1.0305899493765818,0.0011790929078678608,0.0030467817872110105
63,1.1,rho_minus10pp,0,1,Adjusted,0.6247712747314715,0.6223822529394356,-0.0023890217920359415,0.00198455886962517
63,1.1,rho_minus10pp,0,5,BS,1.2557652111786077,1.2543973700452584,-0.0013678411333492785,0.0042042234536976185
63,1.1,rho_minus10pp,0,5,Heston,1.5778675076501392,1.57774240601143,-0.00012510163870920116,0.0047460647243256
63,1.1,rho_minus10pp,0,5,Adjusted,1.0249663476077053,1.0217404096256346,-0.003225937982070978,0.003838981809766099
63,1.1,rho_minus10pp,5,1,BS,0.7209570148646355,0.7203386864511185,-0.0006183284135169797,0.002246759858230175
63,1.1,rho_minus10pp,5,1,Heston,0.9370860637983262,0.9381499095333393,0.001063845735013108,0.0027408293811973608
63,1.1,rho_minus10pp,5,1,Adjusted,0.6339081901282355,0.6312491958400035,-0.002658994288232203,0.0019482025857798292
63,1.1,rho_minus10pp,5,5,BS,1.2146047704121816,1.2130462329098362,-0.0015585375023452633,0.004132153987918801
63,1.1,rho_minus10pp,5,5,Heston,1.5135821028085665,1.5132957411963999,-0.00028636161216666887,0.004618036182480861
63,1.1,rho_minus10pp,5,5,Adjusted,1.0251456697350148,1.0217045611864481,-0.003441108548566364,0.003857674247287518
63,1.1,rho_minus10pp,10,1,BS,0.6992759948989726,0.6984107098217944,-0.0008652850771782358,0.002116627984864896
63,1.1,rho_minus10pp,10,1,Heston,0.8851218529166193,0.8859590876906167,0.0008372347739975409,0.002537746386641037
63,1.1,rho_minus10pp,10,1,Adjusted,0.6752473185011798,0.6722408622925183,-0.003006456208661467,0.0020098105103566345
63,1.1,rho_minus10pp,10,5,BS,1.184522052420972,1.1827731742645196,-0.0017488781564524484,0.004083813924730987
63,1.1,rho_minus10pp,10,5,Heston,1.4616848429613016,1.4612361655174784,-0.00044867744382312623,0.004517635773397262
63,1.1,rho_minus10pp,10,5,Adjusted,1.0353284000929646,1.0316724387924625,-0.0036559613005020235,0.0038977087415555914
63,1.1,rho_plus10pp,0,1,BS,0.7780403436891608,0.7775805887392726,-0.0004597549498882871,0.0024744765052818474
63,1.1,rho_plus10pp,0,1,Heston,0.9810499996516597,0.9819483015415433,0.0008983018898835785,0.0028750526804314216
63,1.1,rho_plus10pp,0,1,Adjusted,0.6465985970867242,0.6450471443365046,-0.0015514527502196508,0.0020874070383249516
63,1.1,rho_plus10pp,0,5,BS,1.2557652111786077,1.2543973700452584,-0.0013678411333492785,0.0042042234536976185
63,1.1,rho_plus10pp,0,5,Heston,1.5135778260092616,1.5136071851218453,2.9359112583494137e-05,0.0045778658114902235
63,1.1,rho_plus10pp,0,5,Adjusted,1.0695298890802898,1.0673690801895506,-0.0021608088907391124,0.003915313998086355
63,1.1,rho_plus10pp,5,1,BS,0.7209570148646355,0.7203386864511185,-0.0006183284135169797,0.002246759858230175
63,1.1,rho_plus10pp,5,1,Heston,0.892594065011561,0.8933932010000079,0.0007991359884467323,0.0025818587772725443
63,1.1,rho_plus10pp,5,1,Adjusted,0.6303868574823348,0.6286233329460117,-0.0017635245363231335,0.001976364433678227
63,1.1,rho_plus10pp,5,5,BS,1.2146047704121816,1.2130462329098362,-0.0015585375023452633,0.004132153987918801
63,1.1,rho_plus10pp,5,5,Heston,1.4524363250851415,1.4522891190552412,-0.00014720602990042587,0.0044630780248817135
63,1.1,rho_plus10pp,5,5,Adjusted,1.0540463045406996,1.0516710763098214,-0.0023752282308780273,0.0039029438627636547
63,1.1,rho_plus10pp,10,1,BS,0.6992759948989726,0.6984107098217944,-0.0008652850771782358,0.002116627984864896
63,1.1,rho_plus10pp,10,1,Heston,0.8424113333883582,0.8430101077787475,0.0005987743903893669,0.0023852718279134535
63,1.1,rho_plus10pp,10,1,Adjusted,0.6470584156619733,0.6450041595904699,-0.002054256071503483,0.001964318410269513
63,1.1,rho_plus10pp,10,5,BS,1.184522052420972,1.1827731742645196,-0.0017488781564524484,0.004083813924730987
63,1.1,rho_plus10pp,10,5,Heston,1.4032162731109907,1.4028910939120682,-0.0003251791989223614,0.004373960456330999
63,1.1,rho_plus10pp,10,5,Adjusted,1.048867225981934,1.0462771024671191,-0.0025901235148146394,0.003911989669109106
252,0.9,reference,0,1,BS,4.12151815691306,4.110544099691324,-0.010974057221736921,0.00842903157733
252,0.9,reference,0,1,Heston,5.18428525864822,5.173243457603617,-0.011041801044603535,0.008468968417996011
252,0.9,reference,0,1,Adjusted,3.9648911391365798,3.957343173283593,-0.007547965852986661,0.008588759602473033
252,0.9,reference,0,5,BS,5.206413711114028,5.1879037599084805,-0.018509951205546875,0.014130778969378487
252,0.9,reference,0,5,Heston,6.437796577636495,6.41799748768039,-0.01979908995610584,0.013499516632450767
252,0.9,reference,0,5,Adjusted,4.969954799203016,4.956538347878121,-0.013416451324896016,0.01478023949494577
252,0.9,reference,5,1,BS,3.5084783739618524,3.500583267105685,-0.007895106856167544,0.007985073417319454
252,0.9,reference,5,1,Heston,4.529769170561202,4.522512319944638,-0.007256850616564982,0.008249257219114622
252,0.9,reference,5,1,Adjusted,3.400120760158409,3.3953604122486887,-0.004760347909720246,0.008157216607378058
252,0.9,reference,5,5,BS,4.822857860562613,4.806584719705086,-0.01627314085752703,0.013945782624229233
252,0.9,reference,5,5,Heston,6.000876074417811,5.983635703532679,-0.017240370885132535,0.013374764074281285
252,0.9,reference,5,5,Adjusted,4.628311921549381,4.617001510961597,-0.011310410587783894,0.014624319226597583
252,0.9,reference,10,1,BS,3.0500518215502264,3.0454270202745715,-0.0046248012756549975,0.007821818723649657
252,0.9,reference,10,1,Heston,4.0230816070771045,4.019818367974888,-0.0032632391022157457,0.00831367132612584
252,0.9,reference,10,1,Adjusted,2.9940706289523895,2.9922825084627673,-0.0017881204896218594,0.0079946297178252
252,0.9,reference,10,5,BS,4.496645084577668,4.482612222409331,-0.014032862168336466,0.013852023993663648
252,0.9,reference,10,5,Heston,5.620017180282299,5.605343161213307,-0.014674019068992138,0.013343862366383427
252,0.9,reference,10,5,Adjusted,4.344950755370622,4.335740697215042,-0.009210058155580354,0.014554411663093741
252,0.9,kappa_minus20,0,1,BS,4.12151815691306,4.110544099691324,-0.010974057221736921,0.00842903157733
252,0.9,kappa_minus20,0,1,Heston,5.406462433425345,5.396293511663637,-0.010168921761707032,0.008444059191681326
252,0.9,kappa_minus20,0,1,Adjusted,3.9940929695858003,3.9872510891512967,-0.006841880434503764,0.008499578054525633
252,0.9,kappa_minus20,0,5,BS,5.206413711114028,5.1879037599084805,-0.018509951205546875,0.014130778969378487
252,0.9,kappa_minus20,0,5,Heston,6.682835705626267,6.664032254568792,-0.018803451057474753,0.013443136464234904
252,0.9,kappa_minus20,0,5,Adjusted,4.990171257673431,4.977755375922264,-0.012415881751166114,0.014778019659983044
252,0.9,kappa_minus20,5,1,BS,3.5084783739618524,3.500583267105685,-0.007895106856167544,0.007985073417319454
252,0.9,kappa_minus20,5,1,Heston,4.739196447928074,4.7329455217290235,-0.006250926199050913,0.008249816017047608
252,0.9,kappa_minus20,5,1,Adjusted,3.4312356856445083,3.427164644426463,-0.0040710412180451,0.008078730432315884
252,0.9,kappa_minus20,5,5,BS,4.822857860562613,4.806584719705086,-0.01627314085752703,0.013945782624229233
252,0.9,kappa_minus20,5,5,Heston,6.235496801394536,6.219285260053098,-0.016211541341437503,0.013348362254504597
252,0.9,kappa_minus20,5,5,Adjusted,4.652224625251167,4.6418832793763745,-0.010341345874792764,0.014636156847525507
252,0.9,kappa_minus20,10,1,BS,3.0500518215502264,3.0454270202745715,-0.0046248012756549975,0.007821818723649657
252,0.9,kappa_minus20,10,1,Heston,4.222489432127224,4.220354763548803,-0.002134668578422115,0.008339080074304586
252,0.9,kappa_minus20,10,1,Adjusted,3.0305677653668557,3.029445340887473,-0.0011224244793825704,0.007928091335472674
252,0.9,kappa_minus20,10,5,BS,4.496645084577668,4.482612222409331,-0.014032862168336466,0.013852023993663648
252,0.9,kappa_minus20,10,5,Heston,5.845013964005441,5.831398601762352,-0.013615362243087945,0.013347774092314328
252,0.9,kappa_minus20,10,5,Adjusted,4.373389524728826,4.36511448987173,-0.008275034857096178,0.01458024526353209
252,0.9,kappa_plus20,0,1,BS,4.12151815691306,4.110544099691324,-0.010974057221736921,0.00842903157733
252,0.9,kappa_plus20,0,1,Heston,5.023605666821468,5.012016986891103,-0.011588679930364458,0.008544020597996473
252,0.9,kappa_plus20,0,1,Adjusted,3.95394207271541,3.9459400677353202,-0.008002004980089081,0.008695869024574218
252,0.9,kappa_plus20,0,5,BS,5.206413711114028,5.1879037599084805,-0.018509951205546875,0.014130778969378487
252,0.9,kappa_plus20,0,5,Heston,6.260270934798602,6.239783336109058,-0.020487598689543488,0.013592140872057743
252,0.9,kappa_plus20,0,5,Adjusted,4.967179203366832,4.952984823407491,-0.014194379959339752,0.014800657463234454
252,0.9,kappa_plus20,5,1,BS,3.5084783739618524,3.500583267105685,-0.007895106856167544,0.007985073417319454
252,0.9,kappa_plus20,5,1,Heston,4.379311177805798,4.37137750572316,-0.007933672082638323,0.008303954587302903
252,0.9,kappa_plus20,5,1,Adjusted,3.387870709474485,3.3826605922519537,-0.005210117222531133,0.008259859064611455
252,0.9,kappa_plus20,5,5,BS,4.822857860562613,4.806584719705086,-0.01627314085752703,0.013945782624229233
252,0.9,kappa_plus20,5,5,Heston,5.831731976603265,5.8137601142129665,-0.017971862390299943,0.013445683554283184
252,0.9,kappa_plus20,5,5,Adjusted,4.6226992979741945,4.610626419386234,-0.012072878587960422,0.01463524264384607
252,0.9,kappa_plus20,10,1,BS,3.0500518215502264,3.0454270202745715,-0.0046248012756549975,0.007821818723649657
252,0.9,kappa_plus20,10,1,Heston,3.8808808029523343,3.876818383679967,-0.004062419272367463,0.008347413772372962
252,0.9,kappa_plus20,10,1,Adjusted,2.977859402499653,2.975632056979827,-0.00222734551982595,0.008091155450875753
252,0.9,kappa_plus20,10,5,BS,4.496645084577668,4.482612222409331,-0.014032862168336466,0.013852023993663648
252,0.9,kappa_plus20,10,5,Heston,5.458680151850715,5.443235455825805,-0.015444696024910415,0.013392236926607437
252,0.9,kappa_plus20,10,5,Adjusted,4.335858913368056,4.32590505206681,-0.009953861301245748,0.014555741982852739
252,0.9,theta_minus20,0,1,BS,4.12151815691306,4.110544099691324,-0.010974057221736921,0.00842903157733
252,0.9,theta_minus20,0,1,Heston,5.431376180815098,5.422349910772757,-0.009026270042339923,0.0085868217799492
252,0.9,theta_minus20,0,1,Adjusted,3.9304170682733686,3.9246429062229633,-0.005774162050405528,0.008311679836181994
252,0.9,theta_minus20,0,5,BS,5.206413711114028,5.1879037599084805,-0.018509951205546875,0.014130778969378487
252,0.9,theta_minus20,0,5,Heston,6.736273308048027,6.7183323503566905,-0.01794095769133656,0.013600971160294949
252,0.9,theta_minus20,0,5,Adjusted,4.962868471379981,4.95091709557605,-0.011951375803930929,0.014644246571880648
252,0.9,theta_minus20,5,1,BS,3.5084783739618524,3.500583267105685,-0.007895106856167544,0.007985073417319454
252,0.9,theta_minus20,5,1,Heston,4.771840089786657,4.766967442202738,-0.004872647583919863,0.008510225185014337
252,0.9,theta_minus20,5,1,Adjusted,3.3597752353069046,3.357088755032085,-0.002686480274819777,0.00803772878675333
252,0.9,theta_minus20,5,5,BS,4.822857860562613,4.806584719705086,-0.01627314085752703,0.013945782624229233
252,0.9,theta_minus20,5,5,Heston,6.291304304285106,6.276055526854381,-0.015248777430725308,0.013560109498612473
252,0.9,theta_minus20,5,5,Adjusted,4.614694587586717,4.604933139514867,-0.009761448071850446,0.014574136347097187
252,0.9,theta_minus20,10,1,BS,3.0500518215502264,3.0454270202745715,-0.0046248012756549975,0.007821818723649657
252,0.9,theta_minus20,10,1,Heston,4.267085449808709,4.266574234646274,-0.0005112151624357148,0.008721935326155632
252,0.9,theta_minus20,10,1,Adjusted,2.9560241934793705,2.9566141150552987,0.0005899215759282896,0.008045147539635237
252,0.9,theta_minus20,10,5,BS,4.496645084577668,4.482612222409331,-0.014032862168336466,0.013852023993663648
252,0.9,theta_minus20,10,5,Heston,5.9043151012180335,5.891764130780556,-0.012550970437476402,0.013615830078265287
252,0.9,theta_minus20,10,5,Adjusted,4.326972370608362,4.319394223126432,-0.007578147481929612,0.014592648001084788
252,0.9,theta_plus20,0,1,BS,4.12151815691306,4.110544099691324,-0.010974057221736921,0.00842903157733
252,0.9,theta_plus20,0,1,Heston,5.045555100505977,5.033003331926457,-0.012551768579519111,0.008537086989904106
252,0.9,theta_plus20,0,1,Adjusted,4.048147218095156,4.039320063820391,-0.008827154274765867,0.008955688488564454
252,0.9,theta_plus20,0,5,BS,5.206413711114028,5.1879037599084805,-0.018509951205546875,0.014130778969378487
252,0.9,theta_plus20,0,5,Heston,6.259077623604698,6.2378951426523725,-0.021182480952326315,0.013548723361445003
252,0.9,theta_plus20,0,5,Adjusted,5.033176939446809,5.018692265620599,-0.014484673826210766,0.014993709272254331
252,0.9,theta_plus20,5,1,BS,3.5084783739618524,3.500583267105685,-0.007895106856167544,0.007985073417319454
252,0.9,theta_plus20,5,1,Heston,4.396885925719385,4.387771121153069,-0.009114804566316125,0.008191112522305796
252,0.9,theta_plus20,5,1,Adjusted,3.4891262148046067,3.48281613012995,-0.006310084674656612,0.008398278806498408
252,0.9,theta_plus20,5,5,BS,4.822857860562613,4.806584719705086,-0.01627314085752703,0.013945782624229233
252,0.9,theta_plus20,5,5,Heston,5.829537604613744,5.81077308266514,-0.01876452194860397,0.013353047616399539
252,0.9,theta_plus20,5,5,Adjusted,4.697228129352238,4.6847567405443495,-0.012471388807888357,0.014767403020350973
252,0.9,theta_plus20,10,1,BS,3.0500518215502264,3.0454270202745715,-0.0046248012756549975,0.007821818723649657
252,0.9,theta_plus20,10,1,Heston,3.890180487010213,3.8847090592648925,-0.005471427745321072,0.008118859376461502
252,0.9,theta_plus20,10,1,Adjusted,3.0819947145176787,3.078382773375756,-0.0036119411419233286,0.00809193328343956
252,0.9,theta_plus20,10,5,BS,4.496645084577668,4.482612222409331,-0.014032862168336466,0.013852023993663648
252,0.9,theta_plus20,10,5,Heston,5.454446868375942,5.438110395679565,-0.016336472696376204,0.013247383246907612
252,0.9,theta_plus20,10,5,Adjusted,4.4177527752293635,4.4072903740842655,-0.010462401145099137,0.0146236748916973
252,0.9,xi_minus20,0,1,BS,4.12151815691306,4.110544099691324,-0.010974057221736921,0.00842903157733
252,0.9,xi_minus20,0,1,Heston,4.963463536275015,4.951789097102045,-0.011674439172969418,0.00832748739627183
252,0.9,xi_minus20,0,1,Adjusted,3.9765198968011246,3.967830966505419,-0.008688930295705843,0.008582359289603705
252,0.9,xi_minus20,0,5,BS,5.206413711114028,5.1879037599084805,-0.018509951205546875,0.014130778969378487
252,0.9,xi_minus20,0,5,Heston,6.1777471166828715,6.157340600421238,-0.020406516261634186,0.013544363380429612
252,0.9,xi_minus20,0,5,Adjusted,4.995559511885064,4.980644898718538,-0.014914613166527705,0.014695647154071796
252,0.9,xi_minus20,5,1,BS,3.5084783739618524,3.500583267105685,-0.007895106856167544,0.007985073417319454
252,0.9,xi_minus20,5,1,Heston,4.308841623069649,4.300723855799525,-0.008117767270123888,0.008034577598067307
252,0.9,xi_minus20,5,1,Adjusted,3.397228402154438,3.3912973959149335,-0.005931006239504458,0.00810980087813807
252,0.9,xi_minus20,5,5,BS,4.822857860562613,4.806584719705086,-0.01627314085752703,0.013945782624229233
252,0.9,xi_minus20,5,5,Heston,5.745556769252225,5.727608667961231,-0.01794810129099363,0.01340083614657952
252,0.9,xi_minus20,5,5,Adjusted,4.641321593711452,4.6284885816697265,-0.012833012041724856,0.014522977738818717
252,0.9,xi_minus20,10,1,BS,3.0500518215502264,3.0454270202745715,-0.0046248012756549975,0.007821818723649657
252,0.9,xi_minus20,10,1,Heston,3.8032886775663997,3.798937952845178,-0.004350724721221718,0.00802488563437855
252,0.9,xi_minus20,10,1,Adjusted,2.9760970483653857,2.9731152375021335,-0.0029818108632516985,0.007906592741399229
252,0.9,xi_minus20,10,5,BS,4.496645084577668,4.482612222409331,-0.014032862168336466,0.013852023993663648
252,0.9,xi_minus20,10,5,Heston,5.369668668266975,5.354186732922934,-0.01548193534404068,0.013351171480434925
252,0.9,xi_minus20,10,5,Adjusted,4.345240548266958,4.334487192152692,-0.01075335611426552,0.014437340478010352
252,0.9,xi_plus20,0,1,BS,4.12151815691306,4.110544099691324,-0.010974057221736921,0.00842903157733
252,0.9,xi_plus20,0,1,Heston,5.428281277032265,5.418219583510398,-0.010061693521866135,0.00872626904872274
252,0.9,xi_plus20,0,1,Adjusted,3.993033992474267,3.98688114148572,-0.00615285098854647,0.00863810136622173
252,0.9,xi_plus20,0,5,BS,5.206413711114028,5.1879037599084805,-0.018509951205546875,0.014130778969378487
252,0.9,xi_plus20,0,5,Heston,6.7256507733805115,6.706814442287373,-0.018836331093138897,0.013565089387218673
252,0.9,xi_plus20,0,5,Adjusted,4.986423162218591,4.974719727061402,-0.011703435157188611,0.014911211795351076
252,0.9,xi_plus20,5,1,BS,3.5084783739618524,3.500583267105685,-0.007895106856167544,0.007985073417319454
252,0.9,xi_plus20,5,1,Heston,4.77620270078466,4.770152350046088,-0.0060503507385733,0.008590031113892671
252,0.9,xi_plus20,5,1,Adjusted,3.443206123690974,3.4398886219066838,-0.0033175017842900457,0.00826249730735172
252,0.9,xi_plus20,5,5,BS,4.822857860562613,4.806584719705086,-0.01627314085752703,0.013945782624229233
252,0.9,xi_plus20,5,5,Heston,6.285166433642517,6.268984668208559,-0.016181765433957662,0.013463909058111838
252,0.9,xi_plus20,5,5,Adjusted,4.657504269248394,4.6479273185781,-0.009576950670293558,0.014778451295771863
252,0.9,xi_plus20,10,1,BS,3.0500518215502264,3.0454270202745715,-0.0046248012756549975,0.007821818723649657
252,0.9,xi_plus20,10,1,Heston,4.271125958172075,4.26929176457262,-0.0018341935994539748,0.008738454369525835
252,0.9,xi_plus20,10,1,Adjusted,3.0529568367713256,3.0526517648392257,-0.00030507193210023344,0.008154649825445372
252,0.9,xi_plus20,10,5,BS,4.496645084577668,4.482612222409331,-0.014032862168336466,0.013852023993663648
252,0.9,xi_plus20,10,5,Heston,5.90060161180388,5.887081789137242,-0.013519822666638363,0.013456468666322661
252,0.9,xi_plus20,10,5,Adjusted,4.387068536626184,4.379609256387685,-0.00745928023849817,0.014730750420088975
252,0.9,rho_minus10pp,0,1,BS,4.12151815691306,4.110544099691324,-0.010974057221736921,0.00842903157733
252,0.9,rho_minus10pp,0,1,Heston,5.386304179146938,5.374814691571583,-0.011489487575355749,0.008672617237106786
252,0.9,rho_minus10pp,0,1,Adjusted,4.020232828529606,4.012662777132384,-0.007570051397221712,0.008778250331085848
252,0.9,rho_minus10pp,0,5,BS,5.206413711114028,5.1879037599084805,-0.018509951205546875,0.014130778969378487
252,0.9,rho_minus10pp,0,5,Heston,6.660615344428084,6.640817153973873,-0.019798190454211436,0.01349750034891624
252,0.9,rho_minus10pp,0,5,Adjusted,5.001010426525014,4.988248574800244,-0.012761851724769737,0.014934485105774425
252,0.9,rho_minus10pp,5,1,BS,3.5084783739618524,3.500583267105685,-0.007895106856167544,0.007985073417319454
252,0.9,rho_minus10pp,5,1,Heston,4.731689816624149,4.7240901030319495,-0.007599713592199646,0.008454005759832272
252,0.9,rho_minus10pp,5,1,Adjusted,3.46963241014686,3.4647379115751917,-0.004894498571667751,0.008316260314039694
252,0.9,rho_minus10pp,5,5,BS,4.822857860562613,4.806584719705086,-0.01627314085752703,0.013945782624229233
252,0.9,rho_minus10pp,5,5,Heston,6.220506972562873,6.203323592157297,-0.01718338040557738,0.013356631657692736
252,0.9,rho_minus10pp,5,5,Adjusted,4.67233040372892,4.6616275330723465,-0.010702870656573386,0.014758743224977852
252,0.9,rho_minus10pp,10,1,BS,3.0500518215502264,3.0454270202745715,-0.0046248012756549975,0.007821818723649657
252,0.9,rho_minus10pp,10,1,Heston,4.222405303956398,4.218906870144258,-0.00349843381214136,0.008517436169439114
252,0.9,rho_minus10pp,10,1,Adjusted,3.0765149025997682,3.074475239101993,-0.0020396634977754282,0.008114510546576635
252,0.9,rho_minus10pp,10,5,BS,4.496645084577668,4.482612222409331,-0.014032862168336466,0.013852023993663648
252,0.9,rho_minus10pp,10,5,Heston,5.835863454585035,5.821303672636427,-0.014559781948608434,0.013308094458318702
252,0.9,rho_minus10pp,10,5,Adjusted,4.401581927025595,4.3929305257147,-0.008651401310895854,0.014666630567804572
252,0.9,rho_plus10pp,0,1,BS,4.12151815691306,4.110544099691324,-0.010974057221736921,0.00842903157733
252,0.9,rho_plus10pp,0,1,Heston,5.0056784829176095,4.995059127079938,-0.010619355837671157,0.00831395545259503
252,0.9,rho_plus10pp,0,1,Adjusted,3.952673699013724,3.9450479437393886,-0.007625755274335017,0.008440565709417208
252,0.9,rho_plus10pp,0,5,BS,5.206413711114028,5.1879037599084805,-0.018509951205546875,0.014130778969378487
252,0.9,rho_plus10pp,0,5,Heston,6.239545112274158,6.219830961414337,-0.019714150859820586,0.013559508796031414
252,0.9,rho_plus10pp,0,5,Adjusted,4.9827838178077215,4.968614332965009,-0.014169484842712573,0.014658653436990103
252,0.9,rho_plus10pp,5,1,BS,3.5084783739618524,3.500583267105685,-0.007895106856167544,0.007985073417319454
252,0.9,rho_plus10pp,5,1,Heston,4.352224492095337,4.345303635490192,-0.006920856605143192,0.00809258605319331
252,0.9,rho_plus10pp,5,1,Adjusted,3.374167214650185,3.369437130576351,-0.004730084073833921,0.008039781215090552
252,0.9,rho_plus10pp,5,5,BS,4.822857860562613,4.806584719705086,-0.01627314085752703,0.013945782624229233
252,0.9,rho_plus10pp,5,5,Heston,5.80627169981252,5.789070571982226,-0.017201127830295114,0.013451209977917575
252,0.9,rho_plus10pp,5,5,Adjusted,4.628418697631585,4.616386892955424,-0.01203180467616231,0.014523278610372057
252,0.9,rho_plus10pp,10,1,BS,3.0500518215502264,3.0454270202745715,-0.0046248012756549975,0.007821818723649657
252,0.9,rho_plus10pp,10,1,Heston,3.849149601590856,3.84613519326321,-0.003014408327646409,0.008158108305322294
252,0.9,rho_plus10pp,10,1,Adjusted,2.9555001911381265,2.95385746697972,-0.0016427241584065265,0.007916019217011301
252,0.9,rho_plus10pp,10,5,BS,4.496645084577668,4.482612222409331,-0.014032862168336466,0.013852023993663648
252,0.9,rho_plus10pp,10,5,Heston,5.429665756626348,5.4149847130395035,-0.014681043586843759,0.013438161603460482
252,0.9,rho_plus10pp,10,5,Adjusted,4.332657737336794,4.322761548997335,-0.009896188339459551,0.014476292045537551
252,1.0,reference,0,1,BS,5.5716795704083495,5.566767960280519,-0.004911610127830682,0.015040382063613904
252,1.0,reference,0,1,Heston,7.409325013379953,7.403173651948152,-0.006151361431800506,0.016426673052864778
252,1.0,reference,0,1,Adjusted,5.05059948393032,5.047299532015014,-0.0032999519153059233,0.013271923725708845
252,1.0,reference,0,5,BS,6.808641166987396,6.800367750644936,-0.008273416342459504,0.018636120225850882
252,1.0,reference,0,5,Heston,8.839208989314127,8.83118125325394,-0.00802773606018829,0.019413739646265523
252,1.0,reference,0,5,Adjusted,6.1880943192768045,6.18230121000142,-0.005793109275384871,0.017529837371655647
252,1.0,reference,5,1,BS,4.757209900285591,4.751769876024496,-0.005440024261096048,0.013558961173500958
252,1.0,reference,5,1,Heston,6.4609341078064,6.454952828581646,-0.005981279224754516,0.014983781334432442
252,1.0,reference,5,1,Adjusted,4.364549307349176,4.360628356728974,-0.003920950620202178,0.011921694547842589
252,1.0,reference,5,5,BS,6.315625005691471,6.306520895678714,-0.009104110012757204,0.017830998657793903
252,1.0,reference,5,5,Heston,8.244140828140939,8.235753246660675,-0.008387581480262946,0.01858109093238564
252,1.0,reference,5,5,Adjusted,5.780470003240891,5.773703744629467,-0.006766258611424202,0.016820588944358117
252,1.0,reference,10,1,BS,4.139066549976085,4.13347205729512,-0.00559449268096415,0.012285676143240148
252,1.0,reference,10,1,Heston,5.711045669780379,5.705642128463679,-0.00540354131670079,0.013759948505142248
252,1.0,reference,10,1,Adjusted,3.8770373067768653,3.872893508620554,-0.004143798156311489,0.010784734062494061
252,1.0,reference,10,5,BS,5.886029282021927,5.876226510205864,-0.009802771816062233,0.017086039997013296
252,1.0,reference,10,5,Heston,7.713721594261315,7.705112497331681,-0.008609096929634028,0.017812619953325882
252,1.0,reference,10,5,Adjusted,5.436501903256543,5.4289020678628015,-0.007599835393742613,0.016170634005271394
252,1.0,kappa_minus20,0,1,BS,5.5716795704083495,5.566767960280519,-0.004911610127830682,0.015040382063613904
252,1.0,kappa_minus20,0,1,Heston,7.620686121580473,7.612825852249239,-0.007860269331233745,0.016180108442441873
252,1.0,kappa_minus20,0,1,Adjusted,5.009636099363887,5.005184653707977,-0.004451445655910214,0.012821710569017104
252,1.0,kappa_minus20,0,5,BS,6.808641166987396,6.800367750644936,-0.008273416342459504,0.018636120225850882
252,1.0,kappa_minus20,0,5,Heston,9.080960810619256,9.072043102767875,-0.00891770785138074,0.019222396616508895
252,1.0,kappa_minus20,0,5,Adjusted,6.147006518312546,6.140096769429244,-0.006909748883302852,0.017286574884783707
252,1.0,kappa_minus20,5,1,BS,4.757209900285591,4.751769876024496,-0.005440024261096048,0.013558961173500958
252,1.0,kappa_minus20,5,1,Heston,6.6519262118907925,6.644483451478589,-0.007442760412202237,0.014768598059807654
252,1.0,kappa_minus20,5,1,Adjusted,4.347941457280186,4.342884964151841,-0.005056493128345236,0.01151527227434309
252,1.0,kappa_minus20,5,5,BS,6.315625005691471,6.306520895678714,-0.009104110012757204,0.017830998657793903
252,1.0,kappa_minus20,5,5,Heston,8.472514565710242,8.463348173912758,-0.009166391797483343,0.01840454213830197
252,1.0,kappa_minus20,5,5,Adjusted,5.7558970026857335,5.748049774357996,-0.007847228327737411,0.016607112229892838
252,1.0,kappa_minus20,10,1,BS,4.139066549976085,4.13347205729512,-0.00559449268096415,0.012285676143240148
252,1.0,kappa_minus20,10,1,Heston,5.888107791304436,5.881508468494024,-0.006599322810412124,0.01358599822150589
252,1.0,kappa_minus20,10,1,Adjusted,3.889823818599767,3.8845743269242243,-0.005249491675541961,0.01043104204540635
252,1.0,kappa_minus20,10,5,BS,5.886029282021927,5.876226510205864,-0.009802771816062233,0.017086039997013296
252,1.0,kappa_minus20,10,5,Heston,7.930366527247875,7.921092611932362,-0.009273915315514485,0.017651857247799916
252,1.0,kappa_minus20,10,5,Adjusted,5.429510739090156,5.420863047648572,-0.008647691441584785,0.01598585347530653
252,1.0,kappa_plus20,0,1,BS,5.5716795704083495,5.566767960280519,-0.004911610127830682,0.015040382063613904
252,1.0,kappa_plus20,0,1,Heston,7.255346953066599,7.250489266514245,-0.004857686552353187,0.016640842552588166
252,1.0,kappa_plus20,0,1,Adjusted,5.116083169328633,5.113645748521581,-0.0024374208070529354,0.013687030327141789
252,1.0,kappa_plus20,0,5,BS,6.808641166987396,6.800367750644936,-0.008273416342459504,0.018636120225850882
252,1.0,kappa_plus20,0,5,Heston,8.661338875782445,8.653947166696147,-0.007391709086297661,0.01961263121289716
252,1.0,kappa_plus20,0,5,Adjusted,6.254625891301935,6.249587014873292,-0.005038876428643814,0.017795120051378146
252,1.0,kappa_plus20,5,1,BS,4.757209900285591,4.751769876024496,-0.005440024261096048,0.013558961173500958
252,1.0,kappa_plus20,5,1,Heston,6.323432117636877,6.318584806872698,-0.00484731076417844,0.015180323177965858
252,1.0,kappa_plus20,5,1,Adjusted,4.412232003778926,4.409162629006813,-0.003069374772113146,0.012306645955561989
252,1.0,kappa_plus20,5,5,BS,6.315625005691471,6.306520895678714,-0.009104110012757204,0.017830998657793903
252,1.0,kappa_plus20,5,5,Heston,8.07716716579823,8.069338151910777,-0.007829013887451663,0.018770846319092697
252,1.0,kappa_plus20,5,5,Adjusted,5.834718344273987,5.82872248523931,-0.005995859034676107,0.017066344677929633
252,1.0,kappa_plus20,10,1,BS,4.139066549976085,4.13347205729512,-0.00559449268096415,0.012285676143240148
252,1.0,kappa_plus20,10,1,Heston,5.585371645432339,5.580927845465852,-0.004443799966487014,0.013930186184924356
252,1.0,kappa_plus20,10,1,Adjusted,3.9031457900338227,3.8998310442959063,-0.0033147457379166653,0.011132962544704823
252,1.0,kappa_plus20,10,5,BS,5.886029282021927,5.876226510205864,-0.009802771816062233,0.017086039997013296
252,1.0,kappa_plus20,10,5,Heston,7.556445582988192,7.548314678537133,-0.00813090445105886,0.017992263683404584
252,1.0,kappa_plus20,10,5,Adjusted,5.477657674471203,5.4708437523591815,-0.006813922112021225,0.016396995650690607
252,1.0,theta_minus20,0,1,BS,5.5716795704083495,5.566767960280519,-0.004911610127830682,0.015040382063613904
252,1.0,theta_minus20,0,1,Heston,7.401186547649962,7.393762903557747,-0.007423644092214507,0.015705112839337797
252,1.0,theta_minus20,0,1,Adjusted,4.969978599852259,4.9659410106452935,-0.004037589206964872,0.012426257436741393
252,1.0,theta_minus20,0,5,BS,6.808641166987396,6.800367750644936,-0.008273416342459504,0.018636120225850882
252,1.0,theta_minus20,0,5,Heston,8.858405267424763,8.849571012007779,-0.00883425541698235,0.01872482723444684
252,1.0,theta_minus20,0,5,Adjusted,6.113520392806526,6.106943242195433,-0.006577150611093292,0.01680950658716641
252,1.0,theta_minus20,5,1,BS,4.757209900285591,4.751769876024496,-0.005440024261096048,0.013558961173500958
252,1.0,theta_minus20,5,1,Heston,6.456025236613598,6.4492302610802845,-0.0067949755333147205,0.014352595506389164
252,1.0,theta_minus20,5,1,Adjusted,4.306695698925117,4.302362487387346,-0.004333211537770634,0.011179492783807858
252,1.0,theta_minus20,5,5,BS,6.315625005691471,6.306520895678714,-0.009104110012757204,0.017830998657793903
252,1.0,theta_minus20,5,5,Heston,8.26253584314963,8.253544965693264,-0.008990877456366357,0.017945510645715403
252,1.0,theta_minus20,5,5,Adjusted,5.7168942672432,5.70950615073019,-0.0073881165130091206,0.01615892737365767
252,1.0,theta_minus20,10,1,BS,4.139066549976085,4.13347205729512,-0.00559449268096415,0.012285676143240148
252,1.0,theta_minus20,10,1,Heston,5.72388940942276,5.71817247151878,-0.005716937903979741,0.013245304031532274
252,1.0,theta_minus20,10,1,Adjusted,3.855715756400567,3.8515222300724012,-0.004193526328165715,0.01017260996954218
252,1.0,theta_minus20,10,5,BS,5.886029282021927,5.876226510205864,-0.009802771816062233,0.017086039997013296
252,1.0,theta_minus20,10,5,Heston,7.734819831869292,7.725817877652902,-0.009001954216389003,0.017237077564110345
252,1.0,theta_minus20,10,5,Adjusted,5.387116369450922,5.379058175147309,-0.0080581943036135,0.015571321242383059
252,1.0,theta_plus20,0,1,BS,5.5716795704083495,5.566767960280519,-0.004911610127830682,0.015040382063613904
252,1.0,theta_plus20,0,1,Heston,7.505360572987319,7.50033861127252,-0.00502196171479955,0.017150377800892718
252,1.0,theta_plus20,0,1,Adjusted,5.195742867993069,5.193237633517239,-0.0025052344758288644,0.014117301302483955
252,1.0,theta_plus20,0,5,BS,6.808641166987396,6.800367750644936,-0.008273416342459504,0.018636120225850882
252,1.0,theta_plus20,0,5,Heston,8.91630882524641,8.90909499058734,-0.007213834659070825,0.020161156204354908
252,1.0,theta_plus20,0,5,Adjusted,6.3316997567980975,6.3267454029065675,-0.004954353891530474,0.018290106136438607
252,1.0,theta_plus20,5,1,BS,4.757209900285591,4.751769876024496,-0.005440024261096048,0.013558961173500958
252,1.0,theta_plus20,5,1,Heston,6.555935483204385,6.550767223511852,-0.005168259692533129,0.015648193526341864
252,1.0,theta_plus20,5,1,Adjusted,4.492299194285782,4.4889392068201595,-0.003359987465622608,0.012692074482902568
252,1.0,theta_plus20,5,5,BS,6.315625005691471,6.306520895678714,-0.009104110012757204,0.017830998657793903
252,1.0,theta_plus20,5,5,Heston,8.322491079147879,8.314772141203708,-0.007718937944172695,0.01929188088913582
252,1.0,theta_plus20,5,5,Adjusted,5.9153916955914925,5.909375926699493,-0.006015768891999615,0.017537102811956473
252,1.0,theta_plus20,10,1,BS,4.139066549976085,4.13347205729512,-0.00559449268096415,0.012285676143240148
252,1.0,theta_plus20,10,1,Heston,5.793481701799189,5.78854171842323,-0.004939983375959191,0.014344902692975996
252,1.0,theta_plus20,10,1,Adjusted,3.9763430147555017,3.972497623554143,-0.0038453912013587032,0.011461245395590626
252,1.0,theta_plus20,10,5,BS,5.886029282021927,5.876226510205864,-0.009802771816062233,0.017086039997013296
252,1.0,theta_plus20,10,5,Heston,7.790532212710021,7.782440286938357,-0.008091925771664392,0.018481792797286817
252,1.0,theta_plus20,10,5,Adjusted,5.560171110187419,5.553229223176216,-0.006941887011202566,0.01684030078909649
252,1.0,xi_minus20,0,1,BS,5.5716795704083495,5.566767960280519,-0.004911610127830682,0.015040382063613904
252,1.0,xi_minus20,0,1,Heston,7.135030752960006,7.129532659786283,-0.005498093173722792,0.01653917547050276
252,1.0,xi_minus20,0,1,Adjusted,5.163537716174218,5.1602967378725495,-0.00324097830166895,0.013973108410338317
252,1.0,xi_minus20,0,5,BS,6.808641166987396,6.800367750644936,-0.008273416342459504,0.018636120225850882
252,1.0,xi_minus20,0,5,Heston,8.52553432352056,8.517827853430767,-0.00770647008979524,0.01959252619174735
252,1.0,xi_minus20,0,5,Adjusted,6.319884660105554,6.313838103426137,-0.006046556679417817,0.01809505113385116
252,1.0,xi_minus20,5,1,BS,4.757209900285591,4.751769876024496,-0.005440024261096048,0.013558961173500958
252,1.0,xi_minus20,5,1,Heston,6.193616067449566,6.187980935201832,-0.005635132247735753,0.015050195052916956
252,1.0,xi_minus20,5,1,Adjusted,4.437154617810005,4.433113462816074,-0.004041154993930987,0.01255822036204447
252,1.0,xi_minus20,5,5,BS,6.315625005691471,6.306520895678714,-0.009104110012757204,0.017830998657793903
252,1.0,xi_minus20,5,5,Heston,7.938867629205563,7.930611113991224,-0.008256515214339791,0.0187443159144722
252,1.0,xi_minus20,5,5,Adjusted,5.885892373358476,5.878786916229048,-0.007105457129427306,0.017351381279926713
252,1.0,xi_minus20,10,1,BS,4.139066549976085,4.13347205729512,-0.00559449268096415,0.012285676143240148
252,1.0,xi_minus20,10,1,Heston,5.447683248488702,5.44229285519678,-0.005390393291922114,0.013768982911969298
252,1.0,xi_minus20,10,1,Adjusted,3.906592371644942,3.9021244319436477,-0.004467939701294601,0.011348304174437465
252,1.0,xi_minus20,10,5,BS,5.886029282021927,5.876226510205864,-0.009802771816062233,0.017086039997013296
252,1.0,xi_minus20,10,5,Heston,7.416006814416907,7.407333898554288,-0.00867291586261796,0.017957669314298614
252,1.0,xi_minus20,10,5,Adjusted,5.514981504676466,5.506951507758462,-0.00802999691800433,0.016666713650155273
252,1.0,xi_plus20,0,1,BS,5.5716795704083495,5.566767960280519,-0.004911610127830682,0.015040382063613904
252,1.0,xi_plus20,0,1,Heston,7.692739314588593,7.685899167696688,-0.0068401468919053856,0.016301088169473052
252,1.0,xi_plus20,0,1,Adjusted,5.015330827679219,5.01192811437626,-0.003402713302958816,0.012619707458591738
252,1.0,xi_plus20,0,5,BS,6.808641166987396,6.800367750644936,-0.008273416342459504,0.018636120225850882
252,1.0,xi_plus20,0,5,Heston,9.16205576577606,9.153475980564185,-0.008579785211875728,0.01925619336251832
252,1.0,xi_plus20,0,5,Adjusted,6.1363663383699105,6.130727818395783,-0.005638519974127941,0.017001694833526718
252,1.0,xi_plus20,5,1,BS,4.757209900285591,4.751769876024496,-0.005440024261096048,0.013558961173500958
252,1.0,xi_plus20,5,1,Heston,6.743023856102387,6.736695671549879,-0.006328184552508138,0.014922003763135171
252,1.0,xi_plus20,5,1,Adjusted,4.37250790866244,4.368694183241966,-0.00381372542047377,0.011350385529755551
252,1.0,xi_plus20,5,5,BS,6.315625005691471,6.306520895678714,-0.009104110012757204,0.017830998657793903
252,1.0,xi_plus20,5,5,Heston,8.561489550562646,8.552742787962732,-0.008746762599913591,0.018449930756223344
252,1.0,xi_plus20,5,5,Adjusted,5.756463640628662,5.74995175033972,-0.006511890288942279,0.016332489133814125
252,1.0,xi_plus20,10,1,BS,4.139066549976085,4.13347205729512,-0.00559449268096415,0.012285676143240148
252,1.0,xi_plus20,10,1,Heston,5.99562319489473,5.990244111926721,-0.005379082968008989,0.013776658441655694
252,1.0,xi_plus20,10,1,Adjusted,3.9315614940264596,3.92776231268182,-0.0037991813446398787,0.010304486027666966
252,1.0,xi_plus20,10,5,BS,5.886029282021927,5.876226510205864,-0.009802771816062233,0.017086039997013296
252,1.0,xi_plus20,10,5,Heston,8.026593823315864,8.017823454668717,-0.008770368647147201,0.01771131979011231
252,1.0,xi_plus20,10,5,Adjusted,5.440934403195122,5.4336938615582415,-0.007240541636879192,0.015723112743194115
252,1.0,rho_minus10pp,0,1,BS,5.5716795704083495,5.566767960280519,-0.004911610127830682,0.015040382063613904
252,1.0,rho_minus10pp,0,1,Heston,7.766252455493014,7.760252259068524,-0.00600019642448708,0.01672861418526962
252,1.0,rho_minus10pp,0,1,Adjusted,5.047985773944225,5.045225430585266,-0.002760343358958632,0.01304150357866443
252,1.0,rho_minus10pp,0,5,BS,6.808641166987396,6.800367750644936,-0.008273416342459504,0.018636120225850882
252,1.0,rho_minus10pp,0,5,Heston,9.233503757251,9.22620353793074,-0.007300219320260389,0.019659364817743746
252,1.0,rho_minus10pp,0,5,Adjusted,6.169062727145909,6.1643107760091205,-0.004751951136788857,0.017404573050952478
252,1.0,rho_minus10pp,5,1,BS,4.757209900285591,4.751769876024496,-0.005440024261096048,0.013558961173500958
252,1.0,rho_minus10pp,5,1,Heston,6.8067325212034095,6.800989830703777,-0.005742690499633319,0.015289151790406998
252,1.0,rho_minus10pp,5,1,Adjusted,4.3910760880929605,4.387703166702291,-0.003372921390669229,0.011712545984399239
252,1.0,rho_minus10pp,5,5,BS,6.315625005691471,6.306520895678714,-0.009104110012757204,0.017830998657793903
252,1.0,rho_minus10pp,5,5,Heston,8.628822898604469,8.621245355885302,-0.007577542719166227,0.018819507452881645
252,1.0,rho_minus10pp,5,5,Adjusted,5.782093816628216,5.776371839925808,-0.005721976702408178,0.016702614292684204
252,1.0,rho_minus10pp,10,1,BS,4.139066549976085,4.13347205729512,-0.00559449268096415,0.012285676143240148
252,1.0,rho_minus10pp,10,1,Heston,6.044643703049722,6.0395679348988125,-0.005075768150909402,0.014074430624252184
252,1.0,rho_minus10pp,10,1,Adjusted,3.931131417491646,3.9275480270255763,-0.003583390466070118,0.01059706460144467
252,1.0,rho_minus10pp,10,5,BS,5.886029282021927,5.876226510205864,-0.009802771816062233,0.017086039997013296
252,1.0,rho_minus10pp,10,5,Heston,8.088650060934452,8.08093399713614,-0.007716063798312215,0.0180451184125185
252,1.0,rho_minus10pp,10,5,Adjusted,5.458364942871667,5.451813855528773,-0.0065510873428952,0.016059133572391335
252,1.0,rho_plus10pp,0,1,BS,5.5716795704083495,5.566767960280519,-0.004911610127830682,0.015040382063613904
252,1.0,rho_plus10pp,0,1,Heston,7.092625779051152,7.086306241576693,-0.006319537474458557,0.016179329813735894
252,1.0,rho_plus10pp,0,1,Adjusted,5.105190261845552,5.101285699630076,-0.0039045622154752473,0.013559736133754911
252,1.0,rho_plus10pp,0,5,BS,6.808641166987396,6.800367750644936,-0.008273416342459504,0.018636120225850882
252,1.0,rho_plus10pp,0,5,Heston,8.487644658946472,8.478947717226772,-0.008696941719701362,0.019226117963342483
252,1.0,rho_plus10pp,0,5,Adjusted,6.2602023878631865,6.2533757544432325,-0.006826633419954629,0.017694963459964446
252,1.0,rho_plus10pp,5,1,BS,4.757209900285591,4.751769876024496,-0.005440024261096048,0.013558961173500958
252,1.0,rho_plus10pp,5,1,Heston,6.156901414726872,6.150644917303892,-0.006256497422979541,0.014731798426262634
252,1.0,rho_plus10pp,5,1,Adjusted,4.3895992280496845,4.385064433586342,-0.004534794463341582,0.012189667846755457
252,1.0,rho_plus10pp,5,5,BS,6.315625005691471,6.306520895678714,-0.009104110012757204,0.017830998657793903
252,1.0,rho_plus10pp,5,5,Heston,7.902819554522297,7.893671051221333,-0.009148503300963074,0.018401609950846387
252,1.0,rho_plus10pp,5,5,Adjusted,5.831640989401231,5.823840872618893,-0.007800116782337949,0.016976483815695907
252,1.0,rho_plus10pp,10,1,BS,4.139066549976085,4.13347205729512,-0.00559449268096415,0.012285676143240148
252,1.0,rho_plus10pp,10,1,Heston,5.420708167509096,5.414918507734978,-0.005789659774118078,0.013498924542051935
252,1.0,rho_plus10pp,10,1,Adjusted,3.8739445030880133,3.8691736261752467,-0.004770876912766966,0.011032771857113228
252,1.0,rho_plus10pp,10,5,BS,5.886029282021927,5.876226510205864,-0.009802771816062233,0.017086039997013296
252,1.0,rho_plus10pp,10,5,Heston,7.382771615061989,7.373308998702409,-0.009462616359579878,0.017640332026877457
252,1.0,rho_plus10pp,10,5,Adjusted,5.467115160121544,5.45847895165576,-0.0086362084657846,0.01631828794474117
252,1.1,reference,0,1,BS,5.423709031302862,5.421210718070053,-0.0024983132328090466,0.014201705027128931
252,1.1,reference,0,1,Heston,7.655652510699668,7.658131521121117,0.002479010421447889,0.01710157489343356
252,1.1,reference,0,1,Adjusted,4.50016097476569,4.4954584449582295,-0.004702529807460266,0.011680041519916558
252,1.1,reference,0,5,BS,6.8326415454303575,6.8407094693744845,0.008067923944126868,0.016637553554486584
252,1.1,reference,0,5,Heston,9.15872564275292,9.171992512670183,0.013266869917264928,0.01896160941195987
252,1.1,reference,0,5,Adjusted,5.856807788358502,5.862241650149418,0.00543386179091606,0.014782697730332637
252,1.1,reference,5,1,BS,4.6609883287104115,4.657875509966969,-0.003112818743442965,0.01260534324249476
252,1.1,reference,5,1,Heston,6.6802896323289644,6.683076475556311,0.0027868432273462154,0.01537628045930569
252,1.1,reference,5,1,Adjusted,3.954117438797819,3.9482017271138155,-0.0059157116840033875,0.010316207742734297
252,1.1,reference,5,5,BS,6.371143283037471,6.379423139344793,0.008279856307321563,0.01590599104423591
252,1.1,reference,5,5,Heston,8.557089616965879,8.570888330919466,0.013798713953586426,0.018147609095629607
252,1.1,reference,5,5,Adjusted,5.5275387108728875,5.5328793941141505,0.005340683241262201,0.014200402096467593
252,1.1,reference,10,1,BS,4.092054676480459,4.088301864231475,-0.003752812248983069,0.011223164243965286
252,1.1,reference,10,1,Heston,5.912180490913317,5.915305637943741,0.0031251470304251086,0.013857361463949903
252,1.1,reference,10,1,Adjusted,3.598714774885739,3.591530535888394,-0.007184238997344898,0.009247236570566461
252,1.1,reference,10,5,BS,5.967088571577377,5.975521366348161,0.00843279477078367,0.015234504142596913
252,1.1,reference,10,5,Heston,8.016621278719334,8.030898907078319,0.01427762835898494,0.017403629978781362
252,1.1,reference,10,5,Adjusted,5.254632800612897,5.25982143929857,0.0051886386856729244,0.013684135925630211
252,1.1,kappa_minus20,0,1,BS,5.423709031302862,5.421210718070053,-0.0024983132328090466,0.014201705027128931
252,1.1,kappa_minus20,0,1,Heston,7.629828018720744,7.633990522338236,0.004162503617492106,0.016593821198643097
252,1.1,kappa_minus20,0,1,Adjusted,4.408950309441613,4.4047240354421575,-0.004226273999456361,0.010766049153011699
252,1.1,kappa_minus20,0,5,BS,6.8326415454303575,6.8407094693744845,0.008067923944126868,0.016637553554486584
252,1.1,kappa_minus20,0,5,Heston,9.13757379104091,9.151763898437565,0.01419010739665475,0.018460699985339866
252,1.1,kappa_minus20,0,5,Adjusted,5.768866037270693,5.774290818484586,0.005424781213892102,0.01400572385817851
252,1.1,kappa_minus20,5,1,BS,4.6609883287104115,4.657875509966969,-0.003112818743442965,0.01260534324249476
252,1.1,kappa_minus20,5,1,Heston,6.649520694337912,6.654013812962478,0.004493118624565442,0.01487493966863035
252,1.1,kappa_minus20,5,1,Adjusted,3.930964838837055,3.925268666077468,-0.005696172759587147,0.009534455839359373
252,1.1,kappa_minus20,5,5,BS,6.371143283037471,6.379423139344793,0.008279856307321563,0.01590599104423591
252,1.1,kappa_minus20,5,5,Heston,8.532526955106981,8.547144143157084,0.014617188050101811,0.01766554038207053
252,1.1,kappa_minus20,5,5,Adjusted,5.480072564459907,5.485249285352278,0.005176720892370909,0.013492127096563689
252,1.1,kappa_minus20,10,1,BS,4.092054676480459,4.088301864231475,-0.003752812248983069,0.011223164243965286
252,1.1,kappa_minus20,10,1,Heston,5.884273493030371,5.8891190970092735,0.004845603978902238,0.013379259128591175
252,1.1,kappa_minus20,10,1,Adjusted,3.647290223631135,3.6400472858546316,-0.007242937776503019,0.008652058508324123
252,1.1,kappa_minus20,10,5,BS,5.967088571577377,5.975521366348161,0.00843279477078367,0.015234504142596913
252,1.1,kappa_minus20,10,5,Heston,7.9904371885986,8.005427294269142,0.014990105670540698,0.016944895578921895
252,1.1,kappa_minus20,10,5,Adjusted,5.2482454148631295,5.253112136161315,0.00486672129818604,0.013050274953155916
252,1.1,kappa_plus20,0,1,BS,5.423709031302862,5.421210718070053,-0.0024983132328090466,0.014201705027128931
252,1.1,kappa_plus20,0,1,Heston,7.670239757156745,7.6714778703079585,0.0012381131512145746,0.01750099976547401
252,1.1,kappa_plus20,0,1,Adjusted,4.650203681999973,4.645138196681336,-0.0050654853186371685,0.01250669558560665
252,1.1,kappa_plus20,0,5,BS,6.8326415454303575,6.8407094693744845,0.008067923944126868,0.016637553554486584
252,1.1,kappa_plus20,0,5,Heston,9.16852101438467,9.180973680863287,0.01245266647861826,0.019374165364381257
252,1.1,kappa_plus20,0,5,Adjusted,6.0069072032604005,6.012296012743647,0.005388809483246737,0.015520973377133755
252,1.1,kappa_plus20,5,1,BS,4.6609883287104115,4.657875509966969,-0.003112818743442965,0.01260534324249476
252,1.1,kappa_plus20,5,1,Heston,6.701035533406685,6.702560043170675,0.0015245097639895403,0.01577786185968159
252,1.1,kappa_plus20,5,1,Adjusted,4.054342763057079,4.048250389169889,-0.006092373887190401,0.011062567969086357
252,1.1,kappa_plus20,5,5,BS,6.371143283037471,6.379423139344793,0.008279856307321563,0.01590599104423591
252,1.1,kappa_plus20,5,5,Heston,8.570964240101546,8.584003694394264,0.01303945429271919,0.018548058188743936
252,1.1,kappa_plus20,5,5,Adjusted,5.647823769040164,5.653254298037157,0.005430528996993542,0.01489137217890953
252,1.1,kappa_plus20,10,1,BS,4.092054676480459,4.088301864231475,-0.003752812248983069,0.011223164243965286
252,1.1,kappa_plus20,10,1,Heston,5.933402539358591,5.935246266192317,0.001843726833725719,0.014250096680221466
252,1.1,kappa_plus20,10,1,Adjusted,3.6464192396375754,3.6392522534619536,-0.007166986175622272,0.009878403386377634
252,1.1,kappa_plus20,10,5,BS,5.967088571577377,5.975521366348161,0.00843279477078367,0.015234504142596913
252,1.1,kappa_plus20,10,5,Heston,8.033255674739646,8.04683021992828,0.013574545188632586,0.017788836454888993
252,1.1,kappa_plus20,10,5,Adjusted,5.3446391232554324,5.350053673941701,0.005414550686267266,0.014323689584430244
252,1.1,theta_minus20,0,1,BS,5.423709031302862,5.421210718070053,-0.0024983132328090466,0.014201705027128931
252,1.1,theta_minus20,0,1,Heston,7.094520844632113,7.0992634007206155,0.004742556088502997,0.015692028861765937
252,1.1,theta_minus20,0,1,Adjusted,4.3747554717354165,4.370966291379975,-0.003789180355440576,0.01037811195651962
252,1.1,theta_minus20,0,5,BS,6.8326415454303575,6.8407094693744845,0.008067923944126868,0.016637553554486584
252,1.1,theta_minus20,0,5,Heston,8.557183945732177,8.572135006402704,0.014951060670524763,0.017644131387246475
252,1.1,theta_minus20,0,5,Adjusted,5.706804487278241,5.712578883969726,0.005774396691483584,0.013521531213495322
252,1.1,theta_minus20,5,1,BS,4.6609883287104115,4.657875509966969,-0.003112818743442965,0.01260534324249476
252,1.1,theta_minus20,5,1,Heston,6.175376313787478,6.180364720021277,0.00498840623379951,0.01403887469684919
252,1.1,theta_minus20,5,1,Adjusted,3.922485420804378,3.9171934658732415,-0.005291954931136461,0.009258450446719321
252,1.1,theta_minus20,5,5,BS,6.371143283037471,6.379423139344793,0.008279856307321563,0.01590599104423591
252,1.1,theta_minus20,5,5,Heston,7.985450399847678,8.000729942386691,0.015279542539014522,0.016902762946044893
252,1.1,theta_minus20,5,5,Adjusted,5.428570321661728,5.434025341040176,0.005455019378446677,0.013051808234687342
252,1.1,theta_minus20,10,1,BS,4.092054676480459,4.088301864231475,-0.003752812248983069,0.011223164243965286
252,1.1,theta_minus20,10,1,Heston,5.479025908614181,5.484279867188773,0.005253958574591046,0.01264242085856662
252,1.1,theta_minus20,10,1,Adjusted,3.6726925452680863,3.6658161040848625,-0.0068764411832243355,0.008550379375314533
252,1.1,theta_minus20,10,5,BS,5.967088571577377,5.975521366348161,0.00843279477078367,0.015234504142596913
252,1.1,theta_minus20,10,5,Heston,7.478181367729703,7.493733588914986,0.015552221185282312,0.01624391931753128
252,1.1,theta_minus20,10,5,Adjusted,5.209061620557679,5.214132985758518,0.005071365200838257,0.012664666258570744
252,1.1,theta_plus20,0,1,BS,5.423709031302862,5.421210718070053,-0.0024983132328090466,0.014201705027128931
252,1.1,theta_plus20,0,1,Heston,8.260348906791588,8.261180747409885,0.0008318406182970146,0.01837309255982046
252,1.1,theta_plus20,0,1,Adjusted,4.77264165322069,4.76727359895746,-0.005368054263229998,0.013001832069001296
252,1.1,theta_plus20,0,5,BS,6.8326415454303575,6.8407094693744845,0.008067923944126868,0.016637553554486584
252,1.1,theta_plus20,0,5,Heston,9.80021809721313,9.811914797431662,0.011696700218534027,0.02021967698473929
252,1.1,theta_plus20,0,5,Adjusted,6.154391608004848,6.159354828498964,0.004963220494115767,0.016102960375556204
252,1.1,theta_plus20,5,1,BS,4.6609883287104115,4.657875509966969,-0.003112818743442965,0.01260534324249476
252,1.1,theta_plus20,5,1,Heston,7.244092371051458,7.245290250458115,0.0011978794066573734,0.016610781471184232
252,1.1,theta_plus20,5,1,Adjusted,4.154601018547509,4.148250422144098,-0.006350596403410557,0.011501944845774069
252,1.1,theta_plus20,5,5,BS,6.371143283037471,6.379423139344793,0.008279856307321563,0.01590599104423591
252,1.1,theta_plus20,5,5,Heston,9.176359357160974,9.18873024552938,0.012370888368403374,0.019359812494196754
252,1.1,theta_plus20,5,5,Adjusted,5.785324626662675,5.790387295773113,0.005062669110438561,0.01544962544462478
252,1.1,theta_plus20,10,1,BS,4.092054676480459,4.088301864231475,-0.003752812248983069,0.011223164243965286
252,1.1,theta_plus20,10,1,Heston,6.422659822655415,6.424255818507659,0.001595995852242009,0.015027036933278053
252,1.1,theta_plus20,10,1,Adjusted,3.7174638138693092,3.7100862647657307,-0.007377549103578117,0.010225638431226336
252,1.1,theta_plus20,10,5,BS,5.967088571577377,5.975521366348161,0.00843279477078367,0.015234504142596913
252,1.1,theta_plus20,10,5,Heston,8.611001828999997,8.623996825987671,0.012994996987673986,0.01856174039669901
252,1.1,theta_plus20,10,5,Adjusted,5.470644382155863,5.475750732458749,0.005106350302886629,0.014851284524664205
252,1.1,xi_minus20,0,1,BS,5.423709031302862,5.421210718070053,-0.0024983132328090466,0.014201705027128931
252,1.1,xi_minus20,0,1,Heston,7.519825400742139,7.521370331006892,0.0015449302647523866,0.01690172020118007
252,1.1,xi_minus20,0,1,Adjusted,4.746469303049155,4.742218311277528,-0.004250991771627112,0.012562112437060341
252,1.1,xi_minus20,0,5,BS,6.8326415454303575,6.8407094693744845,0.008067923944126868,0.016637553554486584
252,1.1,xi_minus20,0,5,Heston,9.028638758026837,9.04062466961776,0.011985911590924388,0.018896978605265444
252,1.1,xi_minus20,0,5,Adjusted,6.132375055607232,6.138328228750398,0.005953173143165855,0.015597322286702303
252,1.1,xi_minus20,5,1,BS,4.6609883287104115,4.657875509966969,-0.003112818743442965,0.01260534324249476
252,1.1,xi_minus20,5,1,Heston,6.545293417263556,6.546891469753926,0.0015980524903696294,0.015176566821318776
252,1.1,xi_minus20,5,1,Adjusted,4.1198522838665195,4.114425598366283,-0.005426685500235874,0.011085102164998063
252,1.1,xi_minus20,5,5,BS,6.371143283037471,6.379423139344793,0.008279856307321563,0.01590599104423591
252,1.1,xi_minus20,5,5,Heston,8.432289381972996,8.444751916807782,0.012462534834784347,0.018077534131597187
252,1.1,xi_minus20,5,5,Adjusted,5.7564350089801675,5.76234147735423,0.005906468374062087,0.0149560842005184
252,1.1,xi_minus20,10,1,BS,4.092054676480459,4.088301864231475,-0.003752812248983069,0.011223164243965286
252,1.1,xi_minus20,10,1,Heston,5.770850791795208,5.772509122333742,0.0016583305385332262,0.013643566997120321
252,1.1,xi_minus20,10,1,Adjusted,3.68069975927231,3.674037236294827,-0.006662522977482616,0.009851646813722456
252,1.1,xi_minus20,10,5,BS,5.967088571577377,5.975521366348161,0.00843279477078367,0.015234504142596913
252,1.1,xi_minus20,10,5,Heston,7.8954519652800474,7.9083349044416416,0.01288293916159353,0.017321137165661374
252,1.1,xi_minus20,10,5,Adjusted,5.436302630202201,5.44210144156335,0.005798811361149582,0.014373035261798771
252,1.1,xi_plus20,0,1,BS,5.423709031302862,5.421210718070053,-0.0024983132328090466,0.014201705027128931
252,1.1,xi_plus20,0,1,Heston,7.7569656208667475,7.760503196628832,0.0035375757620857567,0.01723544020738623
252,1.1,xi_plus20,0,1,Adjusted,4.388151733578779,4.383096839171587,-0.0050548944071916145,0.010850506263419966
252,1.1,xi_plus20,0,5,BS,6.8326415454303575,6.8407094693744845,0.008067923944126868,0.016637553554486584
252,1.1,xi_plus20,0,5,Heston,9.249151159666367,9.263594207754055,0.014443048087688815,0.01898086075889119
252,1.1,xi_plus20,0,5,Adjusted,5.714762411271843,5.719536917929737,0.004774506657894081,0.014009098280252815
252,1.1,xi_plus20,5,1,BS,4.6609883287104115,4.657875509966969,-0.003112818743442965,0.01260534324249476
252,1.1,xi_plus20,5,1,Heston,6.790128775094062,6.794241299010292,0.004112523916229235,0.015518432397401674
252,1.1,xi_plus20,5,1,Adjusted,3.9293364808104174,3.9230324708941966,-0.0063040099162207305,0.009652847467126417
252,1.1,xi_plus20,5,5,BS,6.371143283037471,6.379423139344793,0.008279856307321563,0.01590599104423591
252,1.1,xi_plus20,5,5,Heston,8.647219275708373,8.662230690591805,0.015011414883432408,0.018187125609215062
252,1.1,xi_plus20,5,5,Adjusted,5.435440432549408,5.440080184662186,0.004639752112778027,0.013505138111818547
252,1.1,xi_plus20,10,1,BS,4.092054676480459,4.088301864231475,-0.003752812248983069,0.011223164243965286
252,1.1,xi_plus20,10,1,Heston,6.038485218859334,6.043226613437321,0.004741394577987595,0.0140274244920919
252,1.1,xi_plus20,10,1,Adjusted,3.6647303178619453,3.6571238801024206,-0.007606437759524427,0.0088202857731867
252,1.1,xi_plus20,10,5,BS,5.967088571577377,5.975521366348161,0.00843279477078367,0.015234504142596913
252,1.1,xi_plus20,10,5,Heston,8.108257428987631,8.123788327542886,0.015530898555255076,0.01747166780856675
252,1.1,xi_plus20,10,5,Adjusted,5.213108869156189,5.217555386503266,0.004446517347076435,0.01307756233652572
252,1.1,rho_minus10pp,0,1,BS,5.423709031302862,5.421210718070053,-0.0024983132328090466,0.014201705027128931
252,1.1,rho_minus10pp,0,1,Heston,8.06506034723593,8.068102428856436,0.00304208162050589,0.018114161817103517
252,1.1,rho_minus10pp,0,1,Adjusted,4.432772997220597,4.4276834887079275,-0.005089508512669679,0.011497339626480887
252,1.1,rho_minus10pp,0,5,BS,6.8326415454303575,6.8407094693744845,0.008067923944126868,0.016637553554486584
252,1.1,rho_minus10pp,0,5,Heston,9.588369133977876,9.60299401047113,0.014624876493252972,0.019888147261503876
252,1.1,rho_minus10pp,0,5,Adjusted,5.782414158184851,5.787698908928124,0.005284750743271559,0.014661667761785966
252,1.1,rho_minus10pp,5,1,BS,4.6609883287104115,4.657875509966969,-0.003112818743442965,0.01260534324249476
252,1.1,rho_minus10pp,5,1,Heston,7.070543579684263,7.07415457789703,0.003610998212767315,0.016360406571316613
252,1.1,rho_minus10pp,5,1,Adjusted,3.934871954638337,3.9285884941496256,-0.006283460488711942,0.01018043518628419
252,1.1,rho_minus10pp,5,5,BS,6.371143283037471,6.379423139344793,0.008279856307321563,0.01590599104423591
252,1.1,rho_minus10pp,5,5,Heston,8.971945094177563,8.987209313704051,0.015264219526489256,0.0190497694819399
252,1.1,rho_minus10pp,5,5,Adjusted,5.482491852697159,5.487710749879965,0.005218897182805882,0.014098869758276402
252,1.1,rho_minus10pp,10,1,BS,4.092054676480459,4.088301864231475,-0.003752812248983069,0.011223164243965286
252,1.1,rho_minus10pp,10,1,Heston,6.286450134426229,6.290685633929703,0.004235499503475007,0.014815206584500178
252,1.1,rho_minus10pp,10,1,Adjusted,3.627051639087033,3.619529867304008,-0.007521771783024811,0.009172783194637412
252,1.1,rho_minus10pp,10,5,BS,5.967088571577377,5.975521366348161,0.00843279477078367,0.015234504142596913
252,1.1,rho_minus10pp,10,5,Heston,8.417512152894185,8.43336645593136,0.015854303037176724,0.018284309673274376
252,1.1,rho_minus10pp,10,5,Adjusted,5.238735850345705,5.243831829104833,0.005095978759127095,0.01360499856155171
252,1.1,rho_plus10pp,0,1,BS,5.423709031302862,5.421210718070053,-0.0024983132328090466,0.014201705027128931
252,1.1,rho_plus10pp,0,1,Heston,7.30025673325476,7.302130085368918,0.001873352114158169,0.016235884859539987
252,1.1,rho_plus10pp,0,1,Adjusted,4.63107357753732,4.626835679859559,-0.0042378976777611935,0.011920973271002501
252,1.1,rho_plus10pp,0,5,BS,6.8326415454303575,6.8407094693744845,0.008067923944126868,0.016637553554486584
252,1.1,rho_plus10pp,0,5,Heston,8.785643983139334,8.797722778070913,0.012078794931578795,0.018215509706443474
252,1.1,rho_plus10pp,0,5,Adjusted,5.996458150489311,6.002123327993911,0.005665177504600487,0.014965487848495346
252,1.1,rho_plus10pp,5,1,BS,4.6609883287104115,4.657875509966969,-0.003112818743442965,0.01260534324249476
252,1.1,rho_plus10pp,5,1,Heston,6.345690388144492,6.347604671341479,0.0019142831969879807,0.01453828931216042
252,1.1,rho_plus10pp,5,1,Adjusted,4.035550088130298,4.03007873627311,-0.0054713518571888,0.010512834990610826
252,1.1,rho_plus10pp,5,5,BS,6.371143283037471,6.379423139344793,0.008279856307321563,0.01590599104423591
252,1.1,rho_plus10pp,5,5,Heston,8.199378384219683,8.211877183609793,0.012498799390112721,0.01742572907085304
252,1.1,rho_plus10pp,5,5,Adjusted,5.637089911572787,5.64264179131833,0.005551879745543841,0.014363841888938805
252,1.1,rho_plus10pp,10,1,BS,4.092054676480459,4.088301864231475,-0.003752812248983069,0.011223164243965286
252,1.1,rho_plus10pp,10,1,Heston,5.595378540951318,5.597340301838173,0.001961760886854432,0.013046703623810309
252,1.1,rho_plus10pp,10,1,Adjusted,3.6311329387371467,3.624361476828877,-0.006771461908269708,0.009384382429794735
252,1.1,rho_plus10pp,10,5,BS,5.967088571577377,5.975521366348161,0.00843279477078367,0.015234504142596913
252,1.1,rho_plus10pp,10,5,Heston,7.673502210980226,7.686364492366632,0.012862281386404915,0.016703093861525888
252,1.1,rho_plus10pp,10,5,Adjusted,5.334269380183117,5.339646806640316,0.005377426457199514,0.01382558036598248
