maturity_days,strike_over_forward,scenario,fee_bps,rebalance_days,strategy,mse,mean_error,error_variance,mean_fees,top1pct_loss_share,max_abs_error,n_paths
63,0.9,reference,0,1,BS,0.5529334848903822,0.22739069854834393,0.5012269551040784,0.0,0.1291039455565815,4.130730892239171,4096
63,0.9,reference,0,1,Heston,0.684606933970992,0.25821400927045957,0.6179324593874671,0.0,0.1357756192801342,4.335601325207747,4096
63,0.9,reference,0,1,Adjusted,0.5317910266802679,0.20301790918675444,0.49057475522970667,0.0,0.12548255584398607,4.058583123972724,4096
63,0.9,reference,0,5,BS,1.1002335401980465,0.21159318707998792,1.0554618633793797,0.0,0.18344314983542825,8.529500009917356,4096
63,0.9,reference,0,5,Heston,1.2567926868045607,0.24438816144401843,1.197067113350573,0.0,0.18982732134050737,8.944627332552457,4096
63,0.9,reference,0,5,Adjusted,1.0682169976608664,0.18542927453997365,1.0338329818044456,0.0,0.17013474147148008,8.337248972219314,4096
63,0.9,reference,5,1,BS,0.5176673591013243,0.07037303169735257,0.5127149955110478,0.1562422675304002,0.15665423023405176,4.413366489669642,4096
63,0.9,reference,5,1,Heston,0.6500680693961054,0.10388704310745087,0.639275551670496,0.15356238312056456,0.16043107039555618,4.618828792339244,4096
63,0.9,reference,5,1,Adjusted,0.49876187895939633,0.04397797820071994,0.4968278163927733,0.15825720385461484,0.14732422069494422,4.342373898504533,4096
63,0.9,reference,5,5,BS,1.070240362298104,0.09333350785674566,1.0615292186092589,0.1176935549963169,0.19942163819420214,8.726857921232863,4096
63,0.9,reference,5,5,Heston,1.2195305022382348,0.12649378947843787,1.2035298234616194,0.11732367885121193,0.20560211493608124,9.14430235576819,4096
63,0.9,reference,5,5,Adjusted,1.0454312854052044,0.06680543481151266,1.0409683192848491,0.11806066884613683,0.18452951375902907,8.533851465470377,4096
63,0.9,reference,10,1,BS,0.53440032672548,-0.08664463515363584,0.5268930339245733,0.3124845350608004,0.1739208947621533,4.696002087100069,4096
63,0.9,reference,10,1,Heston,0.6658609050999321,-0.050439923055558264,0.6633167192620816,0.3071247662411291,0.17567091891636752,4.90205625947074,4096
63,0.9,reference,10,1,Adjusted,0.5191015597891002,-0.11506195278531606,0.5058623068103298,0.3165144077092297,0.16193908512127542,4.626164673036314,4096
63,0.9,reference,10,5,BS,1.0687544351290317,-0.02492617136649667,1.0681331211100398,0.2353871099926338,0.2109606392254689,8.924215832548327,4096
63,0.9,reference,10,5,Heston,1.2105787065046927,0.008599417512826559,1.2105047565231328,0.23464735770242387,0.21753211766351235,9.343977378983865,4096
63,0.9,reference,10,5,Adjusted,1.0513606346638622,-0.05181840491694867,1.0486754875757254,0.23612133769227367,0.1948472092265086,8.730453958721398,4096
63,0.9,kappa_minus20,0,1,BS,0.5529334848903822,0.22739069854834393,0.5012269551040784,0.0,0.1291039455565815,4.130730892239171,4096
63,0.9,kappa_minus20,0,1,Heston,0.6995252735599461,0.26112522557185136,0.6313388901299958,0.0,0.13533061595334017,4.325877500930389,4096
63,0.9,kappa_minus20,0,1,Adjusted,0.5336908856383581,0.2037792645788365,0.4921648969660667,0.0,0.12462499433429287,4.0258032129739405,4096
63,0.9,kappa_minus20,0,5,BS,1.1002335401980465,0.21159318707998792,1.0554618633793797,0.0,0.18344314983542825,8.529500009917356,4096
63,0.9,kappa_minus20,0,5,Heston,1.2752658965046046,0.2474556670000758,1.214031589374152,0.0,0.1888648645247476,8.959019673894446,4096
63,0.9,kappa_minus20,0,5,Adjusted,1.0702360813648988,0.18607423729260708,1.0356124595808733,0.0,0.16961852866005708,8.305920925609044,4096
63,0.9,kappa_minus20,5,1,BS,0.5176673591013243,0.07037303169735257,0.5127149955110478,0.1562422675304002,0.15665423023405176,4.413366489669642,4096
63,0.9,kappa_minus20,5,1,Heston,0.6651329485301383,0.10653220909213545,0.6537838369560878,0.15382585260372517,0.15940354823968517,4.608856829850197,4096
63,0.9,kappa_minus20,5,1,Adjusted,0.5005637256936885,0.0442673922948603,0.49860412367310136,0.15872560923578394,0.14641085960498496,4.309217480762655,4096
63,0.9,kappa_minus20,5,5,BS,1.070240362298104,0.09333350785674566,1.0615292186092589,0.1176935549963169,0.19942163819420214,8.726857921232863,4096
63,0.9,kappa_minus20,5,5,Heston,1.2375546543605929,0.1293894307352405,1.2208130295746034,0.11749364819838526,0.2045114676379883,9.158829609323632,4096
63,0.9,kappa_minus20,5,5,Adjusted,1.0474263249317508,0.06727642525905217,1.042900207536114,0.11823330737732618,0.1839523373213343,8.502468825939232,4096
63,0.9,kappa_minus20,10,1,BS,0.53440032672548,-0.08664463515363584,0.5268930339245733,0.3124845350608004,0.1739208947621533,4.696002087100069,4096
63,0.9,kappa_minus20,10,1,Heston,0.6812632649434309,-0.04806080738756713,0.6789534237366862,0.30765170520745033,0.17417537588220497,4.891836158770076,4096
63,0.9,kappa_minus20,10,1,Adjusted,0.5211328168970859,-0.11524447998908618,0.5078515267291309,0.3174512184715679,0.16097705639394916,4.592631748551327,4096
63,0.9,kappa_minus20,10,5,BS,1.0687544351290317,-0.02492617136649667,1.0681331211100398,0.2353871099926338,0.2109606392254689,8.924215832548327,4096
63,0.9,kappa_minus20,10,5,Heston,1.2282391305459015,0.011323194470434731,1.2281109158128865,0.23498729639677052,0.21630419169035556,9.358639544752819,4096
63,0.9,kappa_minus20,10,5,Adjusted,1.0534196878048472,-0.05152138677448777,1.0507652345096807,0.23646661475465236,0.19426098346040951,8.69901672626942,4096
63,0.9,kappa_plus20,0,1,BS,0.5529334848903822,0.22739069854834393,0.5012269551040784,0.0,0.1291039455565815,4.130730892239171,4096
63,0.9,kappa_plus20,0,1,Heston,0.6716248581233816,0.25550993530840815,0.6063395310820746,0.0,0.13610494095855083,4.3455415351321705,4096
63,0.9,kappa_plus20,0,1,Adjusted,0.530269612487422,0.2023706709061575,0.4893157240444137,0.0,0.12639722625067146,4.090048759846226,4096
63,0.9,kappa_plus20,0,5,BS,1.1002335401980465,0.21159318707998792,1.0554618633793797,0.0,0.18344314983542825,8.529500009917356,4096
63,0.9,kappa_plus20,0,5,Heston,1.2406798651361415,0.24154919631582103,1.1823338508953225,0.0,0.19063642943602285,8.932524938331724,4096
63,0.9,kappa_plus20,0,5,Adjusted,1.0665992791244023,0.18489397066532923,1.0324134987360107,0.0,0.17062570281569464,8.367556080633292,4096
63,0.9,kappa_plus20,5,1,BS,0.5176673591013243,0.07037303169735257,0.5127149955110478,0.1562422675304002,0.15665423023405176,4.413366489669642,4096
63,0.9,kappa_plus20,5,1,Heston,0.6369758818143083,0.1014255056494634,0.626688748618059,0.1533222004924053,0.16140838070966296,4.6290350888565115,4096
63,0.9,kappa_plus20,5,1,Adjusted,0.49733465299683904,0.04375844202511518,0.49541985174837366,0.15783267930696054,0.14818608847563217,4.374222713517085,4096
63,0.9,kappa_plus20,5,5,BS,1.070240362298104,0.09333350785674566,1.0615292186092589,0.1176935549963169,0.19942163819420214,8.726857921232863,4096
63,0.9,kappa_plus20,5,5,Heston,1.203848092101838,0.12381034023227326,1.188519091753407,0.11716988799351702,0.2066188227651631,9.132090805050538,4096
63,0.9,kappa_plus20,5,5,Adjusted,1.043826616923014,0.06642614823014928,1.03941418375432,0.11790583510951615,0.18507553379291714,8.564225745336827,4096
63,0.9,kappa_plus20,10,1,BS,0.53440032672548,-0.08664463515363584,0.5268930339245733,0.3124845350608004,0.1739208947621533,4.696002087100069,4096
63,0.9,kappa_plus20,10,1,Heston,0.6524851967146206,-0.05265892400948327,0.649712234436784,0.3066444009848106,0.17699506193228035,4.9125286425808525,4096
63,0.9,kappa_plus20,10,1,Adjusted,0.5174727946647844,-0.1148537868559002,0.5042814023096438,0.3156653586139211,0.16286253221991379,4.658396667187986,4096
63,0.9,kappa_plus20,10,5,BS,1.0687544351290317,-0.02492617136649667,1.0681331211100398,0.2353871099926338,0.2109606392254689,8.924215832548327,4096
63,0.9,kappa_plus20,10,5,Heston,1.195249703803339,0.006071484148739974,1.1952128408835707,0.23433977598703404,0.21861473819082977,9.331656671769352,4096
63,0.9,kappa_plus20,10,5,Adjusted,1.0496901390406335,-0.052041674205032376,1.0469818031865707,0.2358116702190323,0.1953981556493363,8.760895410040291,4096
63,0.9,theta_minus20,0,1,BS,0.5529334848903822,0.22739069854834393,0.5012269551040784,0.0,0.1291039455565815,4.130730892239171,4096
63,0.9,theta_minus20,0,1,Heston,0.7126092684593053,0.2641956425299188,0.6428099309275087,0.0,0.1346032769951437,4.4053364937032455,4096
63,0.9,theta_minus20,0,1,Adjusted,0.5287742321844364,0.2090944717615137,0.48505373406320995,0.0,0.1276189315529843,4.124825817853917,4096
63,0.9,theta_minus20,0,5,BS,1.1002335401980465,0.21159318707998792,1.0554618633793797,0.0,0.18344314983542825,8.529500009917356,4096
63,0.9,theta_minus20,0,5,Heston,1.292415396976791,0.2505618792219296,1.2296341416575662,0.0,0.18894769234791312,9.059978784769243,4096
63,0.9,theta_minus20,0,5,Adjusted,1.068379782928917,0.19160912279589684,1.0316657269903038,0.0,0.17472388001363165,8.433581579279263,4096
63,0.9,theta_minus20,5,1,BS,0.5176673591013243,0.07037303169735257,0.5127149955110478,0.1562422675304002,0.15665423023405176,4.413366489669642,4096
63,0.9,theta_minus20,5,1,Heston,0.6793721041446503,0.10942856437628976,0.6673974934431945,0.1539979474900064,0.15875282067303137,4.69044494855892,4096
63,0.9,theta_minus20,5,1,Adjusted,0.49642950728790236,0.04934443940492468,0.49399463358771606,0.15896070833645876,0.15208283058624336,4.410643507934921,4096
63,0.9,theta_minus20,5,5,BS,1.070240362298104,0.09333350785674566,1.0615292186092589,0.1176935549963169,0.19942163819420214,8.726857921232863,4096
63,0.9,theta_minus20,5,5,Heston,1.254668740614529,0.1323335187658708,1.237156580425572,0.1176538795203094,0.20462687542382613,9.26097928360224,4096
63,0.9,theta_minus20,5,5,Adjusted,1.0448299159041547,0.07256201133553741,1.0395646704150963,0.11847950004889325,0.18983455922624948,8.631503582939345,4096
63,0.9,theta_minus20,10,1,BS,0.53440032672548,-0.08664463515363584,0.5268930339245733,0.3124845350608004,0.1739208947621533,4.696002087100069,4096
63,0.9,theta_minus20,10,1,Heston,0.6968323493691574,-0.045338513777323175,0.6947767685376208,0.3079958949800128,0.17339643848161262,4.975553403414466,4096
63,0.9,theta_minus20,10,1,Adjusted,0.518006902028542,-0.1104055929516693,0.5058175070735325,0.3179214166729175,0.16776653188022925,4.696461198015925,4096
63,0.9,theta_minus20,10,5,BS,1.0687544351290317,-0.02492617136649667,1.0681331211100398,0.2353871099926338,0.2109606392254689,8.924215832548327,4096
63,0.9,theta_minus20,10,5,Heston,1.2454034699975791,0.014105158309826865,1.245204514506634,0.2353077590406188,0.21651238796369035,9.461979782435236,4096
63,0.9,theta_minus20,10,5,Adjusted,1.0502107047827245,-0.046485100124793094,1.0480498402491127,0.2369590000977865,0.20051214394599526,8.829425586599413,4096
63,0.9,theta_plus20,0,1,BS,0.5529334848903822,0.22739069854834393,0.5012269551040784,0.0,0.1291039455565815,4.130730892239171,4096
63,0.9,theta_plus20,0,1,Heston,0.6618378179227946,0.2524779506306152,0.598092702368159,0.0,0.1363907548518053,4.268924252820753,4096
63,0.9,theta_plus20,0,1,Adjusted,0.5381769280652027,0.19725859365535384,0.4992659752943146,0.0,0.12331596365369459,3.9955954471919455,4096
63,0.9,theta_plus20,0,5,BS,1.1002335401980465,0.21159318707998792,1.0554618633793797,0.0,0.18344314983542825,8.529500009917356,4096
63,0.9,theta_plus20,0,5,Heston,1.2274639119740756,0.23848738570560374,1.170587678833382,0.0,0.1900972601914185,8.835704169929812,4096
63,0.9,theta_plus20,0,5,Adjusted,1.072132517582192,0.1795885034192703,1.0398804870218186,0.0,0.16563454802278468,8.246944027468615,4096
63,0.9,theta_plus20,5,1,BS,0.5176673591013243,0.07037303169735257,0.5127149955110478,0.1562422675304002,0.15665423023405176,4.413366489669642,4096
63,0.9,theta_plus20,5,1,Heston,0.6261925667142114,0.0985994832405675,0.6164707086189043,0.15311844241445116,0.16172930126414356,4.550341877995578,4096
63,0.9,theta_plus20,5,1,Adjusted,0.5046131139968365,0.03890990344989008,0.5030991334103567,0.15757233458842645,0.14248570865709112,4.277454472882141,4096
63,0.9,theta_plus20,5,5,BS,1.070240362298104,0.09333350785674566,1.0615292186092589,0.1176935549963169,0.19942163819420214,8.726857921232863,4096
63,0.9,theta_plus20,5,5,Heston,1.1907354112441182,0.12091679273031639,1.176114540479932,0.11700354879614719,0.20598020314403734,9.034120391860213,4096
63,0.9,theta_plus20,5,5,Adjusted,1.0501294290921095,0.06136539634423417,1.0463637172236244,0.1176641277452311,0.17910962652240234,8.442307858720767,4096
63,0.9,theta_plus20,10,1,BS,0.53440032672548,-0.08664463515363584,0.5268930339245733,0.3124845350608004,0.1739208947621533,4.696002087100069,4096
63,0.9,theta_plus20,10,1,Heston,0.6405159312975922,-0.055278984149480806,0.6374601652089937,0.3062368848289023,0.17711296082900113,4.831759503170375,4096
63,0.9,theta_plus20,10,1,Adjusted,0.5238870818915604,-0.1194387867555744,0.5096214581099168,0.3151446691768529,0.15601452212147374,4.559313498572351,4096
63,0.9,theta_plus20,10,5,BS,1.0687544351290317,-0.02492617136649667,1.0681331211100398,0.2353871099926338,0.2109606392254689,8.924215832548327,4096
63,0.9,theta_plus20,10,5,Heston,1.1821528428175625,0.003346199755000074,1.182141645764762,0.23400709759229438,0.21789334829544438,9.232536613790671,4096
63,0.9,theta_plus20,10,5,Adjusted,1.0566387213405322,-0.05685771073081851,1.0534059220709828,0.2353282554904622,0.1888885362170151,8.637671689972876,4096
63,0.9,xi_minus20,0,1,BS,0.5529334848903822,0.22739069854834393,0.5012269551040784,0.0,0.1291039455565815,4.130730892239171,4096
63,0.9,xi_minus20,0,1,Heston,0.6604616110113858,0.2557789533303819,0.5950387380446001,0.0,0.13385089164167122,4.286578606293531,4096
63,0.9,xi_minus20,0,1,Adjusted,0.5309458202312636,0.21207457806890107,0.4859701935681613,0.0,0.12724464697834958,4.059107888235474,4096
63,0.9,xi_minus20,0,5,BS,1.1002335401980465,0.21159318707998792,1.0554618633793797,0.0,0.18344314983542825,8.529500009917356,4096
63,0.9,xi_minus20,0,5,Heston,1.2276882699703133,0.24172993635639314,1.1692549078394476,0.0,0.1897804275935445,8.78546258971447,4096
63,0.9,xi_minus20,0,5,Adjusted,1.069377268639127,0.19498256531461788,1.0313590678624576,0.0,0.17469504117911025,8.299737088717507,4096
63,0.9,xi_minus20,5,1,BS,0.5176673591013243,0.07037303169735257,0.5127149955110478,0.1562422675304002,0.15665423023405176,4.413366489669642,4096
63,0.9,xi_minus20,5,1,Heston,0.6253431116347558,0.10050576852049448,0.6152417021288605,0.1545021710967901,0.15952801952527695,4.569827438891153,4096
63,0.9,xi_minus20,5,1,Adjusted,0.4970243494426244,0.05287480962630529,0.4942286039496064,0.15841312500654536,0.15112178973372592,4.342647067885764,4096
63,0.9,xi_minus20,5,5,BS,1.070240362298104,0.09333350785674566,1.0615292186092589,0.1176935549963169,0.19942163819420214,8.726857921232863,4096
63,0.9,xi_minus20,5,5,Heston,1.190886018565065,0.12355657888263144,1.175619790379885,0.11760133039876919,0.2057273463453161,8.984202142727256,4096
63,0.9,xi_minus20,5,5,Adjusted,1.0440743769553986,0.07617734788999952,1.0382713886238446,0.11823883978621927,0.18980957951742572,8.496006268601874,4096
63,0.9,xi_minus20,10,1,BS,0.53440032672548,-0.08664463515363584,0.5268930339245733,0.3124845350608004,0.1739208947621533,4.696002087100069,4096
63,0.9,xi_minus20,10,1,Heston,0.6411769997357519,-0.054767416289407525,0.6381775298487347,0.3090043421935802,0.17540269068315376,4.853076271488803,4096
63,0.9,xi_minus20,10,1,Adjusted,0.5165930919360981,-0.10632495881631987,0.505288095068806,0.3168262500130907,0.16688000963106497,4.6261862475361255,4096
63,0.9,xi_minus20,10,5,BS,1.0687544351290317,-0.02492617136649667,1.0681331211100398,0.2353871099926338,0.2109606392254689,8.924215832548327,4096
63,0.9,xi_minus20,10,5,Heston,1.1825357419336213,0.005383221408839297,1.1825067628608847,0.23520266079753838,0.21774964328429766,9.182941695740112,4096
63,0.9,xi_minus20,10,5,Adjusted,1.0475714007515902,-0.042627869534660134,1.045754265490526,0.23647767957243854,0.20063140134308202,8.692275448486285,4096
63,0.9,xi_plus20,0,1,BS,0.5529334848903822,0.22739069854834393,0.5012269551040784,0.0,0.1291039455565815,4.130730892239171,4096
63,0.9,xi_plus20,0,1,Heston,0.713438325371992,0.26104348392985627,0.6452946248697549,0.0,0.13738172497778806,4.389955193862519,4096
63,0.9,xi_plus20,0,1,Adjusted,0.539318940819139,0.19416277137085577,0.5016197590327278,0.0,0.12373404591215563,4.066106899168275,4096
63,0.9,xi_plus20,0,5,BS,1.1002335401980465,0.21159318707998792,1.0554618633793797,0.0,0.18344314983542825,8.529500009917356,4096
63,0.9,xi_plus20,0,5,Heston,1.2913282747622574,0.24741080123402232,1.2301161701949965,0.0,0.18959800968114113,9.115813706793688,4096
63,0.9,xi_plus20,0,5,Adjusted,1.0743343849072327,0.1760738744502246,1.0433323756433193,0.0,0.16553941912725142,8.3844141322066,4096
63,0.9,xi_plus20,5,1,BS,0.5176673591013243,0.07037303169735257,0.5127149955110478,0.1562422675304002,0.15665423023405176,4.413366489669642,4096
63,0.9,xi_plus20,5,1,Heston,0.6797158980832946,0.10762048931481422,0.6681337283629345,0.15266444824369033,0.16130937217839542,4.673279618366351,4096
63,0.9,xi_plus20,5,1,Adjusted,0.5073530120600862,0.03530003939266356,0.5061069192789626,0.1580839247162389,0.14273700237973172,4.350356355934338,4096
63,0.9,xi_plus20,5,5,BS,1.070240362298104,0.09333350785674566,1.0615292186092589,0.1176935549963169,0.19942163819420214,8.726857921232863,4096
63,0.9,xi_plus20,5,5,Heston,1.2536545785339221,0.12977175194449597,1.2368138709311784,0.11706944374311776,0.205209527286765,9.316548112775408,4096
63,0.9,xi_plus20,5,5,Adjusted,1.0541142539368833,0.05762498332620052,1.0507936152335386,0.11788880750802863,0.17895824522519116,8.581463376412884,4096
63,0.9,xi_plus20,10,1,BS,0.53440032672548,-0.08664463515363584,0.5268930339245733,0.3124845350608004,0.1739208947621533,4.696002087100069,4096
63,0.9,xi_plus20,10,1,Heston,0.695746151535518,-0.04580250530024495,0.6936482820437391,0.30532889648738065,0.1760506731608543,4.956604042870055,4096
63,0.9,xi_plus20,10,1,Adjusted,0.5286351095342204,-0.1235626925855423,0.5133673705352312,0.3161678494324778,0.15629619055867894,4.634605812700414,4096
63,0.9,xi_plus20,10,5,BS,1.0687544351290317,-0.02492617136649667,1.0681331211100398,0.2353871099926338,0.2109606392254689,8.924215832548327,4096
63,0.9,xi_plus20,10,5,Heston,1.244163002304076,0.012132702654940847,1.2440157998303625,0.23413888748623551,0.21706727336013326,9.517282518757057,4096
63,0.9,xi_plus20,10,5,Adjusted,1.0625290007499157,-0.06082390779785073,1.058829452990114,0.23577761501605726,0.18874398576170534,8.778512620619182,4096
63,0.9,rho_minus10pp,0,1,BS,0.5529334848903822,0.22739069854834393,0.5012269551040784,0.0,0.1291039455565815,4.130730892239171,4096
63,0.9,rho_minus10pp,0,1,Heston,0.6975991333425839,0.2584694511227135,0.6307926761789072,0.0,0.13736774729252618,4.3287499989100695,4096
63,0.9,rho_minus10pp,0,1,Adjusted,0.5434283977121683,0.19274013071717908,0.5062796397232929,0.0,0.12250757742569518,4.007383904715994,4096
63,0.9,rho_minus10pp,0,5,BS,1.1002335401980465,0.21159318707998792,1.0554618633793797,0.0,0.18344314983542825,8.529500009917356,4096
63,0.9,rho_minus10pp,0,5,Heston,1.2708901238093284,0.24476488807742328,1.210980273373775,0.0,0.18957869413531256,9.019505596683615,4096
63,0.9,rho_minus10pp,0,5,Adjusted,1.0767968882475327,0.1746200955802014,1.0463047104670942,0.0,0.16304630310216212,8.30676256389792,4096
63,0.9,rho_minus10pp,5,1,BS,0.5176673591013243,0.07037303169735257,0.5127149955110478,0.1562422675304002,0.15665423023405176,4.413366489669642,4096
63,0.9,rho_minus10pp,5,1,Heston,0.6627747276591656,0.10488972051925682,0.6517728741885578,0.15282058743607285,0.16174676931456422,4.610723633418303,4096
63,0.9,rho_minus10pp,5,1,Adjusted,0.510767397481832,0.03381843406269139,0.5096237109993794,0.15814282363158502,0.14010658646842558,4.290056010104593,4096
63,0.9,rho_minus10pp,5,5,BS,1.070240362298104,0.09333350785674566,1.0615292186092589,0.1176935549963169,0.19942163819420214,8.726857921232863,4096
63,0.9,rho_minus10pp,5,5,Heston,1.2332306186612594,0.12715766217160462,1.2170615476123114,0.11703849952490455,0.20523231647935913,9.219316482348106,4096
63,0.9,rho_minus10pp,5,5,Adjusted,1.0565164353294454,0.05623139008303092,1.0533544660987753,0.11782951101563272,0.1759028277294145,8.502927906267303,4096
63,0.9,rho_minus10pp,10,1,BS,0.53440032672548,-0.08664463515363584,0.5268930339245733,0.3124845350608004,0.1739208947621533,4.696002087100069,4096
63,0.9,rho_minus10pp,10,1,Heston,0.6777488719586312,-0.048690010084184915,0.6753781548766333,0.3056411748721457,0.17648561101230414,4.892697267926479,4096
63,0.9,rho_minus10pp,10,1,Adjusted,0.5313350336089633,-0.12510326259179716,0.515684207297851,0.31628564726317004,0.15291464532857502,4.572728115493149,4096
63,0.9,rho_minus10pp,10,5,BS,1.0687544351290317,-0.02492617136649667,1.0681331211100398,0.2353871099926338,0.2109606392254689,8.924215832548327,4096
63,0.9,rho_minus10pp,10,5,Heston,1.22373223494858,0.009550436265830957,1.2236410241157123,0.2340769990498091,0.2170477204352851,9.419127368012468,4096
63,0.9,rho_minus10pp,10,5,Adjusted,1.064835287890837,-0.0621573154141248,1.0609717560313459,0.23565902203126543,0.18549711673182756,8.699093248636643,4096
63,0.9,rho_plus10pp,0,1,BS,0.5529334848903822,0.22739069854834393,0.5012269551040784,0.0,0.1291039455565815,4.130730892239171,4096
63,0.9,rho_plus10pp,0,1,Heston,0.6728485360616159,0.25800185300042544,0.6062835799099627,0.0,0.13406844420883413,4.339858863967692,4096
63,0.9,rho_plus10pp,0,1,Adjusted,0.529663836474072,0.21310580721542527,0.48424975140513393,0.0,0.12817174511035567,4.108359823246744,4096
63,0.9,rho_plus10pp,0,5,BS,1.1002335401980465,0.21159318707998792,1.0554618633793797,0.0,0.18344314983542825,8.529500009917356,4096
63,0.9,rho_plus10pp,0,5,Heston,1.2439145197729424,0.24405235375028345,1.184352968401889,0.0,0.1899542146143349,8.867541369354313,4096
63,0.9,rho_plus10pp,0,5,Adjusted,1.06981221192244,0.19604665008998703,1.0313779229109343,0.0,0.17654783177771585,8.365864637391013,4096
63,0.9,rho_plus10pp,5,1,BS,0.5176673591013243,0.07037303169735257,0.5127149955110478,0.1562422675304002,0.15665423023405176,4.413366489669642,4096
63,0.9,rho_plus10pp,5,1,Heston,0.6386286816983602,0.10290517310771935,0.6280392070460306,0.15432645698790903,0.15950841593911927,4.624300166682389,4096
63,0.9,rho_plus10pp,5,1,Adjusted,0.49642542400766354,0.0539775558651583,0.4935118474704874,0.15834188672821659,0.15320623133865233,4.393238907905484,4096
63,0.9,rho_plus10pp,5,5,BS,1.070240362298104,0.09333350785674566,1.0615292186092589,0.1176935549963169,0.19942163819420214,8.726857921232863,4096
63,0.9,rho_plus10pp,5,5,Heston,1.2070562141416745,0.12586202896957566,1.1912149638053362,0.11761758797700667,0.20589636605806955,9.06707222594514,4096
63,0.9,rho_plus10pp,5,5,Adjusted,1.0446385717656264,0.07719858094958709,1.038678950864996,0.1182810245009128,0.19199842958961202,8.56288750096357,4096
63,0.9,rho_plus10pp,10,1,BS,0.53440032672548,-0.08664463515363584,0.5268930339245733,0.3124845350608004,0.1739208947621533,4.696002087100069,4096
63,0.9,rho_plus10pp,10,1,Heston,0.655292821331179,-0.05219150678497185,0.6525688679506932,0.30865291397581807,0.17510403892236498,4.908741469397086,4096
63,0.9,rho_plus10pp,10,1,Adjusted,0.5166788372325073,-0.10515069548512074,0.5056221684715028,0.31668377345643317,0.16937215233795377,4.678117992564239,4096
63,0.9,rho_plus10pp,10,5,BS,1.0687544351290317,-0.02492617136649667,1.0681331211100398,0.2353871099926338,0.2109606392254689,8.924215832548327,4096
63,0.9,rho_plus10pp,10,5,Heston,1.1986626006842616,0.00767170418888228,1.1986037456391,0.23523517595401333,0.21787818872581471,9.266603082535966,4096
63,0.9,rho_plus10pp,10,5,Adjusted,1.0482912742307176,-0.04164948819081244,1.0465565943641608,0.2365620490018256,0.20289742173792535,8.759910364536097,4096
63,1.0,reference,0,1,BS,1.253327720097741,0.3477974027861862,1.1323646867129245,0.0,0.07325983213862763,4.516297015523596,4096
63,1.0,reference,0,1,Heston,1.6387564249742348,0.4032128020422939,1.4761758612434366,0.0,0.06517224611645939,5.027969243846602,4096
63,1.0,reference,0,1,Adjusted,1.1148666026305887,0.29430707330591854,1.0282499492326933,0.0,0.08048188716250602,4.11352422062612,4096
63,1.0,reference,0,5,BS,2.0942891463397206,0.3417718243938712,1.9774811663902057,0.0,0.0989141740749102,5.983085504407796,4096
63,1.0,reference,0,5,Heston,2.5252564520212215,0.3980070276061412,2.366846857997346,0.0,0.09226842919802289,6.044193949457255,4096
63,1.0,reference,0,5,Adjusted,1.9364280793472655,0.28769862158639825,1.8536575824845523,0.0,0.10389323254003216,6.116211173075968,4096
63,1.0,reference,5,1,BS,1.1606334853906328,0.17023416016954449,1.1316538161020024,0.17671113099868696,0.0834967817882464,4.714698316748038,4096
63,1.0,reference,5,1,Heston,1.519080989911237,0.22253583838765484,1.4695587905443408,0.17979293590982495,0.07546151239552118,5.237193426586259,4096
63,1.0,reference,5,1,Adjusted,1.0567150129575562,0.11795039130315782,1.042802718148988,0.17552100924220215,0.09178379801060628,4.304057217917311,4096
63,1.0,reference,5,5,BS,2.0293405922425523,0.22964641245696016,1.9766031174882,0.11160860777707107,0.10800060021917683,6.151378358472435,4096
63,1.0,reference,5,5,Heston,2.4341774988433267,0.28316307166909166,2.3539961736862516,0.11429975250282182,0.10081436972094882,6.14380824037913,4096
63,1.0,reference,5,5,Adjusted,1.9000449832271329,0.17725025227889193,1.8686273312942023,0.10995019224812673,0.11231548000434037,6.284871424530124,4096
63,1.0,reference,10,1,BS,1.1359038714613598,-0.007329082447088572,1.135850156011844,0.3534222619973739,0.09585513416941707,4.913099617972472,4096
63,1.0,reference,10,1,Heston,1.4694716631882183,0.041858874733022536,1.4677194977943033,0.3595858718196499,0.08646116872129424,5.446417609325854,4096
63,1.0,reference,10,1,Adjusted,1.0660433038443449,-0.0584062906996018,1.0626320090510584,0.3510420184844043,0.10233939148381824,4.494590215208506,4096
63,1.0,reference,10,5,BS,1.9913937736016298,0.11752100052004208,1.977582588038398,0.22321721555414215,0.11650007739461811,6.319671212537088,4096
63,1.0,reference,10,5,Heston,2.3711676542311455,0.16831911573204006,2.3428363295103294,0.22859950500564363,0.10890309691230506,6.243422531301044,4096
63,1.0,reference,10,5,Adjusted,1.8901156283309124,0.06680188297137893,1.8856531367623908,0.21990038449625346,0.1198440251471745,6.453531675984202,4096
63,1.0,kappa_minus20,0,1,BS,1.253327720097741,0.3477974027861862,1.1323646867129245,0.0,0.07325983213862763,4.516297015523596,4096
63,1.0,kappa_minus20,0,1,Heston,1.6678625434262995,0.4065359548847906,1.502591060812211,0.0,0.06464016586609829,5.034956112649297,4096
63,1.0,kappa_minus20,0,1,Adjusted,1.1129667288112928,0.2916916747608867,1.0278826956864817,0.0,0.0801440431151314,4.077142629401941,4096
63,1.0,kappa_minus20,0,5,BS,2.0942891463397206,0.3417718243938712,1.9774811663902057,0.0,0.0989141740749102,5.983085504407796,4096
63,1.0,kappa_minus20,0,5,Heston,2.5586133781638463,0.401385131790408,2.3975033541414428,0.0,0.09188604192001289,6.059308002185137,4096
63,1.0,kappa_minus20,0,5,Adjusted,1.9341544109445943,0.28491945454338674,1.8529753153672934,0.0,0.10406855161558096,6.166494045045759,4096
63,1.0,kappa_minus20,5,1,BS,1.1606334853906328,0.17023416016954449,1.1316538161020024,0.17671113099868696,0.0834967817882464,4.714698316748038,4096
63,1.0,kappa_minus20,5,1,Heston,1.5465669263263577,0.22440438140371932,1.4962095999331717,0.18123673975858054,0.07499534409845127,5.244141800146878,4096
63,1.0,kappa_minus20,5,1,Adjusted,1.0569514435928553,0.1143189666836124,1.0438826174492464,0.1765306775252397,0.09170671452479857,4.266806469193979,4096
63,1.0,kappa_minus20,5,5,BS,2.0293405922425523,0.22964641245696016,1.9766031174882,0.11160860777707107,0.10800060021917683,6.151378358472435,4096
63,1.0,kappa_minus20,5,5,Heston,2.466033882764964,0.28588514698236955,2.384303565499833,0.11495055382623603,0.10038560477516534,6.159047417711721,4096
63,1.0,kappa_minus20,5,5,Adjusted,1.8994433900943641,0.17419710916515768,1.8690987572528663,0.1102228805015599,0.11244852451134252,6.335831923521056,4096
63,1.0,kappa_minus20,10,1,BS,1.1359038714613598,-0.007329082447088572,1.135850156011844,0.3534222619973739,0.09585513416941707,4.913099617972472,4096
63,1.0,kappa_minus20,10,1,Heston,1.496487327943234,0.04227280792264908,1.4947003376535688,0.3624734795171611,0.08594643943145895,5.453327487644486,4096
63,1.0,kappa_minus20,10,1,Adjusted,1.0692471171208466,-0.06305374139365674,1.0652713428171086,0.3530613550504794,0.10243134417829472,4.456470308986045,4096
63,1.0,kappa_minus20,10,5,BS,1.9913937736016298,0.11752100052004208,1.977582588038398,0.22321721555414215,0.11650007739461811,6.319671212537088,4096
63,1.0,kappa_minus20,10,5,Heston,2.401840441765837,0.17038516217435007,2.3728093382766575,0.22990110765247207,0.10845126042660515,6.258786833238228,4096
63,1.0,kappa_minus20,10,5,Adjusted,1.8913416829344483,0.0634747637869152,1.8873126372966433,0.2204457610031198,0.119931466401079,6.505169801996395,4096
63,1.0,kappa_plus20,0,1,BS,1.253327720097741,0.3477974027861862,1.1323646867129245,0.0,0.07325983213862763,4.516297015523596,4096
63,1.0,kappa_plus20,0,1,Heston,1.6147696186165468,0.4002583807796009,1.4545628472322387,0.0,0.0657229826789661,5.021766451010617,4096
63,1.0,kappa_plus20,0,1,Adjusted,1.118263560331431,0.29671413196873603,1.0302242842214704,0.0,0.08066004166652456,4.147386505019227,4096
63,1.0,kappa_plus20,0,5,BS,2.0942891463397206,0.3417718243938712,1.9774811663902057,0.0,0.0989141740749102,5.983085504407796,4096
63,1.0,kappa_plus20,0,5,Heston,2.497713561893898,0.3949970394325264,2.3416909007334374,0.0,0.09255541346738579,6.029611802181023,4096
63,1.0,kappa_plus20,0,5,Adjusted,1.940360461216186,0.2902430690710004,1.8561194220724326,0.0,0.10368351807145466,6.068952647440369,4096
63,1.0,kappa_plus20,5,1,BS,1.1606334853906328,0.17023416016954449,1.1316538161020024,0.17671113099868696,0.0834967817882464,4.714698316748038,4096
63,1.0,kappa_plus20,5,1,Heston,1.4965255046210029,0.22082584677836306,1.447761450015622,0.17855769648349795,0.07579781821686324,5.2310649947968155,4096
63,1.0,kappa_plus20,5,1,Adjusted,1.0581912676701704,0.1212224840183451,1.0434963770385923,0.17466129311432277,0.09173159524958975,4.338769302830276,4096
63,1.0,kappa_plus20,5,5,BS,2.0293405922425523,0.22964641245696016,1.9766031174882,0.11160860777707107,0.10800060021917683,6.151378358472435,4096
63,1.0,kappa_plus20,5,5,Heston,2.4079699860319757,0.28071317113030236,2.3291701015859454,0.11374412356209118,0.10111181475882175,6.129136983255251,4096
63,1.0,kappa_plus20,5,5,Adjusted,1.9024683086561578,0.18002241993081974,1.8700602369784096,0.10972348127218712,0.11214108306680401,6.23697952650118,4096
63,1.0,kappa_plus20,10,1,BS,1.1359038714613598,-0.007329082447088572,1.135850156011844,0.3534222619973739,0.09585513416941707,4.913099617972472,4096
63,1.0,kappa_plus20,10,1,Heston,1.4473713976024423,0.04139331277714013,1.4456579912597762,0.3571153929669959,0.08681649252065819,5.440363538582995,4096
63,1.0,kappa_plus20,10,1,Adjusted,1.0648931555915064,-0.05426916393205394,1.0619480134376225,0.34932258622864554,0.10221291200321177,4.530152100641294,4096
63,1.0,kappa_plus20,10,5,BS,1.9913937736016298,0.11752100052004208,1.977582588038398,0.22321721555414215,0.11650007739461811,6.319671212537088,4096
63,1.0,kappa_plus20,10,5,Heston,2.3460268086582152,0.1664293028281017,2.318328095818367,0.22748824712418236,0.10921058370902545,6.228662164329497,4096
63,1.0,kappa_plus20,10,5,Adjusted,1.8908993538519225,0.06980177079063875,1.8860270666464136,0.21944696254437424,0.11971076207191399,6.40500640556202,4096
63,1.0,theta_minus20,0,1,BS,1.253327720097741,0.3477974027861862,1.1323646867129245,0.0,0.07325983213862763,4.516297015523596,4096
63,1.0,theta_minus20,0,1,Heston,1.657737182760973,0.40642628490439725,1.492554857699783,0.0,0.06462637295894692,5.0422878153803765,4096
63,1.0,theta_minus20,0,1,Adjusted,1.1115964780150998,0.2946305466207847,1.0247893190130375,0.0,0.08078360452410051,4.103531571291768,4096
63,1.0,theta_minus20,0,5,BS,2.0942891463397206,0.3417718243938712,1.9774811663902057,0.0,0.0989141740749102,5.983085504407796,4096
63,1.0,theta_minus20,0,5,Heston,2.5479359013123712,0.4013090036414606,2.386886984908669,0.0,0.09270653566610668,6.081901531702284,4096
63,1.0,theta_minus20,0,5,Adjusted,1.9334117582435448,0.28806199291232715,1.8504320464829234,0.0,0.10550017585997287,6.223770695566266,4096
63,1.0,theta_minus20,5,1,BS,1.1606334853906328,0.17023416016954449,1.1316538161020024,0.17671113099868696,0.0834967817882464,4.714698316748038,4096
63,1.0,theta_minus20,5,1,Heston,1.5387306276851438,0.22327016249473378,1.488881062224719,0.18225364552482223,0.07520951029369474,5.252940893747525,4096
63,1.0,theta_minus20,5,1,Adjusted,1.0559363203153107,0.11602853862881746,1.0424736985389718,0.17775030701690803,0.09274475882754574,4.294853737908369,4096
63,1.0,theta_minus20,5,5,BS,2.0293405922425523,0.22964641245696016,1.9766031174882,0.11160860777707107,0.10800060021917683,6.151378358472435,4096
63,1.0,theta_minus20,5,5,Heston,2.4563560501504615,0.2854230863607331,2.3748897119227754,0.11533365083763568,0.10131848738942242,6.18238999435302,4096
63,1.0,theta_minus20,5,5,Adjusted,1.8980428005043684,0.17678654931992543,1.866789316483922,0.11077138761126035,0.11409988487931758,6.394336130016271,4096
63,1.0,theta_minus20,10,1,BS,1.1359038714613598,-0.007329082447088572,1.135850156011844,0.3534222619973739,0.09585513416941707,4.913099617972472,4096
63,1.0,theta_minus20,10,1,Heston,1.4917797512345834,0.04011404008507644,1.4901706150226364,0.36450729104964447,0.08629389883252611,5.46359397211466,4096
63,1.0,theta_minus20,10,1,Adjusted,1.0695435825574786,-0.06257346936314105,1.0656281434893389,0.35550061403381605,0.10379146559248871,4.486175904525002,4096
63,1.0,theta_minus20,10,5,BS,1.9913937736016298,0.11752100052004208,1.977582588038398,0.22321721555414215,0.11650007739461811,6.319671212537088,4096
63,1.0,theta_minus20,10,5,Heston,2.3933579575813355,0.16953716908001304,2.3646151058816707,0.23066730167527136,0.10943789417548011,6.315738126680493,4096
63,1.0,theta_minus20,10,5,Adjusted,1.8895378410962373,0.06551110572753105,1.8852461361225936,0.2215427752225207,0.12173434310036685,6.564901564466318,4096
63,1.0,theta_plus20,0,1,BS,1.253327720097741,0.3477974027861862,1.1323646867129245,0.0,0.07325983213862763,4.516297015523596,4096
63,1.0,theta_plus20,0,1,Heston,1.626952539622602,0.4003396853576118,1.4666806759503703,0.0,0.06574460582650753,5.014939451299943,4096
63,1.0,theta_plus20,0,1,Adjusted,1.1216342417895637,0.2940360322450188,1.0351770535311702,0.0,0.08013134707763492,4.122882078857669,4096
63,1.0,theta_plus20,0,5,BS,2.0942891463397206,0.3417718243938712,1.9774811663902057,0.0,0.0989141740749102,5.983085504407796,4096
63,1.0,theta_plus20,0,5,Heston,2.510376925330346,0.39504684978549925,2.3543149118048996,0.0,0.0916995329876862,6.009900832543252,4096
63,1.0,theta_plus20,0,5,Adjusted,1.9430289708998894,0.2873806281919375,1.8604413454398965,0.0,0.10226916816513254,6.013815794082845,4096
63,1.0,theta_plus20,5,1,BS,1.1606334853906328,0.17023416016954449,1.1316538161020024,0.17671113099868696,0.0834967817882464,4.714698316748038,4096
63,1.0,theta_plus20,5,1,Heston,1.5067038340724748,0.22186970310445772,1.4574776689168143,0.17760224171513844,0.07552343988294213,5.222855861874679,4096
63,1.0,theta_plus20,5,1,Adjusted,1.0612508418135311,0.11968444997903736,1.0469264742467466,0.17353008911047235,0.09063749981761719,4.3126982610853,4096
63,1.0,theta_plus20,5,5,BS,2.0293405922425523,0.22964641245696016,1.9766031174882,0.11160860777707107,0.10800060021917683,6.151378358472435,4096
63,1.0,theta_plus20,5,5,Heston,2.419750251276984,0.28112238909511644,2.340720453626438,0.1133873305006976,0.10012600261623433,6.108727294946702,4096
63,1.0,theta_plus20,5,5,Adjusted,1.905731122519422,0.17766594960846177,1.8741659328691453,0.1092216712836569,0.11054774442269279,6.180684196221364,4096
63,1.0,theta_plus20,10,1,BS,1.1359038714613598,-0.007329082447088572,1.135850156011844,0.3534222619973739,0.09585513416941707,4.913099617972472,4096
63,1.0,theta_plus20,10,1,Heston,1.4547753406901032,0.043399720851294975,1.452891804920133,0.3552044834302769,0.08642084154574199,5.430772272449472,4096
63,1.0,theta_plus20,10,1,Adjusted,1.0667715002957938,-0.05466713228694327,1.0637830049433157,0.3470601782209447,0.10069618071921739,4.502514443312945,4096
63,1.0,theta_plus20,10,5,BS,1.9913937736016298,0.11752100052004208,1.977582588038398,0.22321721555414215,0.11650007739461811,6.319671212537088,4096
63,1.0,theta_plus20,10,5,Heston,2.3567446226282476,0.16719792840472003,2.3287894753654177,0.2267746610013952,0.10815209650569385,6.207553757350116,4096
63,1.0,theta_plus20,10,5,Adjusted,1.894525759526179,0.0679512710249934,1.889908384292267,0.2184433425673138,0.11789296336468895,6.347552598359918,4096
63,1.0,xi_minus20,0,1,BS,1.253327720097741,0.3477974027861862,1.1323646867129245,0.0,0.07325983213862763,4.516297015523596,4096
63,1.0,xi_minus20,0,1,Heston,1.56591970328786,0.39534871221902695,1.4096190990346171,0.0,0.06614655122168582,4.886744225858033,4096
63,1.0,xi_minus20,0,1,Adjusted,1.1321476950916702,0.3082658617058708,1.0371198535984072,0.0,0.07915813926196702,4.163563032488472,4096
63,1.0,xi_minus20,0,5,BS,2.0942891463397206,0.3417718243938712,1.9774811663902057,0.0,0.0989141740749102,5.983085504407796,4096
63,1.0,xi_minus20,0,5,Heston,2.440664696690917,0.3901916005999899,2.2884152115121346,0.0,0.09229953260268423,5.929354123125471,4096
63,1.0,xi_minus20,0,5,Adjusted,1.9548598200834455,0.3019725739859842,1.863672384643725,0.0,0.1025423217828448,6.113916034752904,4096
63,1.0,xi_minus20,5,1,BS,1.1606334853906328,0.17023416016954449,1.1316538161020024,0.17671113099868696,0.0834967817882464,4.714698316748038,4096
63,1.0,xi_minus20,5,1,Heston,1.4478294925314463,0.2158336768459968,1.4012453164705843,0.17864164733536925,0.07588601540056225,5.0921509368437,4096
63,1.0,xi_minus20,5,1,Adjusted,1.0639014469997612,0.13215448674145208,1.0464366386338644,0.1752765654823878,0.08993855585573796,4.354187501364786,4096
63,1.0,xi_minus20,5,5,BS,2.0293405922425523,0.22964641245696016,1.9766031174882,0.11160860777707107,0.10800060021917683,6.151378358472435,4096
63,1.0,xi_minus20,5,5,Heston,2.352419545962424,0.2760865679757078,2.276195752945818,0.11356795539381603,0.10087675120604762,6.098739572194987,4096
63,1.0,xi_minus20,5,5,Adjusted,1.910605027115107,0.1913643192108501,1.873984724448075,0.11010789476618793,0.11118108713662372,6.2830919196966875,4096
63,1.0,xi_minus20,10,1,BS,1.1359038714613598,-0.007329082447088572,1.135850156011844,0.3534222619973739,0.09585513416941707,4.913099617972472,4096
63,1.0,xi_minus20,10,1,Heston,1.3989460394304967,0.036318641472965166,1.3976269957120548,0.3572832946707385,0.08698878054604299,5.297557647829327,4096
63,1.0,xi_minus20,10,1,Adjusted,1.0628574560517143,-0.04395688822297368,1.0609252480294673,0.3505531309647756,0.10096342416556606,4.544811970241076,4096
63,1.0,xi_minus20,10,5,BS,1.9913937736016298,0.11752100052004208,1.977582588038398,0.22321721555414215,0.11650007739461811,6.319671212537088,4096
63,1.0,xi_minus20,10,5,Heston,2.2919336100474874,0.16198153535143112,2.2656955922526802,0.22713591078763207,0.10897949027896142,6.268125021264311,4096
63,1.0,xi_minus20,10,5,Adjusted,1.8928340624837945,0.08075606443570305,1.8863125205406512,0.22021578953237586,0.11902981709111836,6.45226780464052,4096
63,1.0,xi_plus20,0,1,BS,1.253327720097741,0.3477974027861862,1.1323646867129245,0.0,0.07325983213862763,4.516297015523596,4096
63,1.0,xi_plus20,0,1,Heston,1.7165731103321957,0.41082853912715045,1.547793021770847,0.0,0.0645035709620022,5.170554506556897,4096
63,1.0,xi_plus20,0,1,Adjusted,1.1137468665642236,0.2802515330423726,1.0352059447916233,0.0,0.08132210262681638,4.059180193372157,4096
63,1.0,xi_plus20,0,5,BS,2.0942891463397206,0.3417718243938712,1.9774811663902057,0.0,0.0989141740749102,5.983085504407796,4096
63,1.0,xi_plus20,0,5,Heston,2.6153287765592936,0.40562477601995284,2.450797317638057,0.0,0.0923076735370843,6.206494479538155,4096
63,1.0,xi_plus20,0,5,Adjusted,1.9350964931237171,0.273374052093172,1.8603631207658768,0.0,0.10485125907311466,6.129700472252281,4096
63,1.0,xi_plus20,5,1,BS,1.1606334853906328,0.17023416016954449,1.1316538161020024,0.17671113099868696,0.0834967817882464,4.714698316748038,4096
63,1.0,xi_plus20,5,1,Heston,1.5963211726210385,0.22877904073593988,1.5439813231409816,0.1811532774604983,0.074974399399759,5.383846386546633,4096
63,1.0,xi_plus20,5,1,Adjusted,1.0662778994443343,0.10348320575030129,1.0555691255719752,0.175930436337665,0.09246552572501848,4.249768325434161,4096
63,1.0,xi_plus20,5,5,BS,2.0293405922425523,0.22964641245696016,1.9766031174882,0.11160860777707107,0.10800060021917683,6.151378358472435,4096
63,1.0,xi_plus20,5,5,Heston,2.5218959126937364,0.2899625014479347,2.4378176604477932,0.1151103797987486,0.10075579468447547,6.308235327933672,4096
63,1.0,xi_plus20,5,5,Adjusted,1.906881924197393,0.16302146110987176,1.8803059274149958,0.10985611802016441,0.11302642453196357,6.298009503783888,4096
63,1.0,xi_plus20,10,1,BS,1.1359038714613598,-0.007329082447088572,1.135850156011844,0.3534222619973739,0.09585513416941707,4.913099617972472,4096
63,1.0,xi_plus20,10,1,Heston,1.5471981160841923,0.04672954234472162,1.545014465956445,0.3623065549209966,0.08582450364726708,5.59713826653636,4096
63,1.0,xi_plus20,10,1,Adjusted,1.0867155464904403,-0.07328512154176306,1.0813448374510495,0.35186087267533,0.10250569380856737,4.4403564574961525,4096
63,1.0,xi_plus20,10,5,BS,1.9913937736016298,0.11752100052004208,1.977582588038398,0.22321721555414215,0.11650007739461811,6.319671212537088,4096
63,1.0,xi_plus20,10,5,Heston,2.4568901638830773,0.1743002268758896,2.426509594794091,0.2302207595974972,0.10878839349483269,6.40997617632924,4096
63,1.0,xi_plus20,10,5,Adjusted,1.905125730811298,0.05266887012657182,1.9023517209308884,0.21971223604032883,0.12018412482464089,6.46631853531558,4096
63,1.0,rho_minus10pp,0,1,BS,1.253327720097741,0.3477974027861862,1.1323646867129245,0.0,0.07325983213862763,4.516297015523596,4096
63,1.0,rho_minus10pp,0,1,Heston,1.7148525824731635,0.40983312850515385,1.5468893892528415,0.0,0.06443792565944986,5.161963174881631,4096
63,1.0,rho_minus10pp,0,1,Adjusted,1.1154193777953314,0.28147696272033434,1.0361900972530669,0.0,0.08110060684984026,4.081070948619024,4096
63,1.0,rho_minus10pp,0,5,BS,2.0942891463397206,0.3417718243938712,1.9774811663902057,0.0,0.0989141740749102,5.983085504407796,4096
63,1.0,rho_minus10pp,0,5,Heston,2.6126262354525362,0.4044899202019466,2.449014139907559,0.0,0.09167910008680775,6.163382340125354,4096
63,1.0,rho_minus10pp,0,5,Adjusted,1.9363342533407895,0.2745264080291108,1.8609695046354235,0.0,0.10368223343643403,6.06289962605036,4096
63,1.0,rho_minus10pp,5,1,BS,1.1606334853906328,0.17023416016954449,1.1316538161020024,0.17671113099868696,0.0834967817882464,4.714698316748038,4096
63,1.0,rho_minus10pp,5,1,Heston,1.5927493764197624,0.22920820738119282,1.5402129740888626,0.17973998695864568,0.07469287426238418,5.373959467076505,4096
63,1.0,rho_minus10pp,5,1,Adjusted,1.0649816059800352,0.10599261203226841,1.0537471721746121,0.17465632411322551,0.09177761295348286,4.2710964685427175,4096
63,1.0,rho_minus10pp,5,5,BS,2.0293405922425523,0.22964641245696016,1.9766031174882,0.11160860777707107,0.10800060021917683,6.151378358472435,4096
63,1.0,rho_minus10pp,5,5,Heston,2.5188045719710432,0.289428256179205,2.4350358564961083,0.11451455771946364,0.10006079944563205,6.264358193408727,4096
63,1.0,rho_minus10pp,5,5,Adjusted,1.9066108004479976,0.16464552846773636,1.8795026504035774,0.10938790741663913,0.11180993884276538,6.230196999211763,4096
63,1.0,rho_minus10pp,10,1,BS,1.1359038714613598,-0.007329082447088572,1.135850156011844,0.3534222619973739,0.09585513416941707,4.913099617972472,4096
63,1.0,rho_minus10pp,10,1,Heston,1.5405825289742137,0.048583286257239816,1.5382221932706606,0.35947997391729136,0.08548655008244518,5.5859557592713465,4096
63,1.0,rho_minus10pp,10,1,Adjusted,1.0813877155246776,-0.0694917386558054,1.0765586137832708,0.34931264822645103,0.10158345954707877,4.461121988466505,4096
63,1.0,rho_minus10pp,10,5,BS,1.9913937736016298,0.11752100052004208,1.977582588038398,0.22321721555414215,0.11650007739461811,6.319671212537088,4096
63,1.0,rho_minus10pp,10,5,Heston,2.453107971868677,0.17436659215646433,2.4227042634084177,0.2290291154389273,0.10798724786231363,6.365334046692117,4096
63,1.0,rho_minus10pp,10,5,Adjusted,1.9031067348510404,0.054764648906339336,1.9001075680812056,0.21877581483327826,0.11892122847603762,6.3974943723732025,4096
63,1.0,rho_plus10pp,0,1,BS,1.253327720097741,0.3477974027861862,1.1323646867129245,0.0,0.07325983213862763,4.516297015523596,4096
63,1.0,rho_plus10pp,0,1,Heston,1.5701888967089612,0.39666004777159536,1.412849703210797,0.0,0.06591294258256465,4.895944231040595,4096
63,1.0,rho_plus10pp,0,1,Adjusted,1.126277437621535,0.30709300059131306,1.0319713266093586,0.0,0.0794686138590957,4.146132213011468,4096
63,1.0,rho_plus10pp,0,5,BS,2.0942891463397206,0.3417718243938712,1.9774811663902057,0.0,0.0989141740749102,5.983085504407796,4096
63,1.0,rho_plus10pp,0,5,Heston,2.446262507806656,0.3915843756419466,2.292924184559763,0.0,0.09284165944181091,5.9708242754274465,4096
63,1.0,rho_plus10pp,0,5,Adjusted,1.9491255479964988,0.3008383936417711,1.8586218089075377,0.0,0.10359861964918651,6.167200932430376,4096
63,1.0,rho_plus10pp,5,1,BS,1.1606334853906328,0.17023416016954449,1.1316538161020024,0.17671113099868696,0.0834967817882464,4.714698316748038,4096
63,1.0,rho_plus10pp,5,1,Heston,1.453177554948685,0.21597832114114204,1.4065309197457387,0.1797990425232447,0.07608536584553546,5.102361798585305,4096
63,1.0,rho_plus10pp,5,1,Adjusted,1.0604468482713767,0.12992450430345126,1.0435664714528792,0.1763255926863606,0.09081442123314887,4.337159517715913,4096
63,1.0,rho_plus10pp,5,5,BS,2.0293405922425523,0.22964641245696016,1.9766031174882,0.11160860777707107,0.10800060021917683,6.151378358472435,4096
63,1.0,rho_plus10pp,5,5,Heston,2.3580339692812506,0.27697689448455254,2.281317769202944,0.11406634466715387,0.10148028120739473,6.140926767960444,4096
63,1.0,rho_plus10pp,5,5,Adjusted,1.9061336067284964,0.18984355231839367,1.8700930323716296,0.1104916200607119,0.11232074137338223,6.337180087968285,4096
63,1.0,rho_plus10pp,10,1,BS,1.1359038714613598,-0.007329082447088572,1.135850156011844,0.3534222619973739,0.09585513416941707,4.913099617972472,4096
63,1.0,rho_plus10pp,10,1,Heston,1.4063310259923867,0.03529659451068885,1.4050851764083347,0.3595980850464894,0.08730516625134278,5.308779366130013,4096
63,1.0,rho_plus10pp,10,1,Adjusted,1.0626914811641626,-0.04724399198441258,1.0604594863855397,0.3526511853727212,0.10208931479792221,4.528186822420436,4096
63,1.0,rho_plus10pp,10,5,BS,1.9913937736016298,0.11752100052004208,1.977582588038398,0.22321721555414215,0.11650007739461811,6.319671212537088,4096
63,1.0,rho_plus10pp,10,5,Heston,2.2978109905405533,0.162369413327143,2.2714471641563523,0.22813268933430775,0.10964890611713371,6.311029260493385,4096
63,1.0,rho_plus10pp,10,5,Adjusted,1.8898216562367083,0.07884871099500747,1.883604537011134,0.2209832401214238,0.12016849866184162,6.507159243506159,4096
63,1.1,reference,0,1,BS,0.805307207376194,0.24259798677814792,0.7464534241873835,0.0,0.09629174594473956,4.598769501120316,4096
63,1.1,reference,0,1,Heston,1.0502669461257104,0.27483682080720817,0.9747316680542968,0.0,0.08619740976178937,4.305732833454655,4096
63,1.1,reference,0,1,Adjusted,0.6368033072844812,0.19053905164455803,0.6004981770828737,0.0,0.13117663359157833,5.039538234169228,4096
63,1.1,reference,0,5,BS,1.2396017921230218,0.24520182171528015,1.1794778587505297,0.0,0.12403164876437542,5.683151967641992,4096
63,1.1,reference,0,5,Heston,1.48865634757608,0.2794768964555624,1.4105490119236466,0.0,0.1058847540556358,6.081209248365616,4096
63,1.1,reference,0,5,Adjusted,1.0707936118172832,0.1909512522814452,1.034331231069431,0.0,0.1595306152428748,5.834269737446764,4096
63,1.1,reference,5,1,BS,0.7492377636855887,0.1304208357629481,0.7322281692844829,0.11165521337587275,0.1115745854488607,4.908425462727891,4096
63,1.1,reference,5,1,Heston,0.9590057755698793,0.1550369874958595,0.9349693080780881,0.11922481499102017,0.09295753460484323,4.620733702429561,4096
63,1.1,reference,5,1,Adjusted,0.6364073784998061,0.08600860029849056,0.6290098991745006,0.1040630522367732,0.15177045250212878,5.347825629686369,4096
63,1.1,reference,5,5,BS,1.2122733901925224,0.1826082445685926,1.1789276192080995,0.062313207981632736,0.13430305692364963,5.771992663993983,4096
63,1.1,reference,5,5,Heston,1.4380303984804268,0.21278468254727753,1.3927530773536811,0.06638250400442815,0.11440617054388377,6.17710620791124,4096
63,1.1,reference,5,5,Adjusted,1.0787269818494272,0.133121299469733,1.0610057014769168,0.057585391286923276,0.1682379400667208,5.9414308322315925,4096
63,1.1,reference,10,1,BS,0.7287694591273424,0.018243684747752842,0.7284366270941671,0.2233104267517455,0.13023590206874455,5.218081424335466,4096
63,1.1,reference,10,1,Heston,0.9071697917619765,0.035237154184510344,0.9059281347269537,0.23844962998204033,0.10458287011228604,4.935734571404424,4096
63,1.1,reference,10,1,Adjusted,0.6686962934829594,-0.018521851047579446,0.6683532345167308,0.2081261044735464,0.16612683489455643,5.656113025203567,4096
63,1.1,reference,10,5,BS,1.1964505477165752,0.12001466742190502,1.1820470273201846,0.12462641596326547,0.1445522828454594,5.860833360345912,4096
63,1.1,reference,10,5,Heston,1.399980178030797,0.1460924686389891,1.3786371686377628,0.1327650080088563,0.12368498226552309,6.273003167456886,4096
63,1.1,reference,10,5,Adjusted,1.0972115327483158,0.07529134665802072,1.0915427458667373,0.11517078257384655,0.17562267412471363,6.076564073855394,4096
63,1.1,kappa_minus20,0,1,BS,0.805307207376194,0.24259798677814792,0.7464534241873835,0.0,0.09629174594473956,4.598769501120316,4096
63,1.1,kappa_minus20,0,1,Heston,1.009650646253808,0.26862828666831934,0.9374894898554511,0.0,0.08782296399128148,4.341548289960642,4096
63,1.1,kappa_minus20,0,1,Adjusted,0.6299688497123964,0.18105068952766978,0.5971894975339518,0.0,0.13698523453075134,5.1066866405887765,4096
63,1.1,kappa_minus20,0,5,BS,1.2396017921230218,0.24520182171528015,1.1794778587505297,0.0,0.12403164876437542,5.683151967641992,4096
63,1.1,kappa_minus20,0,5,Heston,1.4428626318136883,0.2731760465871418,1.368237479384708,0.0,0.11012695966371111,6.121713432211375,4096
63,1.1,kappa_minus20,0,5,Adjusted,1.0649389919949277,0.18106129276243693,1.0321558002581228,0.0,0.16426455624433828,5.907073992326108,4096
63,1.1,kappa_minus20,5,1,BS,0.7492377636855887,0.1304208357629481,0.7322281692844829,0.11165521337587275,0.1115745854488607,4.908425462727891,4096
63,1.1,kappa_minus20,5,1,Heston,0.9238082798914256,0.1486309574952966,0.9017171183654568,0.11942253360255567,0.09599166338075191,4.656823073299563,4096
63,1.1,kappa_minus20,5,1,Adjusted,0.6400864385331779,0.07736160279668908,0.6341016209459052,0.10322992737986106,0.15581380306215428,5.414851279505271,4096
63,1.1,kappa_minus20,5,5,BS,1.2122733901925224,0.1826082445685926,1.1789276192080995,0.062313207981632736,0.13430305692364963,5.771992663993983,4096
63,1.1,kappa_minus20,5,5,Heston,1.3956697270823575,0.2066816269763821,1.352952432152753,0.06618723850316177,0.1193282094754994,6.217801742847056,4096
63,1.1,kappa_minus20,5,5,Adjusted,1.079450886892081,0.12396916124095829,1.0640825339532942,0.056854531152523057,0.1721801254484228,6.0140930009814895,4096
63,1.1,kappa_minus20,10,1,BS,0.7287694591273424,0.018243684747752842,0.7284366270941671,0.2233104267517455,0.13023590206874455,5.218081424335466,4096
63,1.1,kappa_minus20,10,1,Heston,0.8778413194565241,0.028633628322273955,0.877021434785626,0.23884506720511134,0.10904138180755775,4.9720978566384275,4096
63,1.1,kappa_minus20,10,1,Adjusted,0.6828423793071174,-0.02632748393429306,0.682149242896807,0.20645985475972212,0.16769852170757155,5.723015918421666,4096
63,1.1,kappa_minus20,10,5,BS,1.1964505477165752,0.12001466742190502,1.1820470273201846,0.12462641596326547,0.1445522828454594,5.860833360345912,4096
63,1.1,kappa_minus20,10,5,Heston,1.3610996450415462,0.1401872073656188,1.3414471919325752,0.13237447700632354,0.12899251508522186,6.313890053482708,4096
63,1.1,kappa_minus20,10,5,Adjusted,1.1044428912365987,0.06687702971948059,1.0999703541324983,0.11370906230504611,0.17860455017679094,6.1482964288383215,4096
63,1.1,kappa_plus20,0,1,BS,0.805307207376194,0.24259798677814792,0.7464534241873835,0.0,0.09629174594473956,4.598769501120316,4096
63,1.1,kappa_plus20,0,1,Heston,1.0889041077403707,0.28029641830558993,1.0103380256254284,0.0,0.08496383964233588,4.27629405051492,4096
63,1.1,kappa_plus20,0,1,Adjusted,0.651338484407235,0.19916485708031717,0.6116718441114117,0.0,0.12504181658878485,4.979583175138018,4096
63,1.1,kappa_plus20,0,5,BS,1.2396017921230218,0.24520182171528015,1.1794778587505297,0.0,0.12403164876437542,5.683151967641992,4096
63,1.1,kappa_plus20,0,5,Heston,1.5321224200593364,0.28501729210476845,1.4508875632606015,0.0,0.10226588570692216,6.040569863113773,4096
63,1.1,kappa_plus20,0,5,Adjusted,1.085563413596152,0.19993333984208644,1.0455900732157408,0.0,0.15432751113263435,5.770339149109464,4096
63,1.1,kappa_plus20,5,1,BS,0.7492377636855887,0.1304208357629481,0.7322281692844829,0.11165521337587275,0.1115745854488607,4.908425462727891,4096
63,1.1,kappa_plus20,5,1,Heston,0.9931620329387496,0.1606829238853355,0.9673430309104091,0.11903846153684067,0.09073179874550256,4.591044457347877,4096
63,1.1,kappa_plus20,5,1,Adjusted,0.6417545137916836,0.09388632091562432,0.632939872536612,0.10480391841076543,0.14654492890833737,5.288221765647734,4096
63,1.1,kappa_plus20,5,5,BS,1.2122733901925224,0.1826082445685926,1.1789276192080995,0.062313207981632736,0.13430305692364963,5.771992663993983,4096
63,1.1,kappa_plus20,5,5,Heston,1.4786598059158578,0.21817139724876722,1.4310610473383782,0.06653419420069556,0.11030771594678106,6.136234690714585,4096
63,1.1,kappa_plus20,5,5,Adjusted,1.0877431394662262,0.1414492847912806,1.0677352392982615,0.05823339952965109,0.16353538372981585,5.877639069730144,4096
63,1.1,kappa_plus20,10,1,BS,0.7287694591273424,0.018243684747752842,0.7284366270941671,0.2233104267517455,0.13023590206874455,5.218081424335466,4096
63,1.1,kappa_plus20,10,1,Heston,0.9364556973819504,0.04106942946508481,0.9347689993453628,0.23807692307368133,0.10081334454154553,4.905794864181047,4096
63,1.1,kappa_plus20,10,1,Adjusted,0.6649069019567526,-0.011392215249061954,0.6647771193884717,0.20960783682153086,0.16279923729398427,5.59686035615735,4096
63,1.1,kappa_plus20,10,5,BS,1.1964505477165752,0.12001466742190502,1.1820470273201846,0.12462641596326547,0.1445522828454594,5.860833360345912,4096
63,1.1,kappa_plus20,10,5,Heston,1.437730497814428,0.151325502392769,1.414831090140004,0.13306838840139112,0.11916685307024183,6.231899518315368,4096
63,1.1,kappa_plus20,10,5,Adjusted,1.1005405492188778,0.08296522974047815,1.0936573198729873,0.11646679905930218,0.17169178607697683,6.010452544677548,4096
63,1.1,theta_minus20,0,1,BS,0.805307207376194,0.24259798677814792,0.7464534241873835,0.0,0.09629174594473956,4.598769501120316,4096
63,1.1,theta_minus20,0,1,Heston,0.9636897874560748,0.2631024285951103,0.8944668995234297,0.0,0.09035155634738627,4.44014548305411,4096
63,1.1,theta_minus20,0,1,Adjusted,0.6298649132481524,0.1787787919402487,0.5979030568005377,0.0,0.14062649819831866,5.1741826533123145,4096
63,1.1,theta_minus20,0,5,BS,1.2396017921230218,0.24520182171528015,1.1794778587505297,0.0,0.12403164876437542,5.683151967641992,4096
63,1.1,theta_minus20,0,5,Heston,1.3919765153650623,0.26739248183746434,1.3204777760218638,0.0,0.11591138835514102,6.1663036549907435,4096
63,1.1,theta_minus20,0,5,Adjusted,1.0644979584007692,0.17871988211051076,1.0325571621391743,0.0,0.16734562442678014,5.961570911500967,4096
63,1.1,theta_minus20,5,1,BS,0.7492377636855887,0.1304208357629481,0.7322281692844829,0.11165521337587275,0.1115745854488607,4.908425462727891,4096
63,1.1,theta_minus20,5,1,Heston,0.8851780646048077,0.14341123330206035,0.8646112827675898,0.11911974513243384,0.10081256802202436,4.757447852173414,4096
63,1.1,theta_minus20,5,1,Adjusted,0.6439889399967287,0.07505101122128285,0.6383562857113916,0.10326908940594007,0.15891942995312985,5.484428668488704,4096
63,1.1,theta_minus20,5,5,BS,1.2122733901925224,0.1826082445685926,1.1789276192080995,0.062313207981632736,0.13430305692364963,5.771992663993983,4096
63,1.1,theta_minus20,5,5,Heston,1.3491591335190347,0.20132273436868608,1.30862829014535,0.0657666887977634,0.12589635250474698,6.2625263266829085,4096
63,1.1,theta_minus20,5,5,Adjusted,1.0812499248595198,0.12176830279689663,1.066422405293483,0.05671558589054017,0.17490586817808557,6.0692491122837495,4096
63,1.1,theta_minus20,10,1,BS,0.7287694591273424,0.018243684747752842,0.7284366270941671,0.2233104267517455,0.13023590206874455,5.218081424335466,4096
63,1.1,theta_minus20,10,1,Heston,0.846615997372534,0.023720038009005854,0.8460533571693855,0.23823949026486768,0.11592419814755552,5.074750221292703,4096
63,1.1,theta_minus20,10,1,Adjusted,0.6909559398937843,-0.028676769497680804,0.6901335827849613,0.20653817881188014,0.1699016115648223,5.794674683665093,4096
63,1.1,theta_minus20,10,5,BS,1.1964505477165752,0.12001466742190502,1.1820470273201846,0.12462641596326547,0.1445522828454594,5.860833360345912,4096
63,1.1,theta_minus20,10,5,Heston,1.318919306246372,0.13525298689990778,1.3006259357810253,0.1315333775955268,0.13579855040088815,6.35874899837509,4096
63,1.1,theta_minus20,10,5,Adjusted,1.1085009387389626,0.0648167234832844,1.1042997310958542,0.11343117178108034,0.1810502261611413,6.198060288157066,4096
63,1.1,theta_plus20,0,1,BS,0.805307207376194,0.24259798677814792,0.7464534241873835,0.0,0.09629174594473956,4.598769501120316,4096
63,1.1,theta_plus20,0,1,Heston,1.1426860626689872,0.285622231267929,1.0611060036745168,0.0,0.08297989054638917,4.183944221689757,4096
63,1.1,theta_plus20,0,1,Adjusted,0.6579931486823942,0.20155339983587175,0.6173693756969953,0.0,0.12088065427032207,4.914721875705638,4096
63,1.1,theta_plus20,0,5,BS,1.2396017921230218,0.24520182171528015,1.1794778587505297,0.0,0.12403164876437542,5.683151967641992,4096
63,1.1,theta_plus20,0,5,Heston,1.5919029888471132,0.29056850631291126,1.507472931986197,0.0,0.09756325612894853,5.997775035565177,4096
63,1.1,theta_plus20,0,5,Adjusted,1.0934050042636203,0.20238638874933348,1.0524447539126238,0.0,0.1505970014479162,5.717935202224034,4096
63,1.1,theta_plus20,5,1,BS,0.7492377636855887,0.1304208357629481,0.7322281692844829,0.11165521337587275,0.1115745854488607,4.908425462727891,4096
63,1.1,theta_plus20,5,1,Heston,1.0404741179793897,0.16583528753252477,1.0129727753883948,0.11920968216932122,0.08717874152993575,4.4967454425549676,4096
63,1.1,theta_plus20,5,1,Adjusted,0.6447450060688131,0.09639392620120088,0.6354532170603305,0.10468504810103982,0.142343253536136,5.221316794762629,4096
63,1.1,theta_plus20,5,5,BS,1.2122733901925224,0.1826082445685926,1.1789276192080995,0.062313207981632736,0.13430305692364963,5.771992663993983,4096
63,1.1,theta_plus20,5,5,Heston,1.5345518992119966,0.22337278941186273,1.4846564961623603,0.06688055975672307,0.10494413282093314,6.093246588474144,4096
63,1.1,theta_plus20,5,5,Adjusted,1.0935113435014419,0.14379631204537807,1.07283396414359,0.05833810326179075,0.15993286084081954,5.824604670703913,4096
63,1.1,theta_plus20,10,1,BS,0.7287694591273424,0.018243684747752842,0.7284366270941671,0.2233104267517455,0.13023590206874455,5.218081424335466,4096
63,1.1,theta_plus20,10,1,Heston,0.9771856835419488,0.04604834379711712,0.9750652335754912,0.23841936433864244,0.09544646453784446,4.8095466634201784,4096
63,1.1,theta_plus20,10,1,Adjusted,0.6640127851492196,-0.008765547433464905,0.6639359503274112,0.20937009620207964,0.15909461765899127,5.527911713819648,4096
63,1.1,theta_plus20,10,5,BS,1.1964505477165752,0.12001466742190502,1.1820470273201846,0.12462641596326547,0.1445522828454594,5.860833360345912,4096
63,1.1,theta_plus20,10,5,Heston,1.489767831293517,0.1561770725108153,1.4653765533154686,0.13376111951344613,0.11322254395889919,6.188718141383122,4096
63,1.1,theta_plus20,10,5,Adjusted,1.1042136442608004,0.08520623534143029,1.0969535417197414,0.1166762065235815,0.16811891465104106,5.961177795048087,4096
63,1.1,xi_minus20,0,1,BS,0.805307207376194,0.24259798677814792,0.7464534241873835,0.0,0.09629174594473956,4.598769501120316,4096
63,1.1,xi_minus20,0,1,Heston,1.0744951874916562,0.2788632891969859,0.9967304534298944,0.0,0.08376088830544698,4.251557455659338,4096
63,1.1,xi_minus20,0,1,Adjusted,0.6731953894277266,0.20946669379432012,0.6293190936186032,0.0,0.11512054021864464,4.845220986449988,4096
63,1.1,xi_minus20,0,5,BS,1.2396017921230218,0.24520182171528015,1.1794778587505297,0.0,0.12403164876437542,5.683151967641992,4096
63,1.1,xi_minus20,0,5,Heston,1.5183492068167912,0.2832841886304113,1.4380992752888004,0.0,0.10115587748100961,5.970256500754887,4096
63,1.1,xi_minus20,0,5,Adjusted,1.1061983185996236,0.21050898467273307,1.0618842859716788,0.0,0.14594670657650888,5.648973691338295,4096
63,1.1,xi_minus20,5,1,BS,0.7492377636855887,0.1304208357629481,0.7322281692844829,0.11165521337587275,0.1115745854488607,4.908425462727891,4096
63,1.1,xi_minus20,5,1,Heston,0.9788053913852587,0.1602444696673775,0.9531271013262796,0.11805135868748569,0.08936430247187496,4.5638110267473735,4096
63,1.1,xi_minus20,5,1,Adjusted,0.6515316564946365,0.10293929383665038,0.6409351582790482,0.10604518047010995,0.1367612971796922,5.152152026098207,4096
63,1.1,xi_minus20,5,5,BS,1.2122733901925224,0.1826082445685926,1.1789276192080995,0.062313207981632736,0.13430305692364963,5.771992663993983,4096
63,1.1,xi_minus20,5,5,Heston,1.4655320699404832,0.21683764250762955,1.4185135067322165,0.06613776611510397,0.10908066639223848,6.064561591976527,4096
63,1.1,xi_minus20,5,5,Adjusted,1.1010165188882493,0.15116951106262086,1.0781642978133372,0.059083039447764885,0.15580606125577773,5.756112974208779,4096
63,1.1,xi_minus20,10,1,BS,0.7287694591273424,0.018243684747752842,0.7284366270941671,0.2233104267517455,0.13023590206874455,5.218081424335466,4096
63,1.1,xi_minus20,10,1,Heston,0.9215712483092041,0.04162565013777327,0.9198385535598118,0.23610271737497138,0.09969088461808989,4.8760645978353665,4096
63,1.1,xi_minus20,10,1,Adjusted,0.6630208363367767,-0.0035881061210160563,0.6630079618312409,0.2120903609402199,0.15477894527919647,5.459083065746356,4096
63,1.1,xi_minus20,10,5,BS,1.1964505477165752,0.12001466742190502,1.1820470273201846,0.12462641596326547,0.1445522828454594,5.860833360345912,4096
63,1.1,xi_minus20,10,5,Heston,1.4251264899744789,0.15039109638485149,1.402509008102641,0.13227553223020794,0.11773890677945408,6.158866683198197,4096
63,1.1,xi_minus20,10,5,Adjusted,1.1066193401952906,0.09183003745250816,1.0981865844167615,0.11816607889552977,0.1644846859028765,5.887808064480822,4096
63,1.1,xi_plus20,0,1,BS,0.805307207376194,0.24259798677814792,0.7464534241873835,0.0,0.09629174594473956,4.598769501120316,4096
63,1.1,xi_plus20,0,1,Heston,1.0187680958412169,0.26968430841131974,0.946038469637925,0.0,0.08903658546345246,4.381890282620162,4096
63,1.1,xi_plus20,0,1,Adjusted,0.6341772563736165,0.17183295085737227,0.6046506933732644,0.0,0.14450839431208518,5.247200067772567,4096
63,1.1,xi_plus20,0,5,BS,1.2396017921230218,0.24520182171528015,1.1794778587505297,0.0,0.12403164876437542,5.683151967641992,4096
63,1.1,xi_plus20,0,5,Heston,1.4506551729901078,0.2744109241899254,1.375353817675339,0.0,0.1120741205035081,6.198151416999143,4096
63,1.1,xi_plus20,0,5,Adjusted,1.0722264889499629,0.17151664182265278,1.0428085305278425,0.0,0.17022041106873448,6.032916577761075,4096
63,1.1,xi_plus20,5,1,BS,0.7492377636855887,0.1304208357629481,0.7322281692844829,0.11165521337587275,0.1115745854488607,4.908425462727891,4096
63,1.1,xi_plus20,5,1,Heston,0.9341840758092552,0.14909043171556002,0.9119561189801233,0.12001453770730881,0.09768180242583975,4.6999840804383695,4096
63,1.1,xi_plus20,5,1,Adjusted,0.6560242630705945,0.06961882704749131,0.651177481991126,0.10176418160052662,0.16111845429199348,5.557238037057374,4096
63,1.1,xi_plus20,5,5,BS,1.2122733901925224,0.1826082445685926,1.1789276192080995,0.062313207981632736,0.13430305692364963,5.771992663993983,4096
63,1.1,xi_plus20,5,5,Heston,1.403566547506947,0.20770709214220928,1.3604243113807748,0.06639523813562632,0.12149772546506718,6.295437132837379,4096
63,1.1,xi_plus20,5,5,Adjusted,1.0938302327083518,0.1153419901632888,1.0805264580135236,0.055943203901397245,0.17715161460665577,6.14019988309084,4096
63,1.1,xi_plus20,10,1,BS,0.7287694591273424,0.018243684747752842,0.7284366270941671,0.2233104267517455,0.13023590206874455,5.218081424335466,4096
63,1.1,xi_plus20,10,1,Heston,0.8899009873433601,0.028496555019807347,0.8890889336953632,0.24002907541461763,0.11094822115031136,5.018077878256548,4096
63,1.1,xi_plus20,10,1,Adjusted,0.7100132416498275,-0.03259529676239002,0.7089507882787992,0.20352836320105325,0.1704719267614519,5.867276006342109,4096
63,1.1,xi_plus20,10,5,BS,1.1964505477165752,0.12001466742190502,1.1820470273201846,0.12462641596326547,0.1445522828454594,5.860833360345912,4096
63,1.1,xi_plus20,10,5,Heston,1.3691801848460319,0.141003260094489,1.3492982654887575,0.13279047627125265,0.13133050048292927,6.39272284867562,4096
63,1.1,xi_plus20,10,5,Adjusted,1.1257387733273532,0.05916733850392666,1.1222379993817149,0.11188640780279449,0.18277629975411352,6.276551218374479,4096
63,1.1,rho_minus10pp,0,1,BS,0.805307207376194,0.24259798677814792,0.7464534241873835,0.0,0.09629174594473956,4.598769501120316,4096
63,1.1,rho_minus10pp,0,1,Heston,1.079298279984431,0.27527218861380465,1.003523502160197,0.0,0.08700521562542281,4.271997257783781,4096
63,1.1,rho_minus10pp,0,1,Adjusted,0.6306179746815416,0.17756511578187106,0.5990886043389123,0.0,0.13912853956845112,5.1389958835545855,4096
63,1.1,rho_minus10pp,0,5,BS,1.2396017921230218,0.24520182171528015,1.1794778587505297,0.0,0.12403164876437542,5.683151967641992,4096
63,1.1,rho_minus10pp,0,5,Heston,1.5174614438391743,0.2804165157122005,1.4388280215550036,0.0,0.10574664160752315,6.135867266127317,4096
63,1.1,rho_minus10pp,0,5,Adjusted,1.0676664318790774,0.17766859499929052,1.0361003022300554,0.0,0.16581745484897606,5.930303392991949,4096
63,1.1,rho_minus10pp,5,1,BS,0.7492377636855887,0.1304208357629481,0.7322281692844829,0.11165521337587275,0.1115745854488607,4.908425462727891,4096
63,1.1,rho_minus10pp,5,1,Heston,0.9865227027947677,0.15342000511161613,0.9629850048263194,0.1212617913492249,0.09326331876300953,4.587925003009957,4096
63,1.1,rho_minus10pp,5,1,Adjusted,0.6435916552747774,0.07411415404826305,0.6380987474444876,0.10299037819278045,0.15730213133873955,5.447204516610867,4096
63,1.1,rho_minus10pp,5,5,BS,1.2122733901925224,0.1826082445685926,1.1789276192080995,0.062313207981632736,0.13430305692364963,5.771992663993983,4096
63,1.1,rho_minus10pp,5,5,Heston,1.465285191071136,0.21284748586293406,1.4199811388329642,0.06725264360217623,0.11422028684225535,6.23348290775097,4096
63,1.1,rho_minus10pp,5,5,Adjusted,1.0838793386580359,0.120680995485091,1.0693154359867634,0.056749047796861414,0.1735335576678038,6.037046400463307,4096
63,1.1,rho_minus10pp,10,1,BS,0.7287694591273424,0.018243684747752842,0.7284366270941671,0.2233104267517455,0.13023590206874455,5.218081424335466,4096
63,1.1,rho_minus10pp,10,1,Heston,0.9342915856266378,0.03156782160942362,0.9332950582654734,0.2425235826984498,0.10371352939214085,4.903852748235991,4096
63,1.1,rho_minus10pp,10,1,Adjusted,0.6889120486736788,-0.029336807685343795,0.688051400388512,0.2059807563855609,0.16862542808187525,5.755413149667106,4096
63,1.1,rho_minus10pp,10,5,BS,1.1964505477165752,0.12001466742190502,1.1820470273201846,0.12462641596326547,0.1445522828454594,5.860833360345912,4096
63,1.1,rho_minus10pp,10,5,Heston,1.4259390406186472,0.1452784560136573,1.404833210836935,0.13450528720435245,0.12344172761292738,6.331098549374628,4096
63,1.1,rho_minus10pp,10,5,Adjusted,1.1104929089414055,0.06369339597088589,1.1064360602511014,0.11349809559372283,0.17989088113825064,6.185561676289268,4096
63,1.1,rho_plus10pp,0,1,BS,0.805307207376194,0.24259798677814792,0.7464534241873835,0.0,0.09629174594473956,4.598769501120316,4096
63,1.1,rho_plus10pp,0,1,Heston,1.0266301551522465,0.2742213623302149,0.9514327995940073,0.0,0.08525048218919107,4.334322324003509,4096
63,1.1,rho_plus10pp,0,1,Adjusted,0.6570916031349163,0.20381368767165733,0.6155515838525965,0.0,0.12149071247625197,4.936864189927547,4096
63,1.1,rho_plus10pp,0,5,BS,1.2396017921230218,0.24520182171528015,1.1794778587505297,0.0,0.12403164876437542,5.683151967641992,4096
63,1.1,rho_plus10pp,0,5,Heston,1.4651979024285255,0.27840953258261547,1.387686034595655,0.0,0.10587522857701764,6.027666362119939,4096
63,1.1,rho_plus10pp,0,5,Adjusted,1.089062452323085,0.20455139737644112,1.0472211781544303,0.0,0.15193376337553743,5.735060789185873,4096
63,1.1,rho_plus10pp,5,1,BS,0.7492377636855887,0.1304208357629481,0.7322281692844829,0.11165521337587275,0.1115745854488607,4.908425462727891,4096
63,1.1,rho_plus10pp,5,1,Heston,0.9370770399908073,0.1562820871278246,0.9126529492337785,0.11737807401294947,0.09265769773087355,4.648303830563265,4096
63,1.1,rho_plus10pp,5,1,Adjusted,0.6431321320744359,0.09819520193375439,0.6334898343916251,0.10514408403805822,0.1434262516319813,5.245227416508698,4096
63,1.1,rho_plus10pp,5,5,BS,1.2122733901925224,0.1826082445685926,1.1789276192080995,0.062313207981632736,0.13430305692364963,5.771992663993983,4096
63,1.1,rho_plus10pp,5,5,Heston,1.4161439074837592,0.2125090754928182,1.3709838003169468,0.06559672930857484,0.114373967151805,6.121982804708196,4096
63,1.1,rho_plus10pp,5,5,Adjusted,1.088588149617919,0.14586497624121764,1.067311558324068,0.05843570445939721,0.1614367616434375,5.842618932247515,4096
63,1.1,rho_plus10pp,10,1,BS,0.7287694591273424,0.018243684747752842,0.7284366270941671,0.2233104267517455,0.13023590206874455,5.218081424335466,4096
63,1.1,rho_plus10pp,10,1,Heston,0.8859498415601448,0.03834281192543166,0.8844796703337958,0.23475614802589895,0.10499350221407473,4.962285337122992,4096
63,1.1,rho_plus10pp,10,1,Adjusted,0.6622035077648176,-0.007423283804149555,0.6621484026223807,0.21028816807611644,0.16043165532993547,5.553590643089947,4096
63,1.1,rho_plus10pp,10,5,BS,1.1964505477165752,0.12001466742190502,1.1820470273201846,0.12462641596326547,0.1445522828454594,5.860833360345912,4096
63,1.1,rho_plus10pp,10,5,Heston,1.379438501871264,0.1466086184030247,1.35794441488122,0.13119345861714968,0.12363873562175205,6.2162992472964405,4096
63,1.1,rho_plus10pp,10,5,Adjusted,1.0988208384567635,0.08717855510599243,1.091220737986395,0.11687140891879443,0.16970996709232125,5.965857686794408,4096
252,0.9,reference,0,1,BS,4.01079541299152,1.3176607366737865,2.2745655960198143,0.0,0.06538968618917189,6.62637991732295,4096
252,0.9,reference,0,1,Heston,5.256979635707053,1.519947787393484,2.946738359304705,0.0,0.04846369037434256,6.227730418326786,4096
252,0.9,reference,0,1,Adjusted,3.707163580279392,1.1915827520242717,2.287294125357655,0.0,0.07491614464522316,6.719542701424267,4096
252,0.9,reference,0,5,BS,4.761135897460433,1.2983432046859,3.0754408203063806,0.0,0.07026821186246895,7.736567035177117,4096
252,0.9,reference,0,5,Heston,6.047259879742587,1.504353355198716,3.7841808624449538,0.0,0.05868030409752854,9.610938635426278,4096
252,0.9,reference,0,5,Adjusted,4.444697343150473,1.1705024384003793,3.0746213848492383,0.0,0.07688368862083896,7.765831017544797,4096
252,0.9,reference,5,1,BS,3.371045520180887,1.0499903234803423,2.2685658407785327,0.26258968201705346,0.07067801924636319,6.373569916575249,4096
252,0.9,reference,5,1,Heston,4.572268020236351,1.258647670326744,2.98807406221741,0.2563097719581868,0.05501801715685202,6.744642355415138,4096
252,0.9,reference,5,1,Adjusted,3.124075308233955,0.9206354477152763,2.276505680644048,0.26582101140277514,0.08019092275957608,6.542193935674916,4096
252,0.9,reference,5,5,BS,4.352650117939104,1.131583276650375,3.0721694059443045,0.16370065718876955,0.0747509588818689,7.922144598711187,4096
252,0.9,reference,5,5,Heston,5.576581345987185,1.3393010399095795,3.782854070484304,0.16198287339756773,0.06424516685319569,9.808058564490603,4096
252,0.9,reference,5,5,Adjusted,4.085893154937834,1.0025958301930749,3.080694756217293,0.16484556343473475,0.08109171672869887,7.640101322354166,4096
252,0.9,reference,10,1,BS,2.8853812919654676,0.7823199102869123,2.2733568499341446,0.5251793640341069,0.07844436732002984,6.889961206919608,4096
252,0.9,reference,10,1,Heston,4.035479350650724,0.9973475532600165,3.0407772086569826,0.5126195439163737,0.06586202282060553,7.26155429250359,4096
252,0.9,reference,10,1,Adjusted,2.6989999301386254,0.6496881434062671,2.276905246455943,0.5316420228055503,0.08627189470391713,7.064801805387134,4096
252,0.9,reference,10,5,BS,4.002015204937676,0.9648233486148682,3.071131110905268,0.3274013143775391,0.08045753179599581,8.107722162245278,4096
252,0.9,reference,10,5,Heston,5.162565374411396,1.174248724620455,3.7837053071386313,0.32396574679513546,0.07125772751429461,10.005178493554974,4096
252,0.9,reference,10,5,Adjusted,3.785870656162704,0.8346892219857847,3.0891645588634695,0.3296911268694695,0.08545600741469189,7.514371627163571,4096
252,0.9,kappa_minus20,0,1,BS,4.01079541299152,1.3176607366737865,2.2745655960198143,0.0,0.06538968618917189,6.62637991732295,4096
252,0.9,kappa_minus20,0,1,Heston,5.498823741200436,1.5488133867513068,3.1000008342203826,0.0,0.04661502351183857,6.234159918423273,4096
252,0.9,kappa_minus20,0,1,Adjusted,3.711994077228082,1.1754933407978176,2.3302094829680677,0.0,0.07426266173145459,6.694518918493792,4096
252,0.9,kappa_minus20,0,5,BS,4.761135897460433,1.2983432046859,3.0754408203063806,0.0,0.07026821186246895,7.736567035177117,4096
252,0.9,kappa_minus20,0,5,Heston,6.2994512149927315,1.5333247163495778,3.9483665292242183,0.0,0.057306539746579246,9.785298978347262,4096
252,0.9,kappa_minus20,0,5,Adjusted,4.451351319815789,1.1535854981545124,3.1205918182633945,0.0,0.07588623853522161,7.7355729255688574,4096
252,0.9,kappa_minus20,5,1,BS,3.371045520180887,1.0499903234803423,2.2685658407785327,0.26258968201705346,0.07067801924636319,6.373569916575249,4096
252,0.9,kappa_minus20,5,1,Heston,4.801821123609786,1.2851299279077852,3.150262192005516,0.25862986775088037,0.05391349810343772,6.750047830620304,4096
252,0.9,kappa_minus20,5,1,Adjusted,3.1316941752116216,0.9015680026198261,2.3188693118637187,0.2687312783333141,0.07925631599797647,6.433085134480365,4096
252,0.9,kappa_minus20,5,5,BS,4.352650117939104,1.131583276650375,3.0721694059443045,0.16370065718876955,0.0747509588818689,7.922144598711187,4096
252,0.9,kappa_minus20,5,5,Heston,5.818144859224445,1.3670881247498161,3.949214918392476,0.16313182549160593,0.06329880063862993,9.983474657877604,4096
252,0.9,kappa_minus20,5,5,Adjusted,4.097511063809017,0.9845053171025686,3.1282603444057875,0.16599435021062114,0.07972809557825537,7.606556503652394,4096
252,0.9,kappa_minus20,10,1,BS,2.8853812919654676,0.7823199102869123,2.2733568499341446,0.5251793640341069,0.07844436732002984,6.889961206919608,4096
252,0.9,kappa_minus20,10,1,Heston,4.255627720759929,1.0214464690642413,3.2122748315961225,0.5172597355017607,0.0645850544562576,7.265935742817334,4096
252,0.9,kappa_minus20,10,1,Adjusted,2.7129319034148742,0.6276426644418411,2.31899658918722,0.5374625566666282,0.08521292013203649,6.954530214539062,4096
252,0.9,kappa_minus20,10,5,BS,4.002015204937676,0.9648233486148682,3.071131110905268,0.3274013143775391,0.08045753179599581,8.107722162245278,4096
252,0.9,kappa_minus20,10,5,Heston,5.394351209466619,1.2008515331500214,3.9523068047978605,0.32626365098321186,0.07042685655006574,10.18165033740794,4096
252,0.9,kappa_minus20,10,5,Adjusted,3.8033134996224542,0.8154251360506398,3.13839534711925,0.3319887004212423,0.08396322981240709,7.4775400817360405,4096
252,0.9,kappa_plus20,0,1,BS,4.01079541299152,1.3176607366737865,2.2745655960198143,0.0,0.06538968618917189,6.62637991732295,4096
252,0.9,kappa_plus20,0,1,Heston,5.08046226709505,1.496813007030216,2.840013089080213,0.0,0.050484600418573215,6.229815201361717,4096
252,0.9,kappa_plus20,0,1,Adjusted,3.7150072501594424,1.2045119149713783,2.2641582968514253,0.0,0.07528450122162537,6.73645828446346,4096
252,0.9,kappa_plus20,0,5,BS,4.761135897460433,1.2983432046859,3.0754408203063806,0.0,0.07026821186246895,7.736567035177117,4096
252,0.9,kappa_plus20,0,5,Heston,5.863162309780868,1.481120175765266,3.6694453347219356,0.0,0.0602825527601575,9.468948977238892,4096
252,0.9,kappa_plus20,0,5,Adjusted,4.451125710757152,1.1840495620928233,3.049152345264945,0.0,0.07766984700034703,7.784974630825777,4096
252,0.9,kappa_plus20,5,1,BS,3.371045520180887,1.0499903234803423,2.2685658407785327,0.26258968201705346,0.07067801924636319,6.373569916575249,4096
252,0.9,kappa_plus20,5,1,Heston,4.405571758559602,1.237247813852546,2.874789605676698,0.25462010762310205,0.05656796477190889,6.7478414758150365,4096
252,0.9,kappa_plus20,5,1,Adjusted,3.129900369249257,0.935877718294642,2.2540332656488715,0.2635592733733287,0.08074337289753153,6.636817348498596,4096
252,0.9,kappa_plus20,5,5,BS,4.352650117939104,1.131583276650375,3.0721694059443045,0.16370065718876955,0.0747509588818689,7.922144598711187,4096
252,0.9,kappa_plus20,5,5,Heston,5.401025298129889,1.3169296341621028,3.6667216367955597,0.16114681279778842,0.06562180897195335,9.665256603579607,4096
252,0.9,kappa_plus20,5,5,Adjusted,4.088436587392414,1.0170569029617664,3.0540318435302325,0.16395053219491246,0.08204101834955287,7.660996787468478,4096
252,0.9,kappa_plus20,10,1,BS,2.8853812919654676,0.7823199102869123,2.2733568499341446,0.5251793640341069,0.07844436732002984,6.889961206919608,4096
252,0.9,kappa_plus20,10,1,Heston,3.8765103388875315,0.9776826206748815,2.9206470321178273,0.5092402152462041,0.0668799874408812,7.265867750268271,4096
252,0.9,kappa_plus20,10,1,Adjusted,2.70009641972587,0.6672435216179173,2.2548825025847896,0.5271185467466574,0.08715483147153262,7.160700968666703,4096
252,0.9,kappa_plus20,10,5,BS,4.002015204937676,0.9648233486148682,3.071131110905268,0.3274013143775391,0.08045753179599581,8.107722162245278,4096
252,0.9,kappa_plus20,10,5,Heston,4.994934736604127,1.1527390925589356,3.6661273210905287,0.32229362559557684,0.07232062338657949,9.861564229920406,4096
252,0.9,kappa_plus20,10,5,Adjusted,3.783861294113671,0.8500642438307109,3.0612520754741936,0.3279010643898249,0.0865729359028923,7.537018944111038,4096
252,0.9,theta_minus20,0,1,BS,4.01079541299152,1.3176607366737865,2.2745655960198143,0.0,0.06538968618917189,6.62637991732295,4096
252,0.9,theta_minus20,0,1,Heston,5.535885937684282,1.562066432400173,3.095834398452878,0.0,0.04558175181821321,6.5205994646402985,4096
252,0.9,theta_minus20,0,1,Adjusted,3.6561706097239717,1.2226718126801055,2.161244248201517,0.0,0.07144297956592653,6.543882370089904,4096
252,0.9,theta_minus20,0,5,BS,4.761135897460433,1.2983432046859,3.0754408203063806,0.0,0.07026821186246895,7.736567035177117,4096
252,0.9,theta_minus20,0,5,Heston,6.34632701931095,1.5465894033395011,3.9543882367889163,0.0,0.057141379997985735,9.981862430654804,4096
252,0.9,theta_minus20,0,5,Adjusted,4.400168999616187,1.2012596129141824,2.9571443419974557,0.0,0.0749693307385936,7.597927256708149,4096
252,0.9,theta_minus20,5,1,BS,3.371045520180887,1.0499903234803423,2.2685658407785327,0.26258968201705346,0.07067801924636319,6.373569916575249,4096
252,0.9,theta_minus20,5,1,Heston,4.84581793334553,1.2952211081313685,3.16822021439648,0.2616928709543541,0.05285823420410226,7.047416928192845,4096
252,0.9,theta_minus20,5,1,Adjusted,3.0654020312410495,0.9452743063728569,2.1718585169523634,0.27208672029212677,0.07717241102594809,6.797123227698975,4096
252,0.9,theta_minus20,5,5,BS,4.352650117939104,1.131583276650375,3.0721694059443045,0.16370065718876955,0.0747509588818689,7.922144598711187,4096
252,0.9,theta_minus20,5,5,Heston,5.86552972300044,1.3788832024794677,3.964210836920407,0.16455419422714382,0.06314696180055829,10.185586825755557,4096
252,0.9,theta_minus20,5,5,Adjusted,4.0326007376853585,1.0304089915810848,2.9708580477542097,0.1677015805468663,0.07967710071929028,7.46604576714121,4096
252,0.9,theta_minus20,10,1,BS,2.8853812919654676,0.7823199102869123,2.2733568499341446,0.5251793640341069,0.07844436732002984,6.889961206919608,4096
252,0.9,theta_minus20,10,1,Heston,4.310818662208378,1.0283757838625651,3.253261909373433,0.5233857419087082,0.0639938124921514,7.574234391745463,4096
252,0.9,theta_minus20,10,1,Adjusted,2.640872121636237,0.6678768000656035,2.194812701570367,0.5441734405842535,0.08557582151656122,7.32992626428576,4096
252,0.9,theta_minus20,10,5,BS,4.002015204937676,0.9648233486148682,3.071131110905268,0.3274013143775391,0.08045753179599581,8.107722162245278,4096
252,0.9,theta_minus20,10,5,Heston,5.44336828771279,1.2111770016194514,3.976418558460905,0.32910838845428764,0.07037104977790379,10.389311220856252,4096
252,0.9,theta_minus20,10,5,Adjusted,3.726002913565174,0.8595583702479959,2.987162321701783,0.3354031610937326,0.08540977929171845,7.444266873539868,4096
252,0.9,theta_plus20,0,1,BS,4.01079541299152,1.3176607366737865,2.2745655960198143,0.0,0.06538968618917189,6.62637991732295,4096
252,0.9,theta_plus20,0,1,Heston,5.09512977831503,1.4843837208876856,2.8917347474786594,0.0,0.05138649108505844,6.286898378579096,4096
252,0.9,theta_plus20,0,1,Adjusted,3.808231540135151,1.1657994787691028,2.44914311543684,0.0,0.07677083447711902,6.86669551886569,4096
252,0.9,theta_plus20,0,5,BS,4.761135897460433,1.2983432046859,3.0754408203063806,0.0,0.07026821186246895,7.736567035177117,4096
252,0.9,theta_plus20,0,5,Heston,5.870859000190979,1.4686967379411047,3.713788892152138,0.0,0.06054811248789757,9.300505572611028,4096
252,0.9,theta_plus20,0,5,Adjusted,4.541487667599894,1.1449938792608831,3.2304766840550077,0.0,0.07772494544543188,7.902196189919851,4096
252,0.9,theta_plus20,5,1,BS,3.371045520180887,1.0499903234803423,2.2685658407785327,0.26258968201705346,0.07067801924636319,6.373569916575249,4096
252,0.9,theta_plus20,5,1,Heston,4.416997333760659,1.227910697133915,2.9092326536247617,0.25162222476123064,0.05738108336740349,6.473329333008664,4096
252,0.9,theta_plus20,5,1,Adjusted,3.232726976600088,0.9004051554069727,2.4219975327166336,0.2604247388820117,0.08164997587820828,6.540380430986339,4096
252,0.9,theta_plus20,5,5,BS,4.352650117939104,1.131583276650375,3.0721694059443045,0.16370065718876955,0.0747509588818689,7.922144598711187,4096
252,0.9,theta_plus20,5,5,Heston,5.409639131721013,1.305918203343389,3.704216777897388,0.1597791137893359,0.06579657568714518,9.49200398138491,4096
252,0.9,theta_plus20,5,5,Adjusted,4.190484100440862,0.9795897443212622,3.2308880332614667,0.1624169388587033,0.08144118239298294,7.780694444919833,4096
252,0.9,theta_plus20,10,1,BS,2.8853812919654676,0.7823199102869123,2.2733568499341446,0.5251793640341069,0.07844436732002984,6.889961206919608,4096
252,0.9,theta_plus20,10,1,Heston,3.8807778491674263,0.971437673380136,2.937086695905215,0.5032444495224613,0.06742206640028887,6.981281325753272,4096
252,0.9,theta_plus20,10,1,Adjusted,2.808363904686461,0.6350108320448551,2.405125147872161,0.5208494777640233,0.08615756396222102,6.826699031723052,4096
252,0.9,theta_plus20,10,5,BS,4.002015204937676,0.9648233486148682,3.071131110905268,0.3274013143775391,0.08045753179599581,8.107722162245278,4096
252,0.9,theta_plus20,10,5,Heston,5.003431876270423,1.1431396687456403,3.6966635740105316,0.3195582275786718,0.07230873776420321,9.68350239015884,4096
252,0.9,theta_plus20,10,5,Adjusted,3.8964416915800584,0.8141856093816349,3.233543485055914,0.3248338777174066,0.08516322818199602,7.659192699919767,4096
252,0.9,xi_minus20,0,1,BS,4.01079541299152,1.3176607366737865,2.2745655960198143,0.0,0.06538968618917189,6.62637991732295,4096
252,0.9,xi_minus20,0,1,Heston,5.015401527858345,1.493162818622268,2.785866324942348,0.0,0.050723222853397386,6.228305778549668,4096
252,0.9,xi_minus20,0,1,Adjusted,3.7679300372245996,1.229461640827945,2.2563541109572567,0.0,0.07343352672384146,6.694927953914075,4096
252,0.9,xi_minus20,0,5,BS,4.761135897460433,1.2983432046859,3.0754408203063806,0.0,0.07026821186246895,7.736567035177117,4096
252,0.9,xi_minus20,0,5,Heston,5.7930621451598965,1.476774342750796,3.6121996857528496,0.0,0.05992814262700525,9.072530088920924,4096
252,0.9,xi_minus20,0,5,Adjusted,4.504870587599367,1.208657642191549,3.0440172915713317,0.0,0.07564485291757124,7.702358378681092,4096
252,0.9,xi_minus20,5,1,BS,3.371045520180887,1.0499903234803423,2.2685658407785327,0.26258968201705346,0.07067801924636319,6.373569916575249,4096
252,0.9,xi_minus20,5,1,Heston,4.327468735075436,1.2306692065493077,2.812922039126734,0.2574831598074312,0.05656443543582527,6.5653662537465465,4096
252,0.9,xi_minus20,5,1,Adjusted,3.164887943870161,0.9589709969383886,2.245262570901154,0.2653679915185054,0.07878819572460609,6.410039594574272,4096
252,0.9,xi_minus20,5,5,BS,4.352650117939104,1.131583276650375,3.0721694059443045,0.16370065718876955,0.0747509588818689,7.922144598711187,4096
252,0.9,xi_minus20,5,5,Heston,5.327078198361031,1.3114275995097278,3.6072358496051846,0.16227839669754995,0.06509539832409295,9.264251835442817,4096
252,0.9,xi_minus20,5,5,Adjusted,4.13015769776192,1.0409322236695582,3.04661780348827,0.1646629334487184,0.08015892728478562,7.576249341367924,4096
252,0.9,xi_minus20,10,1,BS,2.8853812919654676,0.7823199102869123,2.2733568499341446,0.5251793640341069,0.07844436732002984,6.889961206919608,4096
252,0.9,xi_minus20,10,1,Heston,3.7883808464230952,0.9681755944763347,2.8510168646834906,0.5149663196148624,0.06693820216359869,7.0799825992186385,4096
252,0.9,xi_minus20,10,1,Adjusted,2.7191376768139546,0.688480353048827,2.2451324802797172,0.5307359830370108,0.08558339620897361,6.929381163927715,4096
252,0.9,xi_minus20,10,5,BS,4.002015204937676,0.9648233486148682,3.071131110905268,0.3274013143775391,0.08045753179599581,8.107722162245278,4096
252,0.9,xi_minus20,10,5,Heston,4.9179308251376845,1.146080856268639,3.6044294960322283,0.3245567933950999,0.07166254477693051,9.455973581964844,4096
252,0.9,xi_minus20,10,5,Adjusted,3.8140574428689034,0.8732068051475649,3.051567318312886,0.3293258668974368,0.0849609134754241,7.450140304054844,4096
252,0.9,xi_plus20,0,1,BS,4.01079541299152,1.3176607366737865,2.2745655960198143,0.0,0.06538968618917189,6.62637991732295,4096
252,0.9,xi_plus20,0,1,Heston,5.524553416456463,1.5462855388301247,3.1335544488612945,0.0,0.04693170243776513,6.428051292030048,4096
252,0.9,xi_plus20,0,1,Adjusted,3.684341152078174,1.1545412983073793,2.351375542580885,0.0,0.07583790425621943,6.787130066182307,4096
252,0.9,xi_plus20,0,5,BS,4.761135897460433,1.2983432046859,3.0754408203063806,0.0,0.07026821186246895,7.736567035177117,4096
252,0.9,xi_plus20,0,5,Heston,6.3288641027670085,1.5314508023697866,3.983522542687945,0.0,0.0580311346912124,10.153191403636749,4096
252,0.9,xi_plus20,0,5,Adjusted,4.42280858944012,1.133165458225851,3.138744633723916,0.0,0.07749456302711263,7.8204265953727585,4096
252,0.9,xi_plus20,5,1,BS,3.371045520180887,1.0499903234803423,2.2685658407785327,0.26258968201705346,0.07067801924636319,6.373569916575249,4096
252,0.9,xi_plus20,5,1,Heston,4.845691716127515,1.2858979882093164,3.1921580800467475,0.25540992942560836,0.054163604506151895,6.948177735563448,4096
252,0.9,xi_plus20,5,1,Adjusted,3.1216277015297083,0.882944094235739,2.3420374279839384,0.26646047727736477,0.08080128257204856,6.691263284406645,4096
252,0.9,xi_plus20,5,5,BS,4.352650117939104,1.131583276650375,3.0721694059443045,0.16370065718876955,0.0747509588818689,7.922144598711187,4096
252,0.9,xi_plus20,5,5,Heston,5.854763484327551,1.3665748711108567,3.9872366059758964,0.16180237346758736,0.06402864421619678,10.356070855237004,4096
252,0.9,xi_plus20,5,5,Adjusted,4.079986553235436,0.9649849854265997,3.148790531136661,0.16511773267636864,0.08153573058906849,7.6944592213316865,4096
252,0.9,xi_plus20,10,1,BS,2.8853812919654676,0.7823199102869123,2.2733568499341446,0.5251793640341069,0.07844436732002984,6.889961206919608,4096
252,0.9,xi_plus20,10,1,Heston,4.314261724346084,1.0255104375885282,3.262590066743068,0.5108198588512167,0.06493099114895297,7.4683041790969185,4096
252,0.9,xi_plus20,10,1,Adjusted,2.7179500731651443,0.6113468901640975,2.344205053051831,0.5329209545547295,0.08636295401048474,7.217821799930206,4096
252,0.9,xi_plus20,10,5,BS,4.002015204937676,0.9648233486148682,3.071131110905268,0.3274013143775391,0.08045753179599581,8.107722162245278,4096
252,0.9,xi_plus20,10,5,Heston,5.437255414184282,1.2016989398519418,3.9931750721430004,0.3236047469351747,0.07119722240661837,10.558950306837202,4096
252,0.9,xi_plus20,10,5,Adjusted,3.796193650252503,0.7968045126273446,3.161296218909203,0.3302354653527373,0.08557584428170817,7.568491847290583,4096
252,0.9,rho_minus10pp,0,1,BS,4.01079541299152,1.3176607366737865,2.2745655960198143,0.0,0.06538968618917189,6.62637991732295,4096
252,0.9,rho_minus10pp,0,1,Heston,5.471675960658839,1.5358031287684324,3.112984710323932,0.0,0.04758999142419842,6.280510380187067,4096
252,0.9,rho_minus10pp,0,1,Adjusted,3.724995944727522,1.148730175195524,2.4054149293227827,0.0,0.07694484322395935,6.86776273987671,4096
252,0.9,rho_minus10pp,0,5,BS,4.761135897460433,1.2983432046859,3.0754408203063806,0.0,0.07026821186246895,7.736567035177117,4096
252,0.9,rho_minus10pp,0,5,Heston,6.268019913049029,1.520941017505216,3.954758334319227,0.0,0.05831235448437363,10.025492682430835,4096
252,0.9,rho_minus10pp,0,5,Adjusted,4.4610641066159396,1.127448991472389,3.1899228782438325,0.0,0.07819992556962099,7.897955275743377,4096
252,0.9,rho_minus10pp,5,1,BS,3.371045520180887,1.0499903234803423,2.2685658407785327,0.26258968201705346,0.07067801924636319,6.373569916575249,4096
252,0.9,rho_minus10pp,5,1,Heston,4.788923954059493,1.2765942990729302,3.159230949633987,0.25427083240560505,0.05458287887345613,6.7960063433421,4096
252,0.9,rho_minus10pp,5,1,Adjusted,3.160868249071827,0.8786480748258136,2.388845809676718,0.26499360583796755,0.08171189971958642,6.557417363309526,4096
252,0.9,rho_minus10pp,5,5,BS,4.352650117939104,1.131583276650375,3.0721694059443045,0.16370065718876955,0.0747509588818689,7.922144598711187,4096
252,0.9,rho_minus10pp,5,5,Heston,5.794328967985312,1.3566687185393462,3.95377895612212,0.16121981391599582,0.06410907379922942,10.225417246791121,4096
252,0.9,rho_minus10pp,5,5,Adjusted,4.118714345283687,0.9599967611423977,3.1971205638797926,0.16441313162337393,0.08207089392722584,7.774357688033271,4096
252,0.9,rho_minus10pp,10,1,BS,2.8853812919654676,0.7823199102869123,2.2733568499341446,0.5251793640341069,0.07844436732002984,6.889961206919608,4096
252,0.9,rho_minus10pp,10,1,Heston,4.251765769863047,1.0173854693774107,3.216692576562753,0.5085416648112101,0.06518547398381234,7.311502306497317,4096
252,0.9,rho_minus10pp,10,1,Adjusted,2.753571176052853,0.608565974456102,2.383218630787148,0.5299872116759351,0.08656735321112126,7.079349321351714,4096
252,0.9,rho_minus10pp,10,5,BS,4.002015204937676,0.9648233486148682,3.071131110905268,0.3274013143775391,0.08045753179599581,8.107722162245278,4096
252,0.9,rho_minus10pp,10,5,Heston,5.376735266098434,1.192396419573468,3.9549260446868084,0.32243962783199165,0.07102873962767949,10.42534181115139,4096
252,0.9,rho_minus10pp,10,5,Adjusted,3.8348153626569346,0.7925445308124179,3.206688529336258,0.32882626324674785,0.08596809802529878,7.650760100323228,4096
252,0.9,rho_plus10pp,0,1,BS,4.01079541299152,1.3176607366737865,2.2745655960198143,0.0,0.06538968618917189,6.62637991732295,4096
252,0.9,rho_plus10pp,0,1,Heston,5.06443175908551,1.5041297630865604,2.802025414882678,0.0,0.04971945323374334,6.173122159811015,4096
252,0.9,rho_plus10pp,0,1,Adjusted,3.734289493984504,1.234257022192965,2.2108990971518585,0.0,0.0723711184495847,6.6050331388788805,4096
252,0.9,rho_plus10pp,0,5,BS,4.761135897460433,1.2983432046859,3.0754408203063806,0.0,0.07026821186246895,7.736567035177117,4096
252,0.9,rho_plus10pp,0,5,Heston,5.848596039045878,1.4878259993704612,3.6349698346431674,0.0,0.059334169757963066,9.205534177306392,4096
252,0.9,rho_plus10pp,0,5,Adjusted,4.47386755489511,1.2134073548878272,3.001510145999237,0.0,0.07502557338011857,7.635867442440375,4096
252,0.9,rho_plus10pp,5,1,BS,3.371045520180887,1.0499903234803423,2.2685658407785327,0.26258968201705346,0.07067801924636319,6.373569916575249,4096
252,0.9,rho_plus10pp,5,1,Heston,4.378609034195609,1.2407264251715184,2.839206972076714,0.2583605157390917,0.05584169452421473,6.691412468690601,4096
252,0.9,rho_plus10pp,5,1,Adjusted,3.132741061251367,0.9625548151753296,2.2062292890341535,0.2665402785380741,0.0779552010218937,6.525977192968583,4096
252,0.9,rho_plus10pp,5,5,BS,4.352650117939104,1.131583276650375,3.0721694059443045,0.16370065718876955,0.0747509588818689,7.922144598711187,4096
252,0.9,rho_plus10pp,5,5,Heston,5.381272939150087,1.3219917014263336,3.6336108805099956,0.1627479621020515,0.06472124592969955,9.39984473144621,4096
252,0.9,rho_plus10pp,5,5,Adjusted,4.09884614599081,1.0450886472438845,3.006635865392757,0.16523660020140984,0.0796410843898781,7.507999621487326,4096
252,0.9,rho_plus10pp,10,1,BS,2.8853812919654676,0.7823199102869123,2.2733568499341446,0.5251793640341069,0.07844436732002984,6.889961206919608,4096
252,0.9,rho_plus10pp,10,1,Heston,3.8430850140181088,0.9773230872564967,2.887924597133539,0.5167210314781834,0.06647917734453919,7.209702777569987,4096
252,0.9,rho_plus10pp,10,1,Adjusted,2.6902710577845586,0.6908526081576913,2.2129937315862733,0.5330805570761482,0.08535738566061396,7.049182721610691,4096
252,0.9,rho_plus10pp,10,5,BS,4.002015204937676,0.9648233486148682,3.071131110905268,0.3274013143775391,0.08045753179599581,8.107722162245278,4096
252,0.9,rho_plus10pp,10,5,Heston,4.971184632173952,1.1561574034822364,3.6344846905471653,0.325495924204103,0.0716486092725827,9.594155285586092,4096
252,0.9,rho_plus10pp,10,5,Adjusted,3.7829095765799288,0.8767699395999364,3.0141840495938523,0.3304732004028197,0.08469804763327753,7.380131800534219,4096
252,1.0,reference,0,1,BS,5.591655101959383,1.5189957141436232,3.284307122372687,0.0,0.05929939357477437,9.24406484254784,4096
252,1.0,reference,0,1,Heston,7.788732643234294,1.7551981078739818,4.708012245349886,0.0,0.04774274648909379,10.282296186164366,4096
252,1.0,reference,0,1,Adjusted,4.838973207620565,1.347154254419174,3.024148622420885,0.0,0.06580607929720605,8.854200335775122,4096
252,1.0,reference,0,5,BS,6.530224173526227,1.4934467103739997,4.299841096799306,0.0,0.06083925044330675,7.2395092445005105,4096
252,1.0,reference,0,5,Heston,8.764711444495534,1.732537604406577,5.763024893812654,0.0,0.04978549385404099,7.40470657498926,4096
252,1.0,reference,0,5,Adjusted,5.766917812901696,1.3195310243560896,4.025755688663465,0.0,0.06773573877395497,7.178362150202997,4096
252,1.0,reference,5,1,BS,4.746204021563115,1.2221627920629938,3.2525221312599024,0.29133631393971726,0.06506046564279402,9.716136974591915,4096
252,1.0,reference,5,1,Heston,6.799449169563777,1.4566545873022996,4.677606582854944,0.2929326371100174,0.052389639340888305,10.778547852050773,4096
252,1.0,reference,5,1,Adjusted,4.132595299458838,1.0496268871022683,3.0308786973308406,0.2920386291659134,0.0727870395583239,9.317732259851786,4096
252,1.0,reference,5,5,BS,6.023795774671818,1.32167526799592,4.2769702606397315,0.16869482381552897,0.06418549117420835,7.035791980078031,4096
252,1.0,reference,5,5,Heston,8.143141244266015,1.5587102150656835,5.713563709715905,0.17064428911042745,0.052553482475399635,7.56002090907848,4096
252,1.0,reference,5,5,Adjusted,5.356598447650363,1.147975512030499,4.0387506714286765,0.16850888732522243,0.07171501511443988,7.231207343122094,4096
252,1.0,reference,10,1,BS,4.092397060856063,0.9253298699823753,3.236161692574464,0.5826726278794345,0.07363532052849307,10.18820910663596,4096
252,1.0,reference,10,1,Heston,6.004039268610605,1.1581110667306274,4.662818025726653,0.5858652742200348,0.05928745867781431,11.27479951793721,4096
252,1.0,reference,10,1,Adjusted,3.619671358166517,0.7520995197853639,3.0540176705051425,0.5840772583318268,0.08152263023916992,9.781264183928315,4096
252,1.0,reference,10,5,BS,5.5806966475836095,1.1499038256178389,4.2584178394130685,0.33738964763105794,0.06824497092149034,7.158896466463247,4096
252,1.0,reference,10,5,Heston,7.586045777930677,1.3848828257248058,5.668145336943154,0.3412885782208549,0.05600768247035114,7.7153352431675035,4096
252,1.0,reference,10,5,Adjusted,5.009848822867223,0.9764199997049156,4.056452807043476,0.33701777465044486,0.07626990568054276,7.521793650705334,4096
252,1.0,kappa_minus20,0,1,BS,5.591655101959383,1.5189957141436232,3.284307122372687,0.0,0.05929939357477437,9.24406484254784,4096
252,1.0,kappa_minus20,0,1,Heston,8.061049390843703,1.7781197931177612,4.899339392166553,0.0,0.046438923117575734,10.342337190126162,4096
252,1.0,kappa_minus20,0,1,Adjusted,4.766747319649323,1.3125615318931445,3.0439295446436447,0.0,0.06551730835233423,8.716468756181039,4096
252,1.0,kappa_minus20,0,5,BS,6.530224173526227,1.4934467103739997,4.299841096799306,0.0,0.06083925044330675,7.2395092445005105,4096
252,1.0,kappa_minus20,0,5,Heston,9.044307534772326,1.7547658724321415,5.965104267719791,0.0,0.0486177579986314,7.489930651475622,4096
252,1.0,kappa_minus20,0,5,Adjusted,5.695613601143851,1.2834329713802188,4.048413409117993,0.0,0.06767571355769506,7.089238513790374,4096
252,1.0,kappa_minus20,5,1,BS,4.746204021563115,1.2221627920629938,3.2525221312599024,0.29133631393971726,0.06506046564279402,9.716136974591915,4096
252,1.0,kappa_minus20,5,1,Heston,7.049919470174963,1.4749715022830492,4.874378537627847,0.29741804834480934,0.05128280404009541,10.84087065724248,4096
252,1.0,kappa_minus20,5,1,Adjusted,4.085993706661368,1.0115640848152572,3.062731808973239,0.29543239965249213,0.07254379213646428,9.17952644520841,4096
252,1.0,kappa_minus20,5,5,BS,6.023795774671818,1.32167526799592,4.2769702606397315,0.16869482381552897,0.06418549117420835,7.035791980078031,4096
252,1.0,kappa_minus20,5,5,Heston,8.40861495951227,1.5788131495243203,5.9159639984013666,0.17271126356070343,0.05141206002045228,7.646112014910931,4096
252,1.0,kappa_minus20,5,5,Adjusted,5.303969605420555,1.1106202113236932,4.070492351619871,0.1697427945680293,0.07164956746771217,7.249570285856862,4096
252,1.0,kappa_minus20,10,1,BS,4.092397060856063,0.9253298699823753,3.236161692574464,0.5826726278794345,0.07363532052849307,10.18820910663596,4096
252,1.0,kappa_minus20,10,1,Heston,6.238876585127068,1.1718232114483433,4.86570694623796,0.5948360966896187,0.05832550270796442,11.339404124358733,4096
252,1.0,kappa_minus20,10,1,Adjusted,3.6035214306013206,0.7105666377373683,3.0986164839359325,0.5908647993049843,0.08163477178702377,9.642584134235893,4096
252,1.0,kappa_minus20,10,5,BS,5.5806966475836095,1.1499038256178389,4.2584178394130685,0.33738964763105794,0.06824497092149034,7.158896466463247,4096
252,1.0,kappa_minus20,10,5,Heston,7.839012370183634,1.4028604266164975,5.870994993617014,0.34542252712140686,0.05486997678120246,7.802293378346351,4096
252,1.0,kappa_minus20,10,5,Adjusted,4.976945030603794,0.9378074512671685,4.097462214951571,0.3394855891360586,0.07659467106102555,7.53730837188823,4096
252,1.0,kappa_plus20,0,1,BS,5.591655101959383,1.5189957141436232,3.284307122372687,0.0,0.05929939357477437,9.24406484254784,4096
252,1.0,kappa_plus20,0,1,Heston,7.585450391953789,1.7364676038399924,4.570130652767984,0.0,0.0487966878156983,10.240612042873382,4096
252,1.0,kappa_plus20,0,1,Adjusted,4.92688986511986,1.374010308160301,3.0389855381890953,0.0,0.0658531025837643,8.972453188356607,4096
252,1.0,kappa_plus20,0,5,BS,6.530224173526227,1.4934467103739997,4.299841096799306,0.0,0.06083925044330675,7.2395092445005105,4096
252,1.0,kappa_plus20,0,5,Heston,8.556114893004949,1.7143131387012378,5.61724535548126,0.0,0.0508632580363756,7.404394428209798,4096
252,1.0,kappa_plus20,0,5,Adjusted,5.85490686375474,1.347554213633284,4.039004505073922,0.0,0.06759042067687447,7.247004302303907,4096
252,1.0,kappa_plus20,5,1,BS,4.746204021563115,1.2221627920629938,3.2525221312599024,0.29133631393971726,0.06506046564279402,9.716136974591915,4096
252,1.0,kappa_plus20,5,1,Heston,6.613545822439387,1.4412872054509356,4.536237013842819,0.2896552278991534,0.05352869302821558,10.735292878385303,4096
252,1.0,kappa_plus20,5,1,Adjusted,4.201601925223364,1.0790900125553031,3.0371666700267594,0.2894875205582953,0.07283104592941912,9.436699895704058,4096
252,1.0,kappa_plus20,5,5,BS,6.023795774671818,1.32167526799592,4.2769702606397315,0.16869482381552897,0.06418549117420835,7.035791980078031,4096
252,1.0,kappa_plus20,5,5,Heston,7.945908890004514,1.5420404247001516,5.568020218595091,0.1691320119144307,0.05355097506790735,7.481862788607733,4096
252,1.0,kappa_plus20,5,5,Adjusted,5.430514423635723,1.1769522070256462,4.045297926013182,0.1675727961316793,0.07150594359836353,7.209090666242972,4096
252,1.0,kappa_plus20,10,1,BS,4.092397060856063,0.9253298699823753,3.236161692574464,0.5826726278794345,0.07363532052849307,10.18820910663596,4096
252,1.0,kappa_plus20,10,1,Heston,5.831019389887,1.1461068070618892,4.517458576693402,0.5793104557983068,0.060267457481117434,11.229973713897337,4096
252,1.0,kappa_plus20,10,1,Adjusted,3.6661577063179873,0.7841697169503029,3.0512355613360693,0.5789750411165906,0.08119949863926157,9.900946603051526,4096
252,1.0,kappa_plus20,10,5,BS,5.5806966475836095,1.1499038256178389,4.2584178394130685,0.33738964763105794,0.06824497092149034,7.158896466463247,4096
252,1.0,kappa_plus20,10,5,Heston,7.399005687677709,1.3697677106990658,5.52274210640395,0.3382640238288614,0.05688088469499257,7.636659685239911,4096
252,1.0,kappa_plus20,10,5,Adjusted,5.068895104143699,1.0063502004179998,4.056154378262351,0.3351455922633586,0.07590789400200382,7.499303252821946,4096
252,1.0,theta_minus20,0,1,BS,5.591655101959383,1.5189957141436232,3.284307122372687,0.0,0.05929939357477437,9.24406484254784,4096
252,1.0,theta_minus20,0,1,Heston,7.825461519597061,1.7682157903670825,4.698874438293574,0.0,0.04719382672860165,10.45528141127589,4096
252,1.0,theta_minus20,0,1,Adjusted,4.725085785890006,1.3406429707866536,2.927762210770342,0.0,0.06521449768026433,8.912295648051794,4096
252,1.0,theta_minus20,0,5,BS,6.530224173526227,1.4934467103739997,4.299841096799306,0.0,0.06083925044330675,7.2395092445005105,4096
252,1.0,theta_minus20,0,5,Heston,8.809559045267779,1.7440281466000291,5.767924869134645,0.0,0.04916954568411276,7.4800556697334954,4096
252,1.0,theta_minus20,0,5,Adjusted,5.652852214512686,1.3111841604495378,3.933648311898926,0.0,0.06850511739569771,7.189528436247485,4096
252,1.0,theta_minus20,5,1,BS,4.746204021563115,1.2221627920629938,3.2525221312599024,0.29133631393971726,0.06506046564279402,9.716136974591915,4096
252,1.0,theta_minus20,5,1,Heston,6.831713129012856,1.4596872130112644,4.701026369184264,0.30264506916488326,0.05239196392117666,10.963516363394604,4096
252,1.0,theta_minus20,5,1,Adjusted,4.0343554266515875,1.0336481293804343,2.965926971279917,0.30125352010459483,0.07305336962236786,9.385595621108495,4096
252,1.0,theta_minus20,5,5,BS,6.023795774671818,1.32167526799592,4.2769702606397315,0.16869482381552897,0.06418549117420835,7.035791980078031,4096
252,1.0,theta_minus20,5,5,Heston,8.183642223625922,1.565864410195385,5.731710872509382,0.17486061544028697,0.05214220861279822,7.64004569993094,4096
252,1.0,theta_minus20,5,5,Adjusted,5.251279230293603,1.135701592285789,3.9614611235731267,0.1723320567880303,0.07324631211877966,7.48509536333782,4096
252,1.0,theta_minus20,10,1,BS,4.092397060856063,0.9253298699823753,3.236161692574464,0.5826726278794345,0.07363532052849307,10.18820910663596,4096
252,1.0,theta_minus20,10,1,Heston,6.045663345365309,1.1511586356554453,4.720497140921202,0.6052901383297665,0.06008570521423543,11.471751315513085,4096
252,1.0,theta_minus20,10,1,Adjusted,3.5501344521846816,0.7266532879741991,3.022109451260967,0.6025070402091897,0.08359669914563049,9.858895594165356,4096
252,1.0,theta_minus20,10,5,BS,5.5806966475836095,1.1499038256178389,4.2584178394130685,0.33738964763105794,0.06824497092149034,7.158896466463247,4096
252,1.0,theta_minus20,10,5,Heston,7.625573661420154,1.387700673790742,5.6998605013808765,0.34972123088057394,0.05600849222438951,7.825635365903352,4096
252,1.0,theta_minus20,10,5,Adjusted,4.916342589927753,0.9602190241220263,3.994322015641896,0.3446641135760606,0.07871348065196392,7.780662290428182,4096
252,1.0,theta_plus20,0,1,BS,5.591655101959383,1.5189957141436232,3.284307122372687,0.0,0.05929939357477437,9.24406484254784,4096
252,1.0,theta_plus20,0,1,Heston,7.844418608748743,1.745352063254918,4.798164784040543,0.0,0.04787354232288004,10.12261495929747,4096
252,1.0,theta_plus20,0,1,Adjusted,5.010268284349336,1.3537515561595677,3.1776250085448847,0.0,0.06569664905742528,8.795372494142736,4096
252,1.0,theta_plus20,0,5,BS,6.530224173526227,1.4934467103739997,4.299841096799306,0.0,0.06083925044330675,7.2395092445005105,4096
252,1.0,theta_plus20,0,5,Heston,8.814648312393716,1.7238984137068023,5.842822571612887,0.0,0.05021660272106274,7.482326705085725,4096
252,1.0,theta_plus20,0,5,Adjusted,5.938989552680063,1.3276392036526707,4.176363697604566,0.0,0.0668126069390919,7.346440120652463,4096
252,1.0,theta_plus20,5,1,BS,4.746204021563115,1.2221627920629938,3.2525221312599024,0.29133631393971726,0.06506046564279402,9.716136974591915,4096
252,1.0,theta_plus20,5,1,Heston,6.860107349345652,1.4550382982845984,4.742970899870713,0.28492367146104414,0.0523246332409639,10.608599495479991,4096
252,1.0,theta_plus20,5,1,Adjusted,4.292125368377615,1.0640808999814455,3.1598572066722928,0.28438780630714433,0.07180921125857416,9.250603759561704,4096
252,1.0,theta_plus20,5,5,BS,6.023795774671818,1.32167526799592,4.2769702606397315,0.16869482381552897,0.06418549117420835,7.035791980078031,4096
252,1.0,theta_plus20,5,5,Heston,8.197084201653714,1.5536197563368728,5.78334985437347,0.16719217895215552,0.05268570873417241,7.50008729296713,4096
252,1.0,theta_plus20,5,5,Adjusted,5.521741797999654,1.1593276291680361,4.177701246247276,0.16534928895545362,0.07007830764775073,7.189266847280358,4096
252,1.0,theta_plus20,10,1,BS,4.092397060856063,0.9253298699823753,3.236161692574464,0.5826726278794345,0.07363532052849307,10.18820910663596,4096
252,1.0,theta_plus20,10,1,Heston,6.058664680645128,1.1647245333142673,4.70208144214099,0.5698473429220883,0.05856608441313429,11.094584031662718,4096
252,1.0,theta_plus20,10,1,Adjusted,3.756943633522944,0.7744102438033194,3.157232407815428,0.5687756126142887,0.07933119250403711,9.705835024980685,4096
252,1.0,theta_plus20,10,5,BS,5.5806966475836095,1.1499038256178389,4.2584178394130685,0.33738964763105794,0.06824497092149034,7.158896466463247,4096
252,1.0,theta_plus20,10,5,Heston,7.6413061139279606,1.3833410989669512,5.727673517836868,0.33438435790431104,0.05577807396791613,7.651548549325677,4096
252,1.0,theta_plus20,10,5,Adjusted,5.165590333519272,0.99101605468338,4.183477512879059,0.33069857791090723,0.07384047458361567,7.279478847613788,4096
252,1.0,xi_minus20,0,1,BS,5.591655101959383,1.5189957141436232,3.284307122372687,0.0,0.05929939357477437,9.24406484254784,4096
252,1.0,xi_minus20,0,1,Heston,7.453900739230028,1.7269480624414388,4.47155112885979,0.0,0.048777052776285613,9.905514812925619,4096
252,1.0,xi_minus20,0,1,Adjusted,5.015539827845135,1.3975359118168775,3.062433203027304,0.0,0.06447485289668825,8.787141014430174,4096
252,1.0,xi_minus20,0,5,BS,6.530224173526227,1.4934467103739997,4.299841096799306,0.0,0.06083925044330675,7.2395092445005105,4096
252,1.0,xi_minus20,0,5,Heston,8.417830742018799,1.704032579496418,5.514103710033583,0.0,0.0509643483777381,7.443447098619306,4096
252,1.0,xi_minus20,0,5,Adjusted,5.943033940161229,1.3705587717155474,4.064602593434798,0.0,0.06579669889870235,7.250435959285507,4096
252,1.0,xi_minus20,5,1,BS,4.746204021563115,1.2221627920629938,3.2525221312599024,0.29133631393971726,0.06506046564279402,9.716136974591915,4096
252,1.0,xi_minus20,5,1,Heston,6.472353993680373,1.4304584117820944,4.4261427258422215,0.2909502460990554,0.05364204728398458,10.390218247430889,4096
252,1.0,xi_minus20,5,1,Adjusted,4.26581402693666,1.1016819699704248,3.052110863978744,0.29041152775430445,0.0711522423924933,9.246122563137213,4096
252,1.0,xi_minus20,5,5,BS,6.023795774671818,1.32167526799592,4.2769702606397315,0.16869482381552897,0.06418549117420835,7.035791980078031,4096
252,1.0,xi_minus20,5,5,Heston,7.806773859634134,1.5313321968491374,5.46179556252733,0.16955830820572987,0.053673816726547106,7.598022374755552,4096
252,1.0,xi_minus20,5,5,Adjusted,5.50384910132297,1.199616366217243,4.064769675226708,0.16790958088967078,0.06968060064400575,7.089084004790422,4096
252,1.0,xi_minus20,10,1,BS,4.092397060856063,0.9253298699823753,3.236161692574464,0.5826726278794345,0.07363532052849307,10.18820910663596,4096
252,1.0,xi_minus20,10,1,Heston,5.68173069437254,1.1339687611227616,4.39584554317025,0.5819004921981108,0.06060610923676875,10.874921681936144,4096
252,1.0,xi_minus20,10,1,Adjusted,3.7070293603344555,0.8058280281239756,3.0576705494242806,0.5808230555086089,0.07983088376146485,9.705104111844253,4096
252,1.0,xi_minus20,10,5,BS,5.5806966475836095,1.1499038256178389,4.2584178394130685,0.33738964763105794,0.06824497092149034,7.158896466463247,4096
252,1.0,xi_minus20,10,5,Heston,7.259388515256418,1.3586318142018623,5.413508108694974,0.33911661641145974,0.057171407942298406,7.752597650891783,4096
252,1.0,xi_minus20,10,5,Adjusted,5.127689384954174,1.028673960718936,4.069519267492991,0.33581916177934157,0.07400066223299356,7.294869014913871,4096
252,1.0,xi_plus20,0,1,BS,5.591655101959383,1.5189957141436232,3.284307122372687,0.0,0.05929939357477437,9.24406484254784,4096
252,1.0,xi_plus20,0,1,Heston,8.127595556595722,1.7810533783030027,4.955444420231183,0.0,0.046727002916294495,10.653713412274188,4096
252,1.0,xi_plus20,0,1,Adjusted,4.735271479912193,1.2968151121972402,3.0535420446890527,0.0,0.06639060987555188,8.902085952707981,4096
252,1.0,xi_plus20,0,5,BS,6.530224173526227,1.4934467103739997,4.299841096799306,0.0,0.06083925044330675,7.2395092445005105,4096
252,1.0,xi_plus20,0,5,Heston,9.116405255450392,1.7584935180929484,6.0241058022754785,0.0,0.0488271221409558,7.369309072267534,4096
252,1.0,xi_plus20,0,5,Adjusted,5.663841914774116,1.2684575992202713,4.054857233754461,0.0,0.06923987345706499,7.17653377234609,4096
252,1.0,xi_plus20,5,1,BS,4.746204021563115,1.2221627920629938,3.2525221312599024,0.29133631393971726,0.06506046564279402,9.716136974591915,4096
252,1.0,xi_plus20,5,1,Heston,7.1353512132404555,1.480064832829325,4.944759303862357,0.2952959800688377,0.05138222769204339,11.16204504805159,4096
252,1.0,xi_plus20,5,1,Adjusted,4.07418937716103,0.9972964391180087,3.0795891896835705,0.293973962336629,0.07368537749763496,9.370287887638444,4096
252,1.0,xi_plus20,5,5,BS,6.023795774671818,1.32167526799592,4.2769702606397315,0.16869482381552897,0.06418549117420835,7.035791980078031,4096
252,1.0,xi_plus20,5,5,Heston,8.486968452419465,1.5833846157593856,5.979861610995967,0.1718809847794402,0.05163055078682288,7.525576476101483,4096
252,1.0,xi_plus20,5,5,Adjusted,5.283381306937175,1.0961552029475987,4.081825077988083,0.16923813963990025,0.07337322502884708,7.469141696865847,4096
252,1.0,xi_plus20,10,1,BS,4.092397060856063,0.9253298699823753,3.236161692574464,0.5826726278794345,0.07363532052849307,10.18820910663596,4096
252,1.0,xi_plus20,10,1,Heston,6.34064109129816,1.1790762873556495,4.9504201998937765,0.5905919601376755,0.05847890845087871,11.670376683828966,4096
252,1.0,xi_plus20,10,1,Adjusted,3.609607568625822,0.6977777660387678,3.1227137578477686,0.587947924673258,0.08242535863971066,9.838489822568935,4096
252,1.0,xi_plus20,10,5,BS,5.5806966475836095,1.1499038256178389,4.2584178394130685,0.33738964763105794,0.06824497092149034,7.158896466463247,4096
252,1.0,xi_plus20,10,5,Heston,7.922970311078702,1.4082757134258146,5.939729826053714,0.3437619695588804,0.05499134532374564,7.743819218608692,4096
252,1.0,xi_plus20,10,5,Adjusted,4.967158999727134,0.9238528066749165,4.113654991326014,0.3384762792798005,0.07807639790303293,7.761749621385505,4096
252,1.0,rho_minus10pp,0,1,BS,5.591655101959383,1.5189957141436232,3.284307122372687,0.0,0.05929939357477437,9.24406484254784,4096
252,1.0,rho_minus10pp,0,1,Heston,8.20455103207658,1.7808544689183898,5.0331083926099796,0.0,0.04666757145804872,10.612866391454165,4096
252,1.0,rho_minus10pp,0,1,Adjusted,4.78726396909401,1.3021736172961527,3.0916078395118625,0.0,0.06670583246974138,8.910962261429196,4096
252,1.0,rho_minus10pp,0,5,BS,6.530224173526227,1.4934467103739997,4.299841096799306,0.0,0.06083925044330675,7.2395092445005105,4096
252,1.0,rho_minus10pp,0,5,Heston,9.190868905636348,1.7588234643455851,6.097408926903741,0.0,0.04888647257367626,7.432478683396653,4096
252,1.0,rho_minus10pp,0,5,Adjusted,5.715519686184489,1.2743809273749886,4.091472938127353,0.0,0.068843173216389,7.204341179533866,4096
252,1.0,rho_minus10pp,5,1,BS,4.746204021563115,1.2221627920629938,3.2525221312599024,0.29133631393971726,0.06506046564279402,9.716136974591915,4096
252,1.0,rho_minus10pp,5,1,Heston,7.207058532303881,1.482835737001173,5.008256709376068,0.2924125741055588,0.05116641440745594,11.116182787186439,4096
252,1.0,rho_minus10pp,5,1,Adjusted,4.1159107708452165,1.005698349145009,3.1044816013722194,0.29101646300943695,0.0735914993347548,9.375451840807166,4096
252,1.0,rho_minus10pp,5,5,BS,6.023795774671818,1.32167526799592,4.2769702606397315,0.16869482381552897,0.06418549117420835,7.035791980078031,4096
252,1.0,rho_minus10pp,5,5,Heston,8.5592207051379,1.5849979403570567,6.047002234201787,0.17063485112929508,0.05156677539193761,7.500530482325221,4096
252,1.0,rho_minus10pp,5,5,Adjusted,5.329305714860225,1.1033510804225846,4.11192210819054,0.16800079193331435,0.07263224259285844,7.33896744240792,4096
252,1.0,rho_minus10pp,10,1,BS,4.092397060856063,0.9253298699823753,3.236161692574464,0.5826726278794345,0.07363532052849307,10.18820910663596,4096
252,1.0,rho_minus10pp,10,1,Heston,6.402671102394965,1.1848170050839593,4.998879766858842,0.5848251482111176,0.05775694412936256,11.619499182918716,4096
252,1.0,rho_minus10pp,10,1,Adjusted,3.636602463358036,0.7092230809938631,3.133605084743608,0.5820329260188739,0.08183261413581644,9.839941420185232,4096
252,1.0,rho_minus10pp,10,5,BS,5.5806966475836095,1.1499038256178389,4.2584178394130685,0.33738964763105794,0.06824497092149034,7.158896466463247,4096
252,1.0,rho_minus10pp,10,5,Heston,7.991952047810189,1.4111724163685273,6.000544459090801,0.34126970225859016,0.05478287069342527,7.655222363441714,4096
252,1.0,rho_minus10pp,10,5,Adjusted,5.0062910798465285,0.9323212334701791,4.137068197467173,0.3360015838666287,0.07698176540727017,7.62969183023948,4096
252,1.0,rho_plus10pp,0,1,BS,5.591655101959383,1.5189957141436232,3.284307122372687,0.0,0.05929939357477437,9.24406484254784,4096
252,1.0,rho_plus10pp,0,1,Heston,7.4175928153582085,1.72967190486578,4.425827916876193,0.0,0.04873768811685857,9.968101943331769,4096
252,1.0,rho_plus10pp,0,1,Adjusted,4.945078927577194,1.3926636723695105,3.005566823239463,0.0,0.06433544491378632,8.804493545775198,4096
252,1.0,rho_plus10pp,0,5,BS,6.530224173526227,1.4934467103739997,4.299841096799306,0.0,0.06083925044330675,7.2395092445005105,4096
252,1.0,rho_plus10pp,0,5,Heston,8.384133063045077,1.706408861471008,5.472301860538296,0.0,0.05078039062510855,7.460028824375116,4096
252,1.0,rho_plus10pp,0,5,Adjusted,5.87306642190363,1.3652526543872128,4.0091516115923,0.0,0.06623925595652737,7.156673173793923,4096
252,1.0,rho_plus10pp,5,1,BS,4.746204021563115,1.2221627920629938,3.2525221312599024,0.29133631393971726,0.06506046564279402,9.716136974591915,4096
252,1.0,rho_plus10pp,5,1,Heston,6.438514443441536,1.430643513390204,4.391773581036068,0.29341465567921066,0.05377471904156376,10.457501390049554,4096
252,1.0,rho_plus10pp,5,1,Adjusted,4.203396114181456,1.0942170101973818,3.0060852487761593,0.2929306684187578,0.0714348021646799,9.267102772277813,4096
252,1.0,rho_plus10pp,5,5,BS,6.023795774671818,1.32167526799592,4.2769702606397315,0.16869482381552897,0.06418549117420835,7.035791980078031,4096
252,1.0,rho_plus10pp,5,5,Heston,7.77345117667619,1.5325955379809852,5.424602093636965,0.17063853797801729,0.05371357588595263,7.615930762347519,4096
252,1.0,rho_plus10pp,5,5,Adjusted,5.43842113277723,1.193218748700766,4.014650150526208,0.16897065460174845,0.07045108136430048,7.124339070031439,4096
252,1.0,rho_plus10pp,10,1,BS,4.092397060856063,0.9253298699823753,3.236161692574464,0.5826726278794345,0.07363532052849307,10.18820910663596,4096
252,1.0,rho_plus10pp,10,1,Heston,5.6540690158853115,1.1316151219146349,4.373516231739438,0.5868293113584213,0.06106863435679556,10.946900836767254,4096
252,1.0,rho_plus10pp,10,1,Adjusted,3.656411315130189,0.7957703480252454,3.023160868333968,0.5858613368375156,0.08070364313921363,9.729711998780484,4096
252,1.0,rho_plus10pp,10,5,BS,5.5806966475836095,1.1499038256178389,4.2584178394130685,0.33738964763105794,0.06824497092149034,7.158896466463247,4096
252,1.0,rho_plus10pp,10,5,Heston,7.22733491226141,1.358782214490958,5.381045805844458,0.34127707595603457,0.05724605565878787,7.771832700319782,4096
252,1.0,rho_plus10pp,10,5,Adjusted,5.067681600671947,1.0211848430143016,4.024863117069803,0.3379413092034969,0.07508416748225732,7.4147816341883015,4096
252,1.1,reference,0,1,BS,5.909807931257717,1.4954763607539518,3.6733583856838328,0.0,0.06133778625761727,6.969092680033764,4096
252,1.1,reference,0,1,Heston,8.54049079276101,1.7197812801519459,5.582843141199945,0.0,0.052004339271680015,7.558804289641785,4096
252,1.1,reference,0,1,Adjusted,4.725221902213982,1.2973496403143931,3.042105812990096,0.0,0.06587133142729694,7.653295222294435,4096
252,1.1,reference,0,5,BS,6.903639971305231,1.4682749306394474,4.747808699360957,0.0,0.06632074965295488,8.509030379927058,4096
252,1.1,reference,0,5,Heston,9.541867627552492,1.6941455012247681,6.671738648232371,0.0,0.055989386956884754,8.63612126320998,4096
252,1.1,reference,0,5,Adjusted,5.7342681794747445,1.268025060948272,4.126380624281876,0.0,0.07398291940834238,8.643828488426632,4096
252,1.1,reference,5,1,BS,5.043620132194841,1.2109242647427962,3.5772825572519578,0.27936427141247366,0.06547003102563183,7.497501080050572,4096
252,1.1,reference,5,1,Heston,7.437562787781355,1.4244171223272082,5.40859864940243,0.2898584697895068,0.055173803823527566,7.324670782635068,4096
252,1.1,reference,5,1,Adjusted,4.090880792999124,1.0171555127166827,3.056275455949187,0.2751163614067222,0.07195291207906392,8.182594640923117,4096
252,1.1,reference,5,5,BS,6.414390937494941,1.3118856772254766,4.693346907385594,0.15362805597745913,0.06880408799333497,8.74964765163291,4096
252,1.1,reference,5,5,Heston,8.8982981933131,1.5317318658758503,6.552095684373584,0.1594613196675965,0.057707382214300426,8.883759300650391,4096
252,1.1,reference,5,5,Adjusted,5.387691631161398,1.114332811374106,4.14595401665648,0.15101320281529704,0.07889758234183508,8.884376050617002,4096
252,1.1,reference,10,1,BS,4.364585382763766,0.9263721687316454,3.5064199877631945,0.5587285428249473,0.07198718547520243,8.025909480067508,4096
252,1.1,reference,10,1,Heston,6.533913234858138,1.1290529645024714,5.259152638206319,0.5797169395790136,0.05935954710310581,7.835862420599344,4096
252,1.1,reference,10,1,Adjusted,3.6407635843943593,0.7369613851189802,3.0976515012378734,0.5502327228134444,0.08197578273732402,8.71189405955181,4096
252,1.1,reference,10,5,BS,5.98200848642365,1.1554964238114902,4.6468365009825074,0.30725611195491825,0.0720045343468808,8.99026492333885,4096
252,1.1,reference,10,5,Heston,8.315024488634224,1.3693182305269174,6.439992072180855,0.318922639335193,0.059416363900750405,9.131397338090913,4096
252,1.1,reference,10,5,Adjusted,5.096990695598629,0.9606405617999582,4.174160406623289,0.3020264056305941,0.08486348491475312,9.124923612807583,4096
252,1.1,kappa_minus20,0,1,BS,5.909807931257717,1.4954763607539518,3.6733583856838328,0.0,0.06133778625761727,6.969092680033764,4096
252,1.1,kappa_minus20,0,1,Heston,8.541673912262647,1.7176097612479952,5.591490620328252,0.0,0.05157178447281257,7.442399498582205,4096
252,1.1,kappa_minus20,0,1,Adjusted,4.542108183547544,1.236637973328993,3.0128347064683054,0.0,0.0648508652988077,7.843410113100056,4096
252,1.1,kappa_minus20,0,5,BS,6.903639971305231,1.4682749306394474,4.747808699360957,0.0,0.06632074965295488,8.509030379927058,4096
252,1.1,kappa_minus20,0,5,Heston,9.543768191185833,1.6908956372273825,6.684640135191239,0.0,0.05559790075821584,8.643852576309774,4096
252,1.1,kappa_minus20,0,5,Adjusted,5.560250943075911,1.2059663572901378,4.105896088160266,0.0,0.07486426848540034,8.920015759747159,4096
252,1.1,kappa_minus20,5,1,BS,5.043620132194841,1.2109242647427962,3.5772825572519578,0.27936427141247366,0.06547003102563183,7.497501080050572,4096
252,1.1,kappa_minus20,5,1,Heston,7.429618841170027,1.4170233787907947,5.4216635851303465,0.29495191550349276,0.05503156180910733,7.4874233335495965,4096
252,1.1,kappa_minus20,5,1,Adjusted,3.9792289447358407,0.9545123394037931,3.068135138661739,0.27701787786321624,0.07249250545376977,8.373310145622685,4096
252,1.1,kappa_minus20,5,5,BS,6.414390937494941,1.3118856772254766,4.693346907385594,0.15362805597745913,0.06880408799333497,8.74964765163291,4096
252,1.1,kappa_minus20,5,5,Heston,8.896194104367437,1.5262847127386847,6.566649080027627,0.161604554945917,0.05729604548773244,8.892039927621191,4096
252,1.1,kappa_minus20,5,5,Adjusted,5.257058641987998,1.051906252210924,4.1505518785475655,0.1513864200437141,0.08065540919802561,9.243022161148133,4096
252,1.1,kappa_minus20,10,1,BS,4.364585382763766,0.9263721687316454,3.5064199877631945,0.5587285428249473,0.07198718547520243,8.025909480067508,4096
252,1.1,kappa_minus20,10,1,Heston,6.52440165450817,1.1164369963335874,5.277970087725807,0.5899038310069855,0.05953281982204109,8.038749144770662,4096
252,1.1,kappa_minus20,10,1,Adjusted,3.6042714840290753,0.6723867054785957,3.152167602324716,0.5540357557264325,0.08341593315378283,8.903210178145308,4096
252,1.1,kappa_minus20,10,5,BS,5.98200848642365,1.1554964238114902,4.6468365009825074,0.30725611195491825,0.0720045343468808,8.99026492333885,4096
252,1.1,kappa_minus20,10,5,Heston,8.310669145620095,1.361673788249974,6.45651364001306,0.323209109891834,0.05896316183399628,9.140227278932546,4096
252,1.1,kappa_minus20,10,5,Adjusted,5.010383663166939,0.8978461471317196,4.204255959247666,0.3027728400874282,0.08760493168279809,9.566028562549022,4096
252,1.1,kappa_plus20,0,1,BS,5.909807931257717,1.4954763607539518,3.6733583856838328,0.0,0.06133778625761727,6.969092680033764,4096
252,1.1,kappa_plus20,0,1,Heston,8.53012114517768,1.7195251022665055,5.573354567853045,0.0,0.052635834158210486,7.63668217598746,4096
252,1.1,kappa_plus20,0,1,Adjusted,4.944157681686724,1.3437305256131467,3.13854595622214,0.0,0.06628138875905994,7.490113115580257,4096
252,1.1,kappa_plus20,0,5,BS,6.903639971305231,1.4682749306394474,4.747808699360957,0.0,0.06632074965295488,8.509030379927058,4096
252,1.1,kappa_plus20,0,5,Heston,9.531397520109238,1.6947354652019733,6.6592692230958885,0.0,0.056603815240241634,8.643746730457305,4096
252,1.1,kappa_plus20,0,5,Adjusted,5.9488470889978915,1.31552243317056,4.218247816822901,0.0,0.07292253100970332,8.610423283930329,4096
252,1.1,kappa_plus20,5,1,BS,5.043620132194841,1.2109242647427962,3.5772825572519578,0.27936427141247366,0.06547003102563183,7.497501080050572,4096
252,1.1,kappa_plus20,5,1,Heston,7.436418016674778,1.427987983590023,5.397268335397278,0.28612461881261847,0.05571558981287321,7.390410699815669,4096
252,1.1,kappa_plus20,5,1,Adjusted,4.257619184094885,1.0649399915928996,3.123521998401,0.2737341604190049,0.07184562406312382,8.01888361867541,4096
252,1.1,kappa_plus20,5,5,BS,6.414390937494941,1.3118856772254766,4.693346907385594,0.15362805597745913,0.06880408799333497,8.74964765163291,4096
252,1.1,kappa_plus20,5,5,Heston,8.892328275084413,1.533951637116362,6.539320650072445,0.15787161163329827,0.058178351129538876,8.891005964128636,4096
252,1.1,kappa_plus20,5,5,Adjusted,5.570182231937258,1.1621043407843827,4.219695733067352,0.15073540072009112,0.07749132560689911,8.85158298219302,4096
252,1.1,kappa_plus20,10,1,BS,4.364585382763766,0.9263721687316454,3.5064199877631945,0.5587285428249473,0.07198718547520243,8.025909480067508,4096
252,1.1,kappa_plus20,10,1,Heston,6.536509985962057,1.1364508649135452,5.244989417599312,0.5722492376252369,0.059561023908603544,7.871425194943145,4096
252,1.1,kappa_plus20,10,1,Adjusted,3.752566065095655,0.786149457572654,3.134535095453877,0.5474683208380098,0.07991210946685033,8.547654121770602,4096
252,1.1,kappa_plus20,10,5,BS,5.98200848642365,1.1554964238114902,4.6468365009825074,0.30725611195491825,0.0720045343468808,8.99026492333885,4096
252,1.1,kappa_plus20,10,5,Heston,8.312268031655206,1.3731678090307557,6.42667819989688,0.31574322326659654,0.0599113358118955,9.138265197799871,4096
252,1.1,kappa_plus20,10,5,Adjusted,5.246904357631766,1.0086862483982075,4.229456409924115,0.30147080144018223,0.08271441186459651,9.09274268045563,4096
252,1.1,theta_minus20,0,1,BS,5.909807931257717,1.4954763607539518,3.6733583856838328,0.0,0.06133778625761727,6.969092680033764,4096
252,1.1,theta_minus20,0,1,Heston,7.910545311170187,1.6792114735158097,5.090794138383051,0.0,0.05374664237271236,7.267329082960316,4096
252,1.1,theta_minus20,0,1,Adjusted,4.4796261106570485,1.2380134911492817,2.946948706389416,0.0,0.06533416427258824,8.088236150179345,4096
252,1.1,theta_minus20,0,5,BS,6.903639971305231,1.4682749306394474,4.747808699360957,0.0,0.06632074965295488,8.509030379927058,4096
252,1.1,theta_minus20,0,5,Heston,8.909951077622907,1.6511255130473745,6.183735617786951,0.0,0.05751747086278954,9.129559413402601,4096
252,1.1,theta_minus20,0,5,Adjusted,5.4990773688208066,1.2064512938888343,4.043552644294764,0.0,0.07744202477784454,9.147498625304792,4096
252,1.1,theta_minus20,5,1,BS,5.043620132194841,1.2109242647427962,3.5772825572519578,0.27936427141247366,0.06547003102563183,7.497501080050572,4096
252,1.1,theta_minus20,5,1,Heston,6.851123488661168,1.3740248029543085,4.9631793295275415,0.29943061424742146,0.05808256565381918,7.810757390903454,4096
252,1.1,theta_minus20,5,1,Adjusted,3.9321285754532767,0.950480102210133,3.028716150755892,0.28227966007071414,0.07477904215079385,8.628701007739775,4096
252,1.1,theta_minus20,5,5,BS,6.414390937494941,1.3118856772254766,4.693346907385594,0.15362805597745913,0.06880408799333497,8.74964765163291,4096
252,1.1,theta_minus20,5,5,Heston,8.293704055871562,1.4849482420116749,6.088632774417998,0.16313494422603603,0.05943014532052797,9.383618870244247,4096
252,1.1,theta_minus20,5,5,Adjusted,5.202882870486347,1.0502396546846455,4.099879538214223,0.15348142715173263,0.08422939402194972,9.47592377916557,4096
252,1.1,theta_minus20,10,1,BS,4.364585382763766,0.9263721687316454,3.5064199877631945,0.5587285428249473,0.07198718547520243,8.025909480067508,4096
252,1.1,theta_minus20,10,1,Heston,6.005735948171542,1.0688381323927976,4.863320994914619,0.5988612284948429,0.06406739040905042,8.372155766174561,4096
252,1.1,theta_minus20,10,1,Adjusted,3.5802514959696268,0.6629467132709902,3.1407531513328184,0.5645593201414283,0.08756424486196358,9.169165865300233,4096
252,1.1,theta_minus20,10,5,BS,5.98200848642365,1.1554964238114902,4.6468365009825074,0.30725611195491825,0.0720045343468808,8.99026492333885,4096
252,1.1,theta_minus20,10,5,Heston,7.7409349567815795,1.3187709709759718,6.001778082892672,0.32626988845207205,0.061921278783165015,9.63767832708574,4096
252,1.1,theta_minus20,10,5,Adjusted,4.96489159712934,0.894028015480468,4.165605504665397,0.30696285430346526,0.09194624489118727,9.80434893302619,4096
252,1.1,theta_plus20,0,1,BS,5.909807931257717,1.4954763607539518,3.6733583856838328,0.0,0.06133778625761727,6.969092680033764,4096
252,1.1,theta_plus20,0,1,Heston,9.197229872325533,1.7537993263292404,6.121417795292635,0.0,0.05070707964460768,7.785225620954662,4096
252,1.1,theta_plus20,0,1,Adjusted,5.0968048953038245,1.3474951844810914,3.281061623104094,0.0,0.06546931597204612,7.2553953303881435,4096
252,1.1,theta_plus20,0,5,BS,6.903639971305231,1.4682749306394474,4.747808699360957,0.0,0.06632074965295488,8.509030379927058,4096
252,1.1,theta_plus20,0,5,Heston,10.202748826083358,1.7302878885514332,7.208852648815579,0.0,0.05471182959660669,8.320825536403934,4096
252,1.1,theta_plus20,0,5,Adjusted,6.101423249454499,1.3202113228289294,4.3584653125287875,0.0,0.07084951353920318,8.215972013926377,4096
252,1.1,theta_plus20,5,1,BS,5.043620132194841,1.2109242647427962,3.5772825572519578,0.27936427141247366,0.06547003102563183,7.497501080050572,4096
252,1.1,theta_plus20,5,1,Heston,8.063673099921182,1.4666152446416245,5.912712824105971,0.28188428352466055,0.053185339013113966,7.424956484580989,4096
252,1.1,theta_plus20,5,1,Adjusted,4.3966660274526745,1.0736114376342771,3.2440245084335357,0.26895659205811584,0.07051001077221176,7.774252946920573,4096
252,1.1,theta_plus20,5,5,BS,6.414390937494941,1.3118856772254766,4.693346907385594,0.15362805597745913,0.06880408799333497,8.74964765163291,4096
252,1.1,theta_plus20,5,5,Heston,9.539023192005587,1.5710273749749115,7.070896179085025,0.15638313979998741,0.05603439773752793,8.445791884282734,4096
252,1.1,theta_plus20,5,5,Adjusted,5.715730032103501,1.1687200539843878,4.349823467518229,0.1488575802825789,0.07475166618825789,8.4515337785555,4096
252,1.1,theta_plus20,10,1,BS,4.364585382763766,0.9263721687316454,3.5064199877631945,0.5587285428249473,0.07198718547520243,8.025909480067508,4096
252,1.1,theta_plus20,10,1,Heston,7.117619032993405,1.1794311629540122,5.726561164846352,0.5637685670493211,0.05610644288051599,7.432270192980071,4096
252,1.1,theta_plus20,10,1,Adjusted,3.871397957701797,0.7997276907874664,3.2318335782895433,0.5379131841162317,0.07659808430081794,8.293110563453073,4096
252,1.1,theta_plus20,10,5,BS,5.98200848642365,1.1554964238114902,4.6468365009825074,0.30725611195491825,0.0720045343468808,8.99026492333885,4096
252,1.1,theta_plus20,10,5,Heston,8.933026458902646,1.4117668613984047,6.939940787959944,0.31276627959997483,0.05751770247724281,8.687763570991478,4096
252,1.1,theta_plus20,10,5,Adjusted,5.383975444987276,1.017228785139845,4.349221043670191,0.2977151605651578,0.07924081093646043,8.687095543184583,4096
252,1.1,xi_minus20,0,1,BS,5.909807931257717,1.4954763607539518,3.6733583856838328,0.0,0.06133778625761727,6.969092680033764,4096
252,1.1,xi_minus20,0,1,Heston,8.3675285377707,1.7071860182149985,5.453044436981917,0.0,0.05211256908895431,7.5133932986168475,4096
252,1.1,xi_minus20,0,1,Adjusted,5.05375119603255,1.3638648143908862,3.1936239640990642,0.0,0.06462230798530476,7.3237255078678345,4096
252,1.1,xi_minus20,0,5,BS,6.903639971305231,1.4682749306394474,4.747808699360957,0.0,0.06632074965295488,8.509030379927058,4096
252,1.1,xi_minus20,0,5,Heston,9.363061098672812,1.682038911496399,6.533806198884822,0.0,0.05636872916442656,8.419964306673272,4096
252,1.1,xi_minus20,0,5,Adjusted,6.053988886211357,1.3356038888479467,4.270151138305599,0.0,0.07075099075268698,8.443927718737973,4096
252,1.1,xi_minus20,5,1,BS,5.043620132194841,1.2109242647427962,3.5772825572519578,0.27936427141247366,0.06547003102563183,7.497501080050572,4096
252,1.1,xi_minus20,5,1,Heston,7.27338540720129,1.4165544315619956,5.2667589496233616,0.2852633424174283,0.05516036925710443,7.1817041168922575,4096
252,1.1,xi_minus20,5,1,Adjusted,4.338753558658391,1.0850724274672099,3.1613713858088084,0.27376003356865575,0.06982288019981724,7.847307694695925,4096
252,1.1,xi_minus20,5,5,BS,6.414390937494941,1.3118856772254766,4.693346907385594,0.15362805597745913,0.06880408799333497,8.74964765163291,4096
252,1.1,xi_minus20,5,5,Heston,8.72749196242855,1.521766903736365,6.411717453121186,0.1573829691217456,0.05799177961993383,8.664170288959888,4096
252,1.1,xi_minus20,5,5,Adjusted,5.658667686576463,1.182200911000585,4.261068692605848,0.15073027574710327,0.07501766624876198,8.682595848281524,4096
252,1.1,xi_minus20,10,1,BS,4.364585382763766,0.9263721687316454,3.5064199877631945,0.5587285428249473,0.07198718547520243,8.025909480067508,4096
252,1.1,xi_minus20,10,1,Heston,6.372115061474486,1.1259228449089975,5.104412808786516,0.5705266848348566,0.05895343506346129,7.656000689889649,4096
252,1.1,xi_minus20,10,1,Adjusted,3.80520749518441,0.8062800405435394,3.155119991405518,0.5475200671373115,0.07757923676733142,8.370889881523976,4096
252,1.1,xi_minus20,10,5,BS,5.98200848642365,1.1554964238114902,4.6468365009825074,0.30725611195491825,0.0720045343468808,8.99026492333885,4096
252,1.1,xi_minus20,10,5,Heston,8.150704093198708,1.3614948959763225,6.2970357414291325,0.3147659382434912,0.05968119625922032,8.908376271246425,4096
252,1.1,xi_minus20,10,5,Adjusted,5.318722223017059,1.028797933153236,4.260297035756689,0.30146055149420653,0.07996225365679223,8.921263977824882,4096
252,1.1,xi_plus20,0,1,BS,5.909807931257717,1.4954763607539518,3.6733583856838328,0.0,0.06133778625761727,6.969092680033764,4096
252,1.1,xi_plus20,0,1,Heston,8.668246569750949,1.7278793200503557,5.682679625093268,0.0,0.0522730351630146,7.5797953972613925,4096
252,1.1,xi_plus20,0,1,Adjusted,4.532348229889253,1.2300460292847704,3.0193349957300226,0.0,0.06631884781232601,7.995632428421388,4096
252,1.1,xi_plus20,0,5,BS,6.903639971305231,1.4682749306394474,4.747808699360957,0.0,0.06632074965295488,8.509030379927058,4096
252,1.1,xi_plus20,0,5,Heston,9.675365767233815,1.7015654163732425,6.78004090103637,0.0,0.05598041162769239,8.885200614917215,4096
252,1.1,xi_plus20,0,5,Adjusted,5.551947524761374,1.199611210107135,4.112880469346669,0.0,0.07680394827415642,8.882996183284632,4096
252,1.1,xi_plus20,5,1,BS,5.043620132194841,1.2109242647427962,3.5772825572519578,0.27936427141247366,0.06547003102563183,7.497501080050572,4096
252,1.1,xi_plus20,5,1,Heston,7.564595407041892,1.4275831138311406,5.526601860146077,0.2946478876866339,0.055754646406241316,7.512267020818658,4096
252,1.1,xi_plus20,5,1,Adjusted,3.98442352880762,0.9483794708431103,3.0849999080909623,0.27654184001895377,0.07400704208303309,8.530980276627773,4096
252,1.1,xi_plus20,5,5,BS,6.414390937494941,1.3118856772254766,4.693346907385594,0.15362805597745913,0.06880408799333497,8.74964765163291,4096
252,1.1,xi_plus20,5,5,Heston,9.028473246489364,1.5369655748269282,6.666210068286294,0.16158373053873698,0.05769316673039744,9.13658422839809,4096
252,1.1,xi_plus20,5,5,Adjusted,5.257133629182464,1.0456269762833288,4.163797855651046,0.15129939423066088,0.08279523678053077,9.206121649141622,4096
252,1.1,xi_plus20,10,1,BS,4.364585382763766,0.9263721687316454,3.5064199877631945,0.5587285428249473,0.07198718547520243,8.025909480067508,4096
252,1.1,xi_plus20,10,1,Heston,6.6672865676635915,1.1272869076119307,5.3965107955903235,0.5892957753732678,0.06033484847624999,8.068085020353564,4096
252,1.1,xi_plus20,10,1,Adjusted,3.6238254494942446,0.6667129124014539,3.179319341931416,0.5530836800379075,0.08515730533533297,9.066328124834026,4096
252,1.1,xi_plus20,10,5,BS,5.98200848642365,1.1554964238114902,4.6468365009825074,0.30725611195491825,0.0720045343468808,8.99026492333885,4096
252,1.1,xi_plus20,10,5,Heston,8.443518312680732,1.372365733280612,6.560130606797901,0.32316746107747396,0.05941415496626031,9.387967841878924,4096
252,1.1,xi_plus20,10,5,Adjusted,5.018757067651579,0.8916427424595267,4.223730287470833,0.30259878846132177,0.08990613304368378,9.529247114998554,4096
252,1.1,rho_minus10pp,0,1,BS,5.909807931257717,1.4954763607539518,3.6733583856838328,0.0,0.06133778625761727,6.969092680033764,4096
252,1.1,rho_minus10pp,0,1,Heston,9.002681275423871,1.7437375662179249,5.962060575584259,0.0,0.05141326000405441,7.707134276915724,4096
252,1.1,rho_minus10pp,0,1,Adjusted,4.606667382434226,1.2505070045108169,3.04289961410361,0.0,0.06688048433569968,7.793448609854686,4096
252,1.1,rho_minus10pp,0,5,BS,6.903639971305231,1.4682749306394474,4.747808699360957,0.0,0.06632074965295488,8.509030379927058,4096
252,1.1,rho_minus10pp,0,5,Heston,10.012479329189198,1.7182983433143484,7.059930132552362,0.0,0.05533281482238637,8.665732755569241,4096
252,1.1,rho_minus10pp,0,5,Adjusted,5.622623878924478,1.2207828044737106,4.132313223225779,0.0,0.07554307051697436,8.660191121982015,4096
252,1.1,rho_minus10pp,5,1,BS,5.043620132194841,1.2109242647427962,3.5772825572519578,0.27936427141247366,0.06547003102563183,7.497501080050572,4096
252,1.1,rho_minus10pp,5,1,Heston,7.877932425866531,1.4457893503970378,5.7876255801450425,0.29236203024654517,0.05449243533368074,7.333140121610512,4096
252,1.1,rho_minus10pp,5,1,Adjusted,4.024189721417044,0.9708883987375057,3.081565438613966,0.2745437031078435,0.07313174676940334,8.323617091933269,4096
252,1.1,rho_minus10pp,5,5,BS,6.414390937494941,1.3118856772254766,4.693346907385594,0.15362805597745913,0.06880408799333497,8.74964765163291,4096
252,1.1,rho_minus10pp,5,5,Heston,9.35250692100512,1.5545320611969684,6.935936991715825,0.1607695708472747,0.05694359305457797,8.91434378147104,4096
252,1.1,rho_minus10pp,5,5,Adjusted,5.307859350691486,1.0674671084378358,4.168373323094852,0.1506437493356526,0.08056755823542694,8.900335164418657,4096
252,1.1,rho_minus10pp,10,1,BS,4.364585382763766,0.9263721687316454,3.5064199877631945,0.5587285428249473,0.07198718547520243,8.025909480067508,4096
252,1.1,rho_minus10pp,10,1,Heston,6.955309471450892,1.1478411345761599,5.6377702012258055,0.5847240604930903,0.058381903439210306,7.839961339340636,4096
252,1.1,rho_minus10pp,10,1,Adjusted,3.625286426498968,0.6912697929641827,3.147432499834224,0.549087406215687,0.08303331777179154,8.853785574011923,4096
252,1.1,rho_minus10pp,10,5,BS,5.98200848642365,1.1554964238114902,4.6468365009825074,0.30725611195491825,0.0720045343468808,8.99026492333885,4096
252,1.1,rho_minus10pp,10,5,Heston,8.753585910778273,1.3907657790795884,6.819356458519419,0.3215391416945494,0.05856443855354166,9.162954807372707,4096
252,1.1,rho_minus10pp,10,5,Adjusted,5.04876567763274,0.914151412401947,4.213092872836265,0.3012874986713052,0.08698178686124754,9.178785729824554,4096
252,1.1,rho_plus10pp,0,1,BS,5.909807931257717,1.4954763607539518,3.6733583856838328,0.0,0.06133778625761727,6.969092680033764,4096
252,1.1,rho_plus10pp,0,1,Heston,8.132382552536104,1.6961698869697788,5.255390267073032,0.0,0.05258483191634028,7.417787499266211,4096
252,1.1,rho_plus10pp,0,1,Adjusted,4.911677695747146,1.34567945627785,3.1008244966988965,0.0,0.0646151455438383,7.509739452332038,4096
252,1.1,rho_plus10pp,0,5,BS,6.903639971305231,1.4682749306394474,4.747808699360957,0.0,0.06632074965295488,8.509030379927058,4096
252,1.1,rho_plus10pp,0,5,Heston,9.12704828699615,1.6703061702961062,6.337125584466904,0.0,0.05677678790265396,8.60932254287668,4096
252,1.1,rho_plus10pp,0,5,Adjusted,5.914192481631451,1.3167319981685917,4.180409326630399,0.0,0.07193276259831205,8.625553651706882,4096
252,1.1,rho_plus10pp,5,1,BS,5.043620132194841,1.2109242647427962,3.5772825572519578,0.27936427141247366,0.06547003102563183,7.497501080050572,4096
252,1.1,rho_plus10pp,5,1,Heston,7.053042886488622,1.4032987634458158,5.0837954670000665,0.2874436473904763,0.05582884319123543,7.3322940490124475,4096
252,1.1,rho_plus10pp,5,1,Adjusted,4.2240302625389425,1.0649748788863045,3.0898587698800437,0.275624295244705,0.07047651242867195,8.038219159398619,4096
252,1.1,rho_plus10pp,5,5,BS,6.414390937494941,1.3118856772254766,4.693346907385594,0.15362805597745913,0.06880408799333497,8.74964765163291,4096
252,1.1,rho_plus10pp,5,5,Heston,8.500472196918006,1.509193819885205,6.222806210938311,0.15820296362162306,0.05844651090014892,8.85604245535297,4096
252,1.1,rho_plus10pp,5,5,Adjusted,5.534955232476448,1.162675942680552,4.183139884788337,0.15136960473961283,0.0766918955379738,8.866512871962444,4096
252,1.1,rho_plus10pp,10,1,BS,4.364585382763766,0.9263721687316454,3.5064199877631945,0.5587285428249473,0.07198718547520243,8.025909480067508,4096
252,1.1,rho_plus10pp,10,1,Heston,6.170315872306625,1.1104276399218507,4.937266328804213,0.5748872947809526,0.06034399827142441,7.833723633046667,4096
252,1.1,rho_plus10pp,10,1,Adjusted,3.72115806907263,0.7842703014947601,3.1060781632659475,0.55124859048941,0.07980438182046037,8.56669886646512,4096
252,1.1,rho_plus10pp,10,5,BS,5.98200848642365,1.1554964238114902,4.6468365009825074,0.30725611195491825,0.0720045343468808,8.99026492333885,4096
252,1.1,rho_plus10pp,10,5,Heston,7.933481984770735,1.3480814694742884,6.116158336430779,0.3164059272432461,0.06033178814959952,9.10276236782924,4096
252,1.1,rho_plus10pp,10,5,Adjusted,5.21178324330842,1.008619887192511,4.194469166468187,0.30273920947922567,0.08229626845681265,9.107472092217913,4096
