maturity_days,strike_over_forward,scenario,fee_bps,rebalance_days,contrast,difference,se,ci95_low,ci95_high,sim95_low,sim95_high,n_paths,first_half_difference
63,0.9,reference,0,1,Heston_minus_BS,0.13167344908060985,0.007814203714842956,0.11635336307590047,0.14699353508531923,0.10075210807363326,0.16259479008758645,4096,0.14654459722803817
63,0.9,reference,0,1,Adjusted_minus_Heston,-0.1528159072907241,0.012530401100035752,-0.17738230324498044,-0.12824951133646778,-0.20239956539685106,-0.10323224918459717,4096,-0.1767530046868685
63,0.9,reference,0,5,Heston_minus_BS,0.15655914660651424,0.012958856127297243,0.1311527459497534,0.18196554726327507,0.10528006251873023,0.20783823069429824,4096,0.17779612649853865
63,0.9,reference,0,5,Adjusted_minus_Heston,-0.1885756891436943,0.02140531641342654,-0.23054174229237429,-0.1466096359950143,-0.27327799693285043,-0.10387338135453818,4096,-0.22344314441242458
63,0.9,reference,5,1,Heston_minus_BS,0.132400710294781,0.008341654519235627,0.11604653406393636,0.14875488652562566,0.09939221021412295,0.16540921037543907,4096,0.15097485539344113
63,0.9,reference,5,1,Adjusted_minus_Heston,-0.151306190436709,0.013277376140872705,-0.1773370634236355,-0.12527531744978251,-0.20384568010345247,-0.09876670076996555,4096,-0.18149846364841582
63,0.9,reference,5,5,Heston_minus_BS,0.14929013994013088,0.013383609732373378,0.12305099137993156,0.1755292885003302,0.09633027665259883,0.20225000322766293,4096,0.17310595084500513
63,0.9,reference,5,5,Adjusted_minus_Heston,-0.1740992168330305,0.02207835564801108,-0.21738479265281688,-0.13081364101324414,-0.2614647871173955,-0.08673364654866551,4096,-0.213341925026371
63,0.9,reference,10,1,Heston_minus_BS,0.13146057837445219,0.009029654954707974,0.11375754738791531,0.14916360936098905,0.09572961329870072,0.16719154345020365,4096,0.15379679678309693
63,0.9,reference,10,1,Adjusted_minus_Heston,-0.14675934531083196,0.014339736544842998,-0.174873022042164,-0.1186456685794999,-0.20350266808997272,-0.09001602253169119,4096,-0.18329538224670627
63,0.9,reference,10,5,Heston_minus_BS,0.14182427137566095,0.013859745173922388,0.11465163858845517,0.16899690416286672,0.08698030743105509,0.1966682353202668,4096,0.16823671333727902
63,0.9,reference,10,5,Adjusted_minus_Heston,-0.15921807184083048,0.022844877094992562,-0.20400644627206135,-0.1144296974095996,-0.24961682015794295,-0.06881932352371799,4096,-0.2028635173282278
63,0.9,kappa_minus20,0,1,Heston_minus_BS,0.1465917886695639,0.008322462288340186,0.13027523964152457,0.16290833769760324,0.1136592335652411,0.1795243437738867,4096,0.16238724972100407
63,0.9,kappa_minus20,0,1,Adjusted_minus_Heston,-0.16583438792158794,0.013106285978444838,-0.19152983120913564,-0.14013894463404025,-0.21769686206014366,-0.11397191378303223,4096,-0.1910454003527268
63,0.9,kappa_minus20,0,5,Heston_minus_BS,0.1750323563065581,0.013791772431452494,0.1479929870352032,0.20207172557791303,0.1204573651742554,0.22960734743886083,4096,0.1974684966829592
63,0.9,kappa_minus20,0,5,Adjusted_minus_Heston,-0.20502981513970586,0.022398097510743214,-0.2489422587780337,-0.16111737150137803,-0.2936606259440955,-0.11639900433531625,4096,-0.2416581586887185
63,0.9,kappa_minus20,5,1,Heston_minus_BS,0.14746558942881388,0.008858139380957511,0.13009882217904303,0.16483235667858473,0.11241332326308333,0.18251785559454442,4096,0.16722242619185987
63,0.9,kappa_minus20,5,1,Adjusted_minus_Heston,-0.16456922283644979,0.01388796850538368,-0.19179718869163087,-0.1373412569812687,-0.21952486844284927,-0.1096135772300503,4096,-0.1963776183819767
63,0.9,kappa_minus20,5,5,Heston_minus_BS,0.16731429206248888,0.014236226057089197,0.13940355214118205,0.1952250319837957,0.11098056739550817,0.2236480167294696,4096,0.19254318937265097
63,0.9,kappa_minus20,5,5,Adjusted_minus_Heston,-0.19012832942884203,0.023105238807886053,-0.2354271543140693,-0.14482950454361476,-0.28155734693310763,-0.09869931192457641,4096,-0.2313605055045515
63,0.9,kappa_minus20,10,1,Heston_minus_BS,0.1468629382179511,0.009570366728589892,0.12809981829824563,0.16562605813765657,0.10899233950109918,0.18473353693480302,4096,0.17064604202057915
63,0.9,kappa_minus20,10,1,Adjusted_minus_Heston,-0.16013044804634513,0.015001177868506457,-0.18954090924035313,-0.13071998685233713,-0.21949113959029737,-0.1007697565023929,4096,-0.19862829680229727
63,0.9,kappa_minus20,10,5,Heston_minus_BS,0.15948469541687,0.014737460489701875,0.13059126360572137,0.1883781272280186,0.10116755166064603,0.21780183917309395,4096,0.1875257931378003
63,0.9,kappa_minus20,10,5,Adjusted_minus_Heston,-0.1748194427410546,0.023910786950089444,-0.22169757976989135,-0.12794130571221785,-0.2694360695925521,-0.08020281588955709,4096,-0.2206835541947924
63,0.9,kappa_plus20,0,1,Heston_minus_BS,0.11869137323299934,0.007360254029090322,0.10426127531681792,0.13312147114918077,0.08956634232304575,0.14781640414295294,4096,0.13273781804415274
63,0.9,kappa_plus20,0,1,Adjusted_minus_Heston,-0.14135524563595955,0.01199519352515419,-0.16487234387841157,-0.11783814739350752,-0.18882105059461934,-0.09388944067729978,4096,-0.1641298898765404
63,0.9,kappa_plus20,0,5,Heston_minus_BS,0.14044632493809486,0.012213483728226636,0.11650125926516709,0.16439139061102265,0.09211673064734177,0.18877591922884795,4096,0.16061424120054466
63,0.9,kappa_plus20,0,5,Adjusted_minus_Heston,-0.17408058601173923,0.0204838462128073,-0.21424005678306854,-0.13392111524040992,-0.25513657290360514,-0.09302459911987332,4096,-0.2073410881159503
63,0.9,kappa_plus20,5,1,Heston_minus_BS,0.11930852271298398,0.007881042924544307,0.1038573955326822,0.13475964989328576,0.08812269436075344,0.15049435106521453,4096,0.13682237491033306
63,0.9,kappa_plus20,5,1,Adjusted_minus_Heston,-0.13964122881746927,0.012711095984948927,-0.16456188494697835,-0.11472057268796018,-0.1899399089985907,-0.08934254863634784,4096,-0.16835459559398774
63,0.9,kappa_plus20,5,5,Heston_minus_BS,0.13360772980373403,0.012621117978831153,0.10886347946585259,0.15835198014161547,0.0836650987751335,0.18355036083233456,4096,0.15615871309445345
63,0.9,kappa_plus20,5,5,Adjusted_minus_Heston,-0.1600214751788242,0.021125804647372327,-0.20143953336198456,-0.11860341699566385,-0.24361773570468626,-0.07642521465296216,4096,-0.197444056902175
63,0.9,kappa_plus20,10,1,Heston_minus_BS,0.11808486998914067,0.008548323804731821,0.1013255096417981,0.13484423033648324,0.08425856534570196,0.15191117463257936,4096,0.13912020496594718
63,0.9,kappa_plus20,10,1,Adjusted_minus_Heston,-0.13501240204983628,0.01372731500600128,-0.16192539973713857,-0.108099404362534,-0.18933233072081324,-0.08069247337885932,4096,-0.1697493718793665
63,0.9,kappa_plus20,10,5,Heston_minus_BS,0.12649526867430727,0.01307546067412091,0.10086025973561932,0.15213027761299522,0.074754772382942,0.17823576496567256,4096,0.1514458013097546
63,0.9,kappa_plus20,10,5,Adjusted_minus_Heston,-0.14555956476270557,0.021856646456238957,-0.18841047007607403,-0.10270865944933712,-0.2320478165417768,-0.05907131298363434,4096,-0.18717109693447226
63,0.9,theta_minus20,0,1,Heston_minus_BS,0.15967578356892312,0.008655885846082923,0.14270554316463874,0.1766460239732075,0.12542384853736102,0.19392771860048522,4096,0.17574232098816545
63,0.9,theta_minus20,0,1,Adjusted_minus_Heston,-0.1838350362748689,0.012721339428322835,-0.20877577512031417,-0.15889429742942365,-0.23417425046523924,-0.1334958220844986,4096,-0.2088792170031165
63,0.9,theta_minus20,0,5,Heston_minus_BS,0.19218185677874444,0.014384561182802296,0.16398029939651995,0.22038341416096893,0.1352611598273357,0.2491025537301532,4096,0.21501196166213454
63,0.9,theta_minus20,0,5,Adjusted_minus_Heston,-0.22403561404787398,0.02179875057735864,-0.26677301197442066,-0.1812982161213273,-0.31029476785623883,-0.13777646023950912,4096,-0.26021012049464254
63,0.9,theta_minus20,5,1,Heston_minus_BS,0.16170474504332596,0.009219946874216503,0.1436286384781048,0.17978085160854712,0.12522078176728205,0.19818870831936988,4096,0.18209011410049397
63,0.9,theta_minus20,5,1,Adjusted_minus_Heston,-0.18294259685674796,0.013532612509563372,-0.20947387183760294,-0.156411321875893,-0.2364920743714759,-0.12939311934202002,4096,-0.21439296308309588
63,0.9,theta_minus20,5,5,Heston_minus_BS,0.18442837831642503,0.014859564599976598,0.15529555609018086,0.2135612005426692,0.12562806020617362,0.24322869642667644,4096,0.21031298357932837
63,0.9,theta_minus20,5,5,Adjusted_minus_Heston,-0.20983882471037432,0.022504105827275193,-0.2539591022606079,-0.16571854716014073,-0.298889117707023,-0.1207885317137257,4096,-0.2504766627450946
63,0.9,theta_minus20,10,1,Heston_minus_BS,0.1624320226436774,0.009990031320355194,0.14284613205230856,0.18201791323504624,0.12290078230241024,0.20196326298494455,4096,0.18721663424825677
63,0.9,theta_minus20,10,1,Adjusted_minus_Heston,-0.17882544734061528,0.014659076758181264,-0.2075652044393956,-0.15008569024183496,-0.23683242128553214,-0.12081847339569843,4096,-0.21677263068846592
63,0.9,theta_minus20,10,5,Heston_minus_BS,0.17664903486854755,0.015401164543624349,0.14645438241370715,0.20684368732338795,0.1157055685684069,0.23759250116868819,4096,0.20561164983059838
63,0.9,theta_minus20,10,5,Adjusted_minus_Heston,-0.19519276521485457,0.023303191202061358,-0.24087968437229068,-0.14950584605741846,-0.2874050939440138,-0.10298043648569531,4096,-0.2403212433824358
63,0.9,theta_plus20,0,1,Heston_minus_BS,0.1089043330324123,0.007106406816004088,0.09497191361022123,0.12283675245460338,0.08078379298626873,0.13702487307855588,4096,0.12280347507308426
63,0.9,theta_plus20,0,1,Adjusted_minus_Heston,-0.12366088985759191,0.012371054691600424,-0.1479148802525801,-0.09940689946260373,-0.172614003276983,-0.07470777643820083,4096,-0.14662347565421885
63,0.9,theta_plus20,0,5,Heston_minus_BS,0.1272303717760288,0.01177011157799777,0.10415455647351267,0.15030618707854496,0.08065523154745763,0.17380551200459998,4096,0.14716674835465157
63,0.9,theta_plus20,0,5,Adjusted_minus_Heston,-0.15533139439188348,0.021053936029578068,-0.19660855102629662,-0.11405423775747034,-0.23864326585910156,-0.07201952292466542,4096,-0.1890304561206458
63,0.9,theta_plus20,5,1,Heston_minus_BS,0.108525207612887,0.007605843203961326,0.09361362144554791,0.1234367937802261,0.07842836346374389,0.13862205176203013,4096,0.1255599011134203
63,0.9,theta_plus20,5,1,Adjusted_minus_Heston,-0.12157945271737483,0.013061892589088275,-0.14718786083565874,-0.09597104459909093,-0.17326625916401428,-0.06989264627073537,4096,-0.15065434750466036
63,0.9,theta_plus20,5,5,Heston_minus_BS,0.12049504894601419,0.012155736224101266,0.09666319976475243,0.14432689812727595,0.07239396549686747,0.1685961323951609,4096,0.14256918834738333
63,0.9,theta_plus20,5,5,Adjusted_minus_Heston,-0.14060598215200867,0.021698267788438117,-0.18314637920368293,-0.09806558510033442,-0.2264675186605274,-0.05474444564348997,4096,-0.17859455002680558
63,0.9,theta_plus20,10,1,Heston_minus_BS,0.10611560457211228,0.008226855279067165,0.0899864972410348,0.12224471190318975,0.07356137297255974,0.1386698361716648,4096,0.1263252934171534
63,0.9,theta_plus20,10,1,Adjusted_minus_Heston,-0.11662884940603185,0.014066730297722223,-0.14420728552445686,-0.08905041328760685,-0.17229186770728686,-0.06096583110477685,4096,-0.151902172119995
63,0.9,theta_plus20,10,5,Heston_minus_BS,0.11339840768853064,0.012579851306464015,0.08873506245536152,0.13806175292169975,0.06361907171788511,0.16317774365917617,4096,0.13762288028945235
63,0.9,theta_plus20,10,5,Adjusted_minus_Heston,-0.12551412147703028,0.02243553771763874,-0.16949996826820707,-0.08152827468585348,-0.2142930857525905,-0.03673515720147005,4096,-0.1678198122085257
63,0.9,xi_minus20,0,1,Heston_minus_BS,0.1075281261210036,0.006545896974999221,0.09469461060304138,0.12036164163896582,0.08162556202787447,0.13343069021413273,4096,0.11954513580354016
63,0.9,xi_minus20,0,1,Adjusted_minus_Heston,-0.12951579078012215,0.010156240885131554,-0.14942754244705297,-0.10960403911319133,-0.16970473378932832,-0.089326847770916,4096,-0.14859551642404262
63,0.9,xi_minus20,0,5,Heston_minus_BS,0.127454729772267,0.01092594228944174,0.10603394504934108,0.1488755144951929,0.08422002542067147,0.1706894341238625,4096,0.1452754299953389
63,0.9,xi_minus20,0,5,Adjusted_minus_Heston,-0.1583110013311866,0.017288678815960978,-0.19220620755229068,-0.12441579511008255,-0.22672349129647612,-0.0898985113658971,4096,-0.1862912917847852
63,0.9,xi_minus20,5,1,Heston_minus_BS,0.10767575253343138,0.006952109026372737,0.09404584063391966,0.1213056644329431,0.08016577944252998,0.1351857256243328,4096,0.1226490597361983
63,0.9,xi_minus20,5,1,Adjusted_minus_Heston,-0.12831876219213129,0.010752819028669211,-0.14940013123801094,-0.10723739314625165,-0.17086840590569674,-0.08576911847856582,4096,-0.15241345356169592
63,0.9,xi_minus20,5,5,Heston_minus_BS,0.12064565626696103,0.011265522714215397,0.09855910936238553,0.1427322031715365,0.07606720884225172,0.16522410369167034,4096,0.14056520451583737
63,0.9,xi_minus20,5,5,Adjusted_minus_Heston,-0.14681164160966653,0.017825442637364124,-0.18175919663151824,-0.11186408658781484,-0.21734814289683752,-0.07627514032249556,4096,-0.17830540759796532
63,0.9,xi_minus20,10,1,Heston_minus_BS,0.106776673010272,0.0074980027115682515,0.09207651281524458,0.12147683320529941,0.0771065610991575,0.13644678492138648,4096,0.12474414228146506
63,0.9,xi_minus20,10,1,Adjusted_minus_Heston,-0.1245839077996538,0.011599832229720622,-0.1473258830391733,-0.1018419325601343,-0.17048524094734196,-0.07868257465196563,4096,-0.15376539097363814
63,0.9,xi_minus20,10,5,Heston_minus_BS,0.1137813068045897,0.01165025019083165,0.09094048496104119,0.1366221286481382,0.06768046632060963,0.15988214728856975,4096,0.13581134455601276
63,0.9,xi_minus20,10,5,Adjusted_minus_Heston,-0.13496434118203132,0.01843662311195865,-0.1711101420875169,-0.09881854027654574,-0.20791932560086746,-0.062009356763195175,4096,-0.1699937939877325
63,0.9,xi_plus20,0,1,Heston_minus_BS,0.16050484048160985,0.009213130437781453,0.1424420978362763,0.1785675831269434,0.124047850312891,0.19696183065032868,4096,0.1784471059591295
63,0.9,xi_plus20,0,1,Adjusted_minus_Heston,-0.17411938455285303,0.014856378894291974,-0.203245961064645,-0.14499280804106107,-0.23290709660682324,-0.11533167249888282,4096,-0.20299656163134905
63,0.9,xi_plus20,0,5,Heston_minus_BS,0.19109473456421078,0.015200381167837335,0.16129372664406944,0.22089574248435212,0.13094578187771566,0.2512436872507059,4096,0.21597094269436568
63,0.9,xi_plus20,0,5,Adjusted_minus_Heston,-0.21699388985502457,0.025457024315930298,-0.2669034924423265,-0.16708428726772265,-0.3177290842038189,-0.11625869550623025,4096,-0.25874977789536535
63,0.9,xi_plus20,5,1,Heston_minus_BS,0.1620485389819702,0.009876422835195959,0.1426853827634202,0.1814116952005202,0.12296685522242126,0.20113022274151912,4096,0.18448553608635582
63,0.9,xi_plus20,5,1,Adjusted_minus_Heston,-0.1723628860232084,0.015759071350605648,-0.20325923032851967,-0.14146654171789713,-0.23472261415004872,-0.11000315789636808,4096,-0.20873778846065755
63,0.9,xi_plus20,5,5,Heston_minus_BS,0.1834142162358182,0.015720927507663032,0.15259265459240773,0.21423577787922865,0.12120542591633304,0.24562300655530334,4096,0.2113825427745522
63,0.9,xi_plus20,5,5,Adjusted_minus_Heston,-0.19954032459703872,0.026269510060959057,-0.2510428407998121,-0.14803780839426534,-0.30349058086412173,-0.09559006832995569,4096,-0.24653204507210608
63,0.9,xi_plus20,10,1,Heston_minus_BS,0.16134582481003806,0.010724887803564122,0.14031921614492684,0.18237243347514928,0.11890670687334434,0.20378494274673178,4096,0.18835983335200585
63,0.9,xi_plus20,10,1,Adjusted_minus_Heston,-0.1671110420012975,0.017042922085099218,-0.2005244314704417,-0.13369765253215332,-0.23455105569682944,-0.09967102830576556,4096,-0.21108820861375793
63,0.9,xi_plus20,10,5,Heston_minus_BS,0.17540856717504405,0.016300461136472388,0.1434508046646001,0.207366329685488,0.11090652246709372,0.2399106118829944,4096,0.20649354167521974
63,0.9,xi_plus20,10,5,Adjusted_minus_Heston,-0.18163400155416023,0.02719477383580875,-0.23495053760143986,-0.1283174655068806,-0.2892455901524167,-0.0740224129559038,4096,-0.23389424202686682
63,0.9,rho_minus10pp,0,1,Heston_minus_BS,0.1446656484522017,0.00864254732392836,0.12772155880032163,0.16160973810408177,0.11046649486928381,0.1788648020351196,4096,0.16152223699827195
63,0.9,rho_minus10pp,0,1,Adjusted_minus_Heston,-0.15417073563041567,0.01459191814709655,-0.18277882535330967,-0.12556264590752167,-0.21191195833685883,-0.09642951292397252,4096,-0.18196783029039576
63,0.9,rho_minus10pp,0,5,Heston_minus_BS,0.170656583611282,0.01425363641195668,0.14271170993256677,0.19860145728999723,0.11425396497383987,0.2270592022487241,4096,0.19429353987977804
63,0.9,rho_minus10pp,0,5,Adjusted_minus_Heston,-0.19409323556179575,0.024950953475355843,-0.24301066427124632,-0.14517580685234519,-0.2928258728227366,-0.09536059830085493,4096,-0.23462851024861847
63,0.9,rho_minus10pp,5,1,Heston_minus_BS,0.14510736855784123,0.00926204373599456,0.12694872926548587,0.1632660078501966,0.10845682510730169,0.18175791200838076,4096,0.16599576910282599
63,0.9,rho_minus10pp,5,1,Adjusted_minus_Heston,-0.15200733017733356,0.015435812112639625,-0.18226991069708476,-0.12174474965758235,-0.2130878992886729,-0.09092676106599423,4096,-0.18713874837568506
63,0.9,rho_minus10pp,5,5,Heston_minus_BS,0.16299025636315542,0.014735057425931215,0.13410153586297138,0.19187897686333946,0.10468262169538445,0.2212978910309264,4096,0.18938414177150825
63,0.9,rho_minus10pp,5,5,Adjusted_minus_Heston,-0.1767141833318142,0.025730884808812936,-0.22716070131796667,-0.12626766534566175,-0.2785330624676685,-0.07489530419595992,4096,-0.22238245878624657
63,0.9,rho_minus10pp,10,1,Heston_minus_BS,0.14334854523315138,0.010041355498646884,0.12366203135958474,0.163035059106718,0.10361421159194302,0.18308287887435976,4096,0.16833264964543931
63,0.9,rho_minus10pp,10,1,Adjusted_minus_Heston,-0.1464138383496681,0.016657645134903424,-0.1790718756130053,-0.11375580108633088,-0.21232928468122114,-0.08049839201811503,4096,-0.1889818226350938
63,0.9,rho_minus10pp,10,5,Heston_minus_BS,0.15497779981954823,0.015267370198013344,0.1250454569942624,0.18491014264483407,0.09456376693788691,0.21539183270120954,4096,0.1841481184051294
63,0.9,rho_minus10pp,10,5,Adjusted_minus_Heston,-0.1588969470577431,0.026622236568191654,-0.21109099890818328,-0.10670289520730292,-0.2642429663494862,-0.053550927766000025,4096,-0.20973022930925306
63,0.9,rho_plus10pp,0,1,Heston_minus_BS,0.11991505117123372,0.007053271351520424,0.10608680613654212,0.13374329620592532,0.09200477180894492,0.1478253305335225,4096,0.13285934765648372
63,0.9,rho_plus10pp,0,1,Adjusted_minus_Heston,-0.14318469958754398,0.010441404883690749,-0.16365552766747837,-0.12271387150760958,-0.18450205613242657,-0.1018673430426614,4096,-0.1631660399435954
63,0.9,rho_plus10pp,0,5,Heston_minus_BS,0.1436809795748959,0.011756137801542013,0.12063256046845103,0.16672939868134076,0.09716113453988653,0.19020082460990526,4096,0.1625638768447754
63,0.9,rho_plus10pp,0,5,Adjusted_minus_Heston,-0.17410230785050246,0.01780580846766437,-0.2090113692293154,-0.1391932464716895,-0.24456111537912426,-0.10364350032188066,4096,-0.20317287548533947
63,0.9,rho_plus10pp,5,1,Heston_minus_BS,0.12096132259703582,0.007491794158067527,0.1062733345409834,0.13564931065308825,0.09131577835870816,0.15060686683536348,4096,0.13727061332427887
63,0.9,rho_plus10pp,5,1,Adjusted_minus_Heston,-0.14220325769069653,0.011080915020714214,-0.1639278731887236,-0.12047864219266947,-0.18605119978798282,-0.09835531559341024,4096,-0.16735553084320254
63,0.9,rho_plus10pp,5,5,Heston_minus_BS,0.13681585184357042,0.012127308504525536,0.11303973644206547,0.16059196724507538,0.08882725883402949,0.18480444485311137,4096,0.15809421345449276
63,0.9,rho_plus10pp,5,5,Adjusted_minus_Heston,-0.16241764237604814,0.01836867048705229,-0.19843021920704054,-0.12640506554505573,-0.2351037335891623,-0.08973155116293396,4096,-0.1951029832927424
63,0.9,rho_plus10pp,10,1,Heston_minus_BS,0.1208924946056991,0.008093434201392729,0.10502496509616355,0.13676002411523466,0.08886621937775396,0.15291876983364425,4096,0.1406204034421782
63,0.9,rho_plus10pp,10,1,Adjusted_minus_Heston,-0.13861398409867165,0.01197517960028249,-0.16209184417156536,-0.11513612402577794,-0.18600059258147422,-0.09122737561586908,4096,-0.1690112906053185
63,0.9,rho_plus10pp,10,5,Heston_minus_BS,0.12990816555522994,0.012551071833242812,0.10530124373012753,0.15451508738033234,0.08024271193753403,0.17957361917292586,4096,0.15359790521955563
63,0.9,rho_plus10pp,10,5,Adjusted_minus_Heston,-0.15037132645354412,0.019007492375957717,-0.18763634136228105,-0.11310631154480719,-0.22558527977396997,-0.07515737313311827,4096,-0.18669425461678774
63,1.0,reference,0,1,Heston_minus_BS,0.3854287048764937,0.011251766299439716,0.3633691280209687,0.40748828173201873,0.34090469253024347,0.429952717222744,4096,0.40422417829189045
63,1.0,reference,0,1,Adjusted_minus_Heston,-0.5238898223436461,0.020486454289733703,-0.5640544063631422,-0.4837252383241501,-0.6049561295751086,-0.44282351511218365,4096,-0.55994946580352
63,1.0,reference,0,5,Heston_minus_BS,0.43096730568150066,0.015405324158078045,0.4007644981217382,0.4611701132412631,0.37000737950116314,0.4919272318618382,4096,0.45544812623749525
63,1.0,reference,0,5,Adjusted_minus_Heston,-0.5888283726739558,0.02825233621831107,-0.6442183057360209,-0.5334384396118907,-0.7006248082839928,-0.4770319370639189,4096,-0.632875892218714
63,1.0,reference,5,1,Heston_minus_BS,0.3584475045206046,0.011390742815249174,0.33611545816562294,0.38077955087558624,0.3133735525523372,0.403521456488872,4096,0.38048423231943085
63,1.0,reference,5,1,Adjusted_minus_Heston,-0.46236597695368115,0.020725797516928525,-0.5029998037724537,-0.42173215013490867,-0.5443793817802247,-0.38035257212713763,4096,-0.5049470769424985
63,1.0,reference,5,5,Heston_minus_BS,0.40483690660077487,0.01572041959933424,0.37401634073371776,0.435657472467832,0.3426301261094447,0.46704368709210503,4096,0.43117655358871887
63,1.0,reference,5,5,Adjusted_minus_Heston,-0.5341325156161939,0.028839664579077627,-0.5906739314560701,-0.4775910997763178,-0.6482530499046202,-0.4200119813277676,4096,-0.581878293975271
63,1.0,reference,10,1,Heston_minus_BS,0.33356779172685835,0.011797330466816195,0.3104386126098234,0.3566969708438933,0.2868849444850458,0.3802506389686709,4096,0.35891216142622906
63,1.0,reference,10,1,Adjusted_minus_Heston,-0.40342835934387344,0.021472387030357518,-0.445525907352077,-0.3613308113356699,-0.48839607017259096,-0.31846064851515593,4096,-0.4526802195640061
63,1.0,reference,10,5,Heston_minus_BS,0.37977388062951567,0.016129626213187375,0.34815104741101777,0.4113967138480136,0.3159478414509275,0.4435999198081038,4096,0.4079792917176566
63,1.0,reference,10,5,Adjusted_minus_Heston,-0.481052025900233,0.02959985527997227,-0.5390838286487027,-0.4230202231517632,-0.5981806870241609,-0.3639233647763051,4096,-0.5325185647630177
63,1.0,kappa_minus20,0,1,Heston_minus_BS,0.4145348233285583,0.012279038537367497,0.39046123460315973,0.43860841205395684,0.3659458241538192,0.46312382250329737,4096,0.43340448354162026
63,1.0,kappa_minus20,0,1,Adjusted_minus_Heston,-0.5548958146150066,0.021896849251291397,-0.5978255392553735,-0.5119660899746397,-0.6415431516164004,-0.4682484776136127,4096,-0.5918844515888078
63,1.0,kappa_minus20,0,5,Heston_minus_BS,0.4643242318241251,0.01645876176030875,0.43205611406057126,0.4965923495876789,0.39919578067095196,0.5294526829772982,4096,0.48981269431121843
63,1.0,kappa_minus20,0,5,Adjusted_minus_Heston,-0.6244589672192513,0.029983171536809183,-0.6832422781489822,-0.5656756562895204,-0.7431044371088195,-0.5058134973296832,4096,-0.6703851080657842
63,1.0,kappa_minus20,5,1,Heston_minus_BS,0.3859334409357249,0.012316812272493328,0.361785795160886,0.4100810867105638,0.3371949684956914,0.4346719133757584,4096,0.407922864515737
63,1.0,kappa_minus20,5,1,Adjusted_minus_Heston,-0.4896154827335023,0.02206859977351482,-0.5328819317373279,-0.4463490337296767,-0.5769424483521677,-0.40228851711483693,4096,-0.5334573115991138
63,1.0,kappa_minus20,5,5,Heston_minus_BS,0.4366932905224121,0.01672984800573668,0.4038936963927174,0.46949288465210687,0.37049213246997353,0.5028944485748507,4096,0.46401633611671855
63,1.0,kappa_minus20,5,5,Adjusted_minus_Heston,-0.5665904926705999,0.030561102564311955,-0.6265068624978503,-0.5066741228433496,-0.6875228753451497,-0.44565810999605016,4096,-0.6164101004287099
63,1.0,kappa_minus20,10,1,Heston_minus_BS,0.3605834564818742,0.012639149776584653,0.3358038540207971,0.38536305894295125,0.31056947239061344,0.4105974405731349,4096,0.385764480983788
63,1.0,kappa_minus20,10,1,Adjusted_minus_Heston,-0.4272402108223874,0.0227806097520239,-0.4719025863345341,-0.3825778353102407,-0.5173846488476179,-0.3370957727971568,4096,-0.4780933855002587
63,1.0,kappa_minus20,10,5,Heston_minus_BS,0.41044666816420716,0.01710459657324003,0.3769123631805597,0.4439809731478546,0.34276260428149996,0.47813073204691436,4096,0.43961405508913354
63,1.0,kappa_minus20,10,5,Adjusted_minus_Heston,-0.5104987588313887,0.031324914619244616,-0.571912615389216,-0.4490849022735615,-0.6344535982881888,-0.38654391937458865,4096,-0.5642369889463581
63,1.0,kappa_plus20,0,1,Heston_minus_BS,0.3614418985188058,0.01043468706200927,0.34098424102024866,0.381899556017363,0.3201511248558927,0.40273267218171893,4096,0.3801972851006795
63,1.0,kappa_plus20,0,1,Adjusted_minus_Heston,-0.4965060582851159,0.019264540130866044,-0.5342750264891877,-0.45873709008104413,-0.5727371672332483,-0.4202749493369835,4096,-0.5316028868379439
63,1.0,kappa_plus20,0,5,Heston_minus_BS,0.40342441555417724,0.014563084053521802,0.374872856324927,0.4319759747834275,0.3457972913371756,0.46105153977117885,4096,0.42707964244914287
63,1.0,kappa_plus20,0,5,Adjusted_minus_Heston,-0.5573531006777119,0.026728918301489983,-0.6097563067028964,-0.5049498946525275,-0.6631212669181283,-0.4515849344372955,4096,-0.5996296039291741
63,1.0,kappa_plus20,5,1,Heston_minus_BS,0.3358920192303703,0.01065421917200114,0.31500395948884596,0.3567800789718947,0.29373254192435333,0.3780514965363873,4096,0.35798492012901517
63,1.0,kappa_plus20,5,1,Adjusted_minus_Heston,-0.4383342369508327,0.01955580675814209,-0.4766742460367405,-0.39999422786492483,-0.5157179079557805,-0.36095056594588476,4096,-0.479640528050736
63,1.0,kappa_plus20,5,5,Heston_minus_BS,0.37862939378942373,0.014910649938386911,0.3493964165369497,0.40786237104189776,0.3196269274850522,0.43763186009379523,4096,0.4041608413163301
63,1.0,kappa_plus20,5,5,Adjusted_minus_Heston,-0.505501677375818,0.027319593553675883,-0.5590629279049041,-0.45194042684673186,-0.6136071861739322,-0.3973961685777038,4096,-0.5512958825364205
63,1.0,kappa_plus20,10,1,Heston_minus_BS,0.31146752614108253,0.01112560518127894,0.2896552936409398,0.3332797586412253,0.2674427420078184,0.35549231027434663,4096,0.3369617317246462
63,1.0,kappa_plus20,10,1,Adjusted_minus_Heston,-0.38247824201093583,0.020324577795723338,-0.422325460128431,-0.3426310238934407,-0.462903992833202,-0.30205249118866967,4096,-0.43013732421382334
63,1.0,kappa_plus20,10,5,Heston_minus_BS,0.3546330350565852,0.015344208085013996,0.3245500482142981,0.38471602189887233,0.29391494937659596,0.4153511207365745,4096,0.3820451512445593
63,1.0,kappa_plus20,10,5,Adjusted_minus_Heston,-0.4551274548062926,0.0280716603605278,-0.5101631649966201,-0.4000917446159651,-0.5662089436329955,-0.34404596597958975,4096,-0.5044596053837616
63,1.0,theta_minus20,0,1,Heston_minus_BS,0.4044094626632322,0.012133923025266979,0.3806203792063326,0.42819854612013175,0.35639469554063924,0.45242422978582514,4096,0.42077211326972114
63,1.0,theta_minus20,0,1,Adjusted_minus_Heston,-0.5461407047458735,0.02127068290220928,-0.587842803044356,-0.504438606447391,-0.630310258480588,-0.46197115101115904,4096,-0.581104753437146
63,1.0,theta_minus20,0,5,Heston_minus_BS,0.4536467549726503,0.01608813360352631,0.42210526981874913,0.48518824012655143,0.3899849049014132,0.5173086050438873,4096,0.4761416656999298
63,1.0,theta_minus20,0,5,Adjusted_minus_Heston,-0.6145241430688262,0.02904477388504146,-0.671467684617527,-0.5575806015201253,-0.7294563089738386,-0.4995919771638137,4096,-0.6585069852709017
63,1.0,theta_minus20,5,1,Heston_minus_BS,0.3780971422945111,0.012097069038492026,0.35438031268043574,0.4018139719085864,0.33022820892979293,0.4259660756592292,4096,0.3972098634516494
63,1.0,theta_minus20,5,1,Adjusted_minus_Heston,-0.482794307369833,0.021398983015430553,-0.524747943616479,-0.4408406711231869,-0.5674715534679565,-0.3981170612717094,4096,-0.5244669240276509
63,1.0,theta_minus20,5,5,Heston_minus_BS,0.4270154579079096,0.01632220704399496,0.3950150616006447,0.45901585421517455,0.36242736314974955,0.4916035526660697,4096,0.4511434857524652
63,1.0,theta_minus20,5,5,Adjusted_minus_Heston,-0.5583132496460932,0.02958407972993105,-0.6163141237430685,-0.5003123755491179,-0.6753794858345833,-0.4412470134576031,4096,-0.6060903926266816
63,1.0,theta_minus20,10,1,Heston_minus_BS,0.3558758797732233,0.012361371147387152,0.3316408743875325,0.38011088515891417,0.3069610848036323,0.4047906747428143,4096,0.3777924026841703
63,1.0,theta_minus20,10,1,Adjusted_minus_Heston,-0.4222361686771044,0.022063227518716626,-0.4654920851419086,-0.3789802522123002,-0.5095418759144102,-0.33493046143979854,4096,-0.4707768066300567
63,1.0,theta_minus20,10,5,Heston_minus_BS,0.4019641839797057,0.016667325159972116,0.369287168606507,0.43464119935290435,0.3360104331238495,0.4679179348355619,4096,0.42773025367324524
63,1.0,theta_minus20,10,5,Adjusted_minus_Heston,-0.5038201164850982,0.030307210457760067,-0.5632387198027675,-0.4444015131674288,-0.6237478306493097,-0.3838924023208866,4096,-0.5554162788611179
63,1.0,theta_plus20,0,1,Heston_minus_BS,0.37362481952486093,0.01078400370783839,0.3524823115601182,0.39476732748960364,0.33095177589315006,0.4162978631565718,4096,0.3948224362175136
63,1.0,theta_plus20,0,1,Adjusted_minus_Heston,-0.5053182978330382,0.01987855020033881,-0.5442910594644828,-0.4663455362015935,-0.5839790868141881,-0.4266575088518883,4096,-0.5423113197229549
63,1.0,theta_plus20,0,5,Heston_minus_BS,0.4160877789906253,0.015162416570135439,0.38636120231429993,0.4458143556669507,0.3560890548257521,0.47608650315549855,4096,0.4426897496075385
63,1.0,theta_plus20,0,5,Adjusted_minus_Heston,-0.5673479544304569,0.02762075008437479,-0.6214996354268757,-0.5131962734340382,-0.6766451603127578,-0.4580507485481561,4096,-0.6114497237916977
63,1.0,theta_plus20,5,1,Heston_minus_BS,0.34607034868184194,0.011077010870260938,0.32435338744046116,0.3677873099232227,0.3022378555761501,0.38990284178753376,4096,0.37095286727744103
63,1.0,theta_plus20,5,1,Adjusted_minus_Heston,-0.4454529922589434,0.02021450703697393,-0.48508441187000323,-0.4058215726478836,-0.5254431855259692,-0.36546279899191764,4096,-0.4887873554423945
63,1.0,theta_plus20,5,5,Heston_minus_BS,0.3904096590344319,0.01554629114161262,0.35993047957672775,0.4208888384921361,0.3288919168145256,0.4519274012543382,4096,0.4190779421275017
63,1.0,theta_plus20,5,5,Adjusted_minus_Heston,-0.5140191287575621,0.028248131479008693,-0.569400818245478,-0.4586374392696461,-0.6257989259252754,-0.4022393315898487,4096,-0.5617295061537415
63,1.0,theta_plus20,10,1,Heston_minus_BS,0.3188714692287433,0.011606556972073608,0.2961163098395693,0.3416266286179173,0.272943525813513,0.36479941264397364,4096,0.34751959441970093
63,1.0,theta_plus20,10,1,Adjusted_minus_Heston,-0.38800384039430935,0.02102983954917265,-0.42923375483160386,-0.34677392595701484,-0.4712203604329144,-0.3047873203557043,4096,-0.4378215905949053
63,1.0,theta_plus20,10,5,Heston_minus_BS,0.36535084902661774,0.016010217575111757,0.33396212163281813,0.39673957642041735,0.3019973180333616,0.4287043800198739,4096,0.3960945104998739
63,1.0,theta_plus20,10,5,Adjusted_minus_Heston,-0.46221886310206833,0.02903833871273447,-0.5191497882157752,-0.4052879379883615,-0.5771255645881068,-0.3473121616160299,4096,-0.513558465117707
63,1.0,xi_minus20,0,1,Heston_minus_BS,0.31259198319011916,0.009344268572918757,0.29427213853130924,0.3309118278489291,0.2756160704102714,0.3495678959699669,4096,0.3306241117542436
63,1.0,xi_minus20,0,1,Adjusted_minus_Heston,-0.43377200819618994,0.016506135466627405,-0.4661330041699426,-0.4014110122224373,-0.49908792036027333,-0.36845609603210655,4096,-0.46425593056543235
63,1.0,xi_minus20,0,5,Heston_minus_BS,0.34637555035119605,0.012851869434500089,0.32117890175553115,0.37157219894686094,0.29551981995777576,0.39723128074461633,4096,0.36809252204441445
63,1.0,xi_minus20,0,5,Adjusted_minus_Heston,-0.48580487660747124,0.02273726243546403,-0.5303822678215365,-0.4412274853934059,-0.5757777863227169,-0.3958319668922256,4096,-0.522128223554005
63,1.0,xi_minus20,5,1,Heston_minus_BS,0.2871960071408136,0.009486847190783104,0.2685966309049135,0.30579538337671375,0.24965590097362012,0.3247361133080071,4096,0.30803439044896463
63,1.0,xi_minus20,5,1,Adjusted_minus_Heston,-0.38392804553168514,0.01671974312514751,-0.4167078286038054,-0.3511482624595649,-0.4500892178773346,-0.3177668731860357,4096,-0.419643635804569
63,1.0,xi_minus20,5,5,Heston_minus_BS,0.3230789537198715,0.01312916989410518,0.2973386455210885,0.3488192619186545,0.2711259263547133,0.3750319810850297,4096,0.34648616127354
63,1.0,xi_minus20,5,5,Adjusted_minus_Heston,-0.4418145188473167,0.02321438087264469,-0.4873273214940474,-0.396301716200586,-0.5336754190008914,-0.349953618693742,4096,-0.48109144460886516
63,1.0,xi_minus20,10,1,Heston_minus_BS,0.2630421679691367,0.009834921412815579,0.2437603770929027,0.2823239588453707,0.22412470818947466,0.30195962774879875,4096,0.28672883441960106
63,1.0,xi_minus20,10,1,Adjusted_minus_Heston,-0.33608858337878234,0.01733030968916352,-0.37006540873616545,-0.3021117580213992,-0.40466580956975645,-0.2675113571878082,4096,-0.3771520467789625
63,1.0,xi_minus20,10,5,Heston_minus_BS,0.30053983644585747,0.013479618908674955,0.2741124577227578,0.32696721516895716,0.2472000582509906,0.3538796146407243,4096,0.3256435938732617
63,1.0,xi_minus20,10,5,Adjusted_minus_Heston,-0.3990995475636927,0.023827422139686024,-0.44581424425852323,-0.3523848508688622,-0.4933862941324981,-0.3048128009948873,4096,-0.4413470666145266
63,1.0,xi_plus20,0,1,Heston_minus_BS,0.4632453902344546,0.013286143894414447,0.43719732768564445,0.48929345278326475,0.4106712059645215,0.5158195745043876,4096,0.4820975517943752
63,1.0,xi_plus20,0,1,Adjusted_minus_Heston,-0.6028262437679721,0.024432154933755293,-0.6507265453885369,-0.5549259421474073,-0.6995059595535895,-0.5061465279823547,4096,-0.6432089040437574
63,1.0,xi_plus20,0,5,Heston_minus_BS,0.5210396302195728,0.018112192827533864,0.4855298889871258,0.5565493714520198,0.44936843872753657,0.592710821711609,4096,0.5476914883513082
63,1.0,xi_plus20,0,5,Adjusted_minus_Heston,-0.6802322834355766,0.033696194394858756,-0.7462951370543113,-0.614169429816842,-0.8135704398931142,-0.5468941269780391,4096,-0.7311607572440671
63,1.0,xi_plus20,5,1,Heston_minus_BS,0.4356876872304055,0.013420211846989924,0.4093767786336954,0.4619985958271156,0.3825829868604354,0.48879238760037563,4096,0.4581219242846001
63,1.0,xi_plus20,5,1,Adjusted_minus_Heston,-0.5300432731767039,0.02468213598652002,-0.5784336735159172,-0.4816528728374904,-0.6277121811640985,-0.4323743651893092,4096,-0.5782077331773443
63,1.0,xi_plus20,5,5,Heston_minus_BS,0.4925553204511847,0.01846530656295101,0.4563532843933854,0.528757356508984,0.41948683364595607,0.5656238072564134,4096,0.5211823404521918
63,1.0,xi_plus20,5,5,Adjusted_minus_Heston,-0.6150139884963435,0.03438633522065767,-0.6824298931990315,-0.5475980837936555,-0.751083079620561,-0.4789448973721259,4096,-0.6703723375903307
63,1.0,xi_plus20,10,1,Heston_minus_BS,0.4112942446228324,0.013889261149766165,0.38406374448215835,0.4385247447635064,0.3563334839337949,0.46625500531186986,4096,0.4373994985179695
63,1.0,xi_plus20,10,1,Adjusted_minus_Heston,-0.46048256959375183,0.02555443972843257,-0.5105831593311436,-0.4103819798563601,-0.5616032434231484,-0.35936189576435523,4096,-0.5166125390707406
63,1.0,xi_plus20,10,5,Heston_minus_BS,0.4654963902814478,0.018934952358257668,0.42837359323015384,0.5026191873327417,0.3905694827952244,0.5404232977676712,4096,0.4961052130988156
63,1.0,xi_plus20,10,5,Adjusted_minus_Heston,-0.5517644330717795,0.035287579463121,-0.6209472662817908,-0.48258159986176824,-0.6913998095871559,-0.41212905655640314,4096,-0.611580830516969
63,1.0,rho_minus10pp,0,1,Heston_minus_BS,0.46152486237542234,0.012997723135146239,0.43604226126053147,0.4870074634903132,0.41009197886706056,0.5129577458837842,4096,0.4829209502873399
63,1.0,rho_minus10pp,0,1,Adjusted_minus_Heston,-0.599433204677832,0.023974248407791488,-0.6464357606526623,-0.5524306487030017,-0.6943009528778397,-0.5045654564778244,4096,-0.6413598998174711
63,1.0,rho_minus10pp,0,5,Heston_minus_BS,0.5183370891128154,0.01798027018021456,0.48308598796407415,0.5535881902615567,0.44718792460051543,0.5894862536251153,4096,0.5469192488838084
63,1.0,rho_minus10pp,0,5,Adjusted_minus_Heston,-0.6762919821117468,0.03317655723069904,-0.7413360644856202,-0.6112478997378734,-0.8075738986068732,-0.5450100656166204,4096,-0.7275483243789651
63,1.0,rho_minus10pp,5,1,Heston_minus_BS,0.4321158910291296,0.013222676772529139,0.4061922585311905,0.4580395235270687,0.3797928505212691,0.48443893153699014,4096,0.4574721311061456
63,1.0,rho_minus10pp,5,1,Adjusted_minus_Heston,-0.5277677704397272,0.02428061218899845,-0.5753709659228292,-0.4801645749566252,-0.6238478211719678,-0.4316877197074867,4096,-0.57736431145894
63,1.0,rho_minus10pp,5,5,Heston_minus_BS,0.48946397972849137,0.01837960072497943,0.45342997369099164,0.5254979857659912,0.4167346368128921,0.5621933226440907,4096,0.5202529709941084
63,1.0,rho_minus10pp,5,5,Adjusted_minus_Heston,-0.6121937715230458,0.0338874653532632,-0.6786316201687712,-0.5457559228773203,-0.7462888003050558,-0.4780987427410357,4096,-0.6678193196511999
63,1.0,rho_minus10pp,10,1,Heston_minus_BS,0.4046786575128537,0.013760480307467779,0.3777006378105925,0.4316566772151149,0.3502274914652139,0.4591298235604935,4096,0.43409645500554006
63,1.0,rho_minus10pp,10,1,Adjusted_minus_Heston,-0.45919481344953583,0.025186508311696054,-0.508574057653341,-0.4098155692457307,-0.5588595573826489,-0.35953006951642275,4096,-0.5166396496892024
63,1.0,rho_minus10pp,10,5,Heston_minus_BS,0.4617141982670467,0.018886154052591267,0.4246870724148889,0.49874132411920447,0.3869803890292357,0.5364480075048577,4096,0.4947218750685945
63,1.0,rho_minus10pp,10,5,Adjusted_minus_Heston,-0.5500012370176361,0.03480202740289622,-0.618232124310461,-0.4817703497248113,-0.6877152506688307,-0.4122872233664416,4096,-0.6100238647278211
63,1.0,rho_plus10pp,0,1,Heston_minus_BS,0.31686117661122015,0.009607313706888831,0.29802562053476606,0.33569673268767425,0.2788443761626436,0.3548779770597967,4096,0.3332408335270124
63,1.0,rho_plus10pp,0,1,Adjusted_minus_Heston,-0.44391145908742624,0.01698729813703835,-0.4772157953888631,-0.4106071227859894,-0.5111313649986068,-0.3766915531762457,4096,-0.4740227485301004
63,1.0,rho_plus10pp,0,5,Heston_minus_BS,0.3519733614669355,0.013006149070324519,0.3264742409399187,0.3774724819939522,0.3005071359541343,0.40343958697973664,4096,0.3725572218895161
63,1.0,rho_plus10pp,0,5,Adjusted_minus_Heston,-0.4971369598101574,0.023345161843141587,-0.5429061642335637,-0.45136775538675095,-0.5895153692498384,-0.4047585503704763,4096,-0.5338705624323181
63,1.0,rho_plus10pp,5,1,Heston_minus_BS,0.29254406955805223,0.009673024019297382,0.27357968555821255,0.3115084535578919,0.254267248888375,0.3308208902277295,4096,0.31147116359911825
63,1.0,rho_plus10pp,5,1,Adjusted_minus_Heston,-0.39273070667730825,0.017171418146225564,-0.42639601825900025,-0.35906539509561625,-0.46067918811557307,-0.32478222523904343,4096,-0.42822079707119637
63,1.0,rho_plus10pp,5,5,Heston_minus_BS,0.32869337703869883,0.013247123845971138,0.30272181499075534,0.3546649390866423,0.2762735977814905,0.38111315629590714,4096,0.350808834283609
63,1.0,rho_plus10pp,5,5,Adjusted_minus_Heston,-0.45190036255275473,0.02381725042153961,-0.4985951171520749,-0.4052056079534346,-0.5461468589339646,-0.3576538661715449,4096,-0.49166998710162574
63,1.0,rho_plus10pp,10,1,Heston_minus_BS,0.27042715453102695,0.009962556986723988,0.25089512856483454,0.28995918049721936,0.23100463201567675,0.30984967704637717,4096,0.29193413676970775
63,1.0,rho_plus10pp,10,1,Adjusted_minus_Heston,-0.3436395448282242,0.017770951602273276,-0.37848026780748506,-0.3087988218489633,-0.4139604213455076,-0.27331866831094076,4096,-0.3846300228339202
63,1.0,rho_plus10pp,10,5,Heston_minus_BS,0.3064172169389234,0.013569371481679905,0.27981387439561156,0.3330205594822352,0.25272228164585236,0.3601121522319944,4096,0.33006668501078895
63,1.0,rho_plus10pp,10,5,Adjusted_minus_Heston,-0.407989334303845,0.024431380480616736,-0.45588811757537234,-0.36009055103231763,-0.5046659855251812,-0.3113126830825088,4096,-0.4508126206516284
63,1.1,reference,0,1,Heston_minus_BS,0.24495973874951624,0.00905959677111829,0.2271980055305725,0.26272147196845996,0.2091102918489522,0.2808091856500803,4096,0.24330332197237425
63,1.1,reference,0,1,Adjusted_minus_Heston,-0.413463638841229,0.018554851056269837,-0.4498412307699723,-0.3770860469124857,-0.4868864593590468,-0.3400408183234112,4096,-0.4147267192654797
63,1.1,reference,0,5,Heston_minus_BS,0.2490545554530581,0.010266845232505149,0.22892595915600333,0.26918315175011287,0.20842794344176327,0.28968116746435296,4096,0.24069115517870954
63,1.1,reference,0,5,Adjusted_minus_Heston,-0.4178627357587967,0.02258746628035768,-0.46214644510031944,-0.3735790264172739,-0.5072428917959191,-0.3284825797216743,4096,-0.4057256179397395
63,1.1,reference,5,1,Heston_minus_BS,0.20976801188429064,0.008438846185425918,0.19322328716772533,0.22631273660085596,0.17637491770256025,0.24316110606602104,4096,0.2089440306727146
63,1.1,reference,5,1,Adjusted_minus_Heston,-0.3225983970700733,0.017536503896187907,-0.3569794751319625,-0.28821731900818415,-0.3919915479056729,-0.2532052462344737,4096,-0.3264012450733366
63,1.1,reference,5,5,Heston_minus_BS,0.22575700828790435,0.010098196435759406,0.20595905528670172,0.24555496128910698,0.18579775115304892,0.2657162654227598,4096,0.21786451122198966
63,1.1,reference,5,5,Adjusted_minus_Heston,-0.3593034166309994,0.02242501325522764,-0.4032686297562039,-0.3153382035057949,-0.448040734885672,-0.27056609837632684,4096,-0.34852274944468276
63,1.1,reference,10,1,Heston_minus_BS,0.17840033263463403,0.008011540243593676,0.1626933597886475,0.19410730548062058,0.14669811742456448,0.21010254784470359,4096,0.17825964067781425
63,1.1,reference,10,1,Adjusted_minus_Heston,-0.238473498279017,0.017027893449442586,-0.2718574234547802,-0.20508957310325382,-0.3058540426306508,-0.17109295392738322,4096,-0.24457701395630632
63,1.1,reference,10,5,Heston_minus_BS,0.20352963031422172,0.010009505504887732,0.18390555973768774,0.2231537008907557,0.16392132928670453,0.24313793134173892,4096,0.19607146008215665
63,1.1,reference,10,5,Adjusted_minus_Heston,-0.30276864528248115,0.02244297068147248,-0.3467690647223063,-0.258768225842656,-0.39157702230664415,-0.21396026825831815,4096,-0.2932864914060243
63,1.1,kappa_minus20,0,1,Heston_minus_BS,0.20434343887761397,0.008422269658799213,0.1878312131619511,0.22085566459327685,0.1710159391507046,0.23767093860452335,4096,0.20145066927176214
63,1.1,kappa_minus20,0,1,Adjusted_minus_Heston,-0.37968179654141154,0.018953981870405374,-0.41684190177833375,-0.34252169130448934,-0.4546840051147051,-0.304679587968118,4096,-0.38147334798258437
63,1.1,kappa_minus20,0,5,Heston_minus_BS,0.20326083969066666,0.009572498966487647,0.18449353942589108,0.22202813995544224,0.16538180356194906,0.24113987581938426,4096,0.19303864861623166
63,1.1,kappa_minus20,0,5,Adjusted_minus_Heston,-0.3779236398187607,0.023341545223678425,-0.4236857537025237,-0.3321615259349977,-0.47028773804673113,-0.2855595415907903,4096,-0.36496903185085916
63,1.1,kappa_minus20,5,1,Heston_minus_BS,0.17457051620583677,0.007870095266551306,0.15914085238483855,0.190000180026835,0.14342800848848888,0.20571302392318466,4096,0.1722507766144473
63,1.1,kappa_minus20,5,1,Adjusted_minus_Heston,-0.28372184135824774,0.017968592654266178,-0.3189500482098373,-0.24849363450665818,-0.354824797098017,-0.21261888561847847,4096,-0.2880707381454141
63,1.1,kappa_minus20,5,5,Heston_minus_BS,0.1833963368898351,0.009467694248394548,0.16483451082991493,0.20195816294975524,0.14593202023165563,0.22086065354801454,4096,0.1734848686684974
63,1.1,kappa_minus20,5,5,Adjusted_minus_Heston,-0.3162188401902766,0.02323406669849056,-0.36177023775416556,-0.2706674426263876,-0.40815763850931985,-0.22428004187123327,4096,-0.30461017709240984
63,1.1,kappa_minus20,10,1,Heston_minus_BS,0.14907186032918165,0.007515563641507611,0.1343372711677731,0.1638064494905902,0.11933225861170044,0.17881146204666287,4096,0.14716211127956325
63,1.1,kappa_minus20,10,1,Adjusted_minus_Heston,-0.19499894014940675,0.017548117984457066,-0.22940278813612036,-0.16059509216269313,-0.2644380487302816,-0.1255598315685319,4096,-0.20165339071255983
63,1.1,kappa_minus20,10,5,Heston_minus_BS,0.16464909732497124,0.009441232107824505,0.14613915144173903,0.18315904320820345,0.1272894931752188,0.2020087014747237,4096,0.15500743764760963
63,1.1,kappa_minus20,10,5,Adjusted_minus_Heston,-0.2566567538049476,0.02331946708057702,-0.3023755825295977,-0.21093792508029757,-0.3489334873036952,-0.16438002030620003,4096,-0.24633102849865285
63,1.1,kappa_plus20,0,1,Heston_minus_BS,0.2835969003641767,0.009834562605216386,0.26431581294583545,0.3028779877825179,0.244680860410838,0.3225129403175154,4096,0.2829890910871448
63,1.1,kappa_plus20,0,1,Adjusted_minus_Heston,-0.43756562333313576,0.018120553933926038,-0.4730917568780559,-0.40203948978821563,-0.5092699002976504,-0.36586134636862117,4096,-0.43845983350785744
63,1.1,kappa_plus20,0,5,Heston_minus_BS,0.29252062793631484,0.011171921016696345,0.27061759122785245,0.3144236646447772,0.24831256885998207,0.3367286870126476,4096,0.2859229225811738
63,1.1,kappa_plus20,0,5,Adjusted_minus_Heston,-0.4465590064631846,0.02186064712677545,-0.4894177552650174,-0.40370025766135176,-0.5330630891704514,-0.36005492375591774,4096,-0.43519184944441613
63,1.1,kappa_plus20,5,1,Heston_minus_BS,0.24392426925316085,0.00915436874163061,0.22597673146703817,0.26187180703928353,0.20769980315357744,0.28014873535274426,4096,0.24436342539994266
63,1.1,kappa_plus20,5,1,Adjusted_minus_Heston,-0.35140751914706597,0.01709547793657937,-0.38492394664722507,-0.3178910916469069,-0.4190554999579731,-0.28375953833615886,4096,-0.3548025918372609
63,1.1,kappa_plus20,5,5,Heston_minus_BS,0.26638641572333543,0.010952293542792604,0.24491396822293415,0.2878588632237367,0.22304743765165816,0.3097253937950127,4096,0.2603849047220554
63,1.1,kappa_plus20,5,5,Adjusted_minus_Heston,-0.3909166664496314,0.021662172206027643,-0.4333862965431999,-0.34844703635606294,-0.47663537025845487,-0.30519796264080795,4096,-0.3808993699238728
63,1.1,kappa_plus20,10,1,Heston_minus_BS,0.2076862382546079,0.008663492624899911,0.19070108442984618,0.22467139207936965,0.17340420267661164,0.2419682738326042,4096,0.2090366725086089
63,1.1,kappa_plus20,10,1,Adjusted_minus_Heston,-0.27154879542519766,0.01653433412363635,-0.3039650760915894,-0.23913251475880593,-0.33697629161257137,-0.20612129923782396,4096,-0.27722019380464946
63,1.1,kappa_plus20,10,5,Heston_minus_BS,0.2412799500978529,0.010812808021040813,0.22008097002518073,0.2624789301705251,0.19849292581967998,0.28406697437602585,4096,0.23584066322751795
63,1.1,kappa_plus20,10,5,Adjusted_minus_Heston,-0.3371899485955502,0.02163273122759994,-0.3796018583713442,-0.29477803881975617,-0.42279215242987045,-0.2515877447612299,4096,-0.32846762038231236
63,1.1,theta_minus20,0,1,Heston_minus_BS,0.15838258007988082,0.007476471263530597,0.14372463322453333,0.1730405269352283,0.12879766958805897,0.18796749057170267,4096,0.1536465715387717
63,1.1,theta_minus20,0,1,Adjusted_minus_Heston,-0.3338248742079224,0.018109525375520463,-0.36932938578476404,-0.29832036263108075,-0.4054855104090632,-0.26216423800678157,4096,-0.33485575119413313
63,1.1,theta_minus20,0,5,Heston_minus_BS,0.1523747232420407,0.008578653831060887,0.13555589955987316,0.16919354692420827,0.11842840060046739,0.18632104588361403,4096,0.13942211283554096
63,1.1,theta_minus20,0,5,Adjusted_minus_Heston,-0.3274785569642933,0.022425923815186537,-0.37144555528187206,-0.2835115586467145,-0.416219478367287,-0.23873763556129957,4096,-0.31361956869562
63,1.1,theta_minus20,5,1,Heston_minus_BS,0.13594030091921905,0.006999253120156369,0.12221796097486284,0.14966264086357525,0.10824377540998492,0.16363682642845317,4096,0.13137919201626913
63,1.1,theta_minus20,5,1,Adjusted_minus_Heston,-0.24118912460807906,0.01721915414812363,-0.27494802469619944,-0.20743022451995868,-0.30932650068575496,-0.1730517485304032,4096,-0.244618645656351
63,1.1,theta_minus20,5,5,Heston_minus_BS,0.1368857433265124,0.008532480559334489,0.12015744435035214,0.15361404230267267,0.10312213149368696,0.17064935515933785,4096,0.12403588366271
63,1.1,theta_minus20,5,5,Adjusted_minus_Heston,-0.26790920865951506,0.022365266650031773,-0.3117572859685197,-0.2240611313505104,-0.3564101054922888,-0.17940831182674136,4096,-0.2552943298198538
63,1.1,theta_minus20,10,1,Heston_minus_BS,0.11784653824519162,0.006711084011655987,0.10468916636248711,0.13100391012789614,0.09129031769814977,0.14440275879223347,4096,0.1132876257390091
63,1.1,theta_minus20,10,1,Adjusted_minus_Heston,-0.15566005747874967,0.016889580226931968,-0.18877281357039669,-0.12254730138710265,-0.2224932869055241,-0.08882682805197521,4096,-0.16123687692030209
63,1.1,theta_minus20,10,5,Heston_minus_BS,0.12246875852979677,0.008558747559053866,0.1056889619590675,0.13924855510052606,0.08860120637429837,0.1563363106852952,4096,0.10968035538717032
63,1.1,theta_minus20,10,5,Adjusted_minus_Heston,-0.21041836750740922,0.022492218864505243,-0.25451534015049987,-0.16632139486431857,-0.29942162297563396,-0.12141511203918447,4096,-0.19898497916844848
63,1.1,theta_plus20,0,1,Heston_minus_BS,0.3373788552927931,0.011053472012067873,0.3157080430059482,0.359049667579638,0.29363950706630637,0.38111820351927983,4096,0.3385521093498326
63,1.1,theta_plus20,0,1,Adjusted_minus_Heston,-0.48469291398659287,0.01893764164095931,-0.5218209834935053,-0.4475648444796805,-0.559630463149245,-0.40975536482394076,4096,-0.4862906889449855
63,1.1,theta_plus20,0,5,Heston_minus_BS,0.3523011967240916,0.012678023975774482,0.3274453797059482,0.377157013742235,0.3021333847556233,0.4024690086925599,4096,0.3484225267428085
63,1.1,theta_plus20,0,5,Adjusted_minus_Heston,-0.4984979845834931,0.02275390603147591,-0.5431080062909055,-0.45388796287608074,-0.5885367541517252,-0.408459215015261,4096,-0.48799917725577346
63,1.1,theta_plus20,5,1,Heston_minus_BS,0.2912363542938011,0.010341044052477792,0.27096228798535293,0.3115104206022493,0.25031613245373624,0.332156576133866,4096,0.29383870656544425
63,1.1,theta_plus20,5,1,Adjusted_minus_Heston,-0.39572911191057675,0.01783776066627378,-0.4307008169634733,-0.3607574068576802,-0.4663143564845046,-0.3251438673366489,4096,-0.39997308981128543
63,1.1,theta_plus20,5,5,Heston_minus_BS,0.3222785090194743,0.012437932317712104,0.2978934021318516,0.346663615907097,0.27306075623845405,0.37149626180049455,4096,0.31920366961314356
63,1.1,theta_plus20,5,5,Adjusted_minus_Heston,-0.44104055571055484,0.022516395806605024,-0.48518492829941295,-0.3968961831216967,-0.5301394809998458,-0.351941630421264,4096,-0.4319880220384789
63,1.1,theta_plus20,10,1,Heston_minus_BS,0.2484162244146063,0.009835408129898906,0.22913347930837671,0.26769896952083594,0.2094968386620036,0.287335610167209,4096,0.2523220440492796
63,1.1,theta_plus20,10,1,Adjusted_minus_Heston,-0.3131728983927292,0.017203520263291413,-0.34690114757015444,-0.279444649215304,-0.38124841011393296,-0.24509738667152547,4096,-0.31983738812846807
63,1.1,theta_plus20,10,5,Heston_minus_BS,0.29331728357694203,0.012283157465916471,0.2692356195131059,0.3173989476407782,0.24471198551892653,0.34192258163495753,4096,0.2910130881477768
63,1.1,theta_plus20,10,5,Adjusted_minus_Heston,-0.3855541870327166,0.022451581292393562,-0.4295714879494878,-0.3415368861159454,-0.47439663683592215,-0.29671173722951105,4096,-0.3778927035208081
63,1.1,xi_minus20,0,1,Heston_minus_BS,0.26918798011546224,0.008999093217140057,0.2515448667437048,0.2868310934872197,0.23357794993513822,0.3047980102957863,4096,0.27010392697528607
63,1.1,xi_minus20,0,1,Adjusted_minus_Heston,-0.4012997980639296,0.015661500201007844,-0.43200484988980664,-0.3705947462380526,-0.4632734304477801,-0.3393261656800792,4096,-0.4028797980546889
63,1.1,xi_minus20,0,5,Heston_minus_BS,0.27874741469376946,0.010417395728984707,0.2583236576051247,0.2991711717824142,0.23752506402370743,0.3199697653638315,4096,0.27490976302182357
63,1.1,xi_minus20,0,5,Adjusted_minus_Heston,-0.4121508882171675,0.01867961696261723,-0.44877308912789404,-0.37552868730644096,-0.4860674159989621,-0.3382343604353729,4096,-0.40362227081612556
63,1.1,xi_minus20,5,1,Heston_minus_BS,0.22956762769966998,0.008437000742785783,0.21302652105360748,0.2461087343457325,0.1961818360612654,0.2629534193380746,4096,0.2317925553190026
63,1.1,xi_minus20,5,1,Adjusted_minus_Heston,-0.32727373489062217,0.014718737310804586,-0.3561304590957939,-0.29841701068545046,-0.3855167897414957,-0.2690306800397486,4096,-0.331032242235896
63,1.1,xi_minus20,5,5,Heston_minus_BS,0.25325867974796074,0.010250623678347084,0.2331618865128558,0.2733554729830657,0.21269625754103866,0.2938211019548828,4096,0.25013443842384675
63,1.1,xi_minus20,5,5,Adjusted_minus_Heston,-0.3645155510522339,0.01845948125381504,-0.4007061663382919,-0.32832493576617583,-0.4375609867089594,-0.2914701153955084,4096,-0.35717543427353826
63,1.1,xi_minus20,10,1,Heston_minus_BS,0.1928017891818617,0.008057890828068041,0.17700394400051908,0.2085996343632043,0.16091616152431754,0.22468741683940585,4096,0.1962417250686535
63,1.1,xi_minus20,10,1,Adjusted_minus_Heston,-0.25855041197242756,0.014161119347994591,-0.28631390192625855,-0.23078692201859657,-0.3145869342310023,-0.2025138897138528,4096,-0.2643064637587727
63,1.1,xi_minus20,10,5,Heston_minus_BS,0.22867594225790366,0.01015756059305212,0.2087616032462373,0.24859028126957003,0.1884817770737798,0.26887010744202755,4096,0.22624085562407362
63,1.1,xi_minus20,10,5,Adjusted_minus_Heston,-0.31850714977918804,0.018382916157280885,-0.35454765586581044,-0.28246664369256563,-0.39124961208820475,-0.24576468747017133,4096,-0.31231168026965583
63,1.1,xi_plus20,0,1,Heston_minus_BS,0.21346088846502292,0.009073561033562844,0.19567177770264038,0.23124999922740547,0.1775561840184931,0.24936559291155275,4096,0.2089468705185857
63,1.1,xi_plus20,0,1,Adjusted_minus_Heston,-0.3845908394676004,0.020947033148864418,-0.42565840835815,-0.34352327057705084,-0.46747968889062785,-0.301701990044573,4096,-0.38535704990210373
63,1.1,xi_plus20,0,5,Heston_minus_BS,0.2110533808670862,0.010251593350377168,0.19095468654782227,0.23115207518635011,0.1704871216013157,0.25161964013285665,4096,0.19784308088538113
63,1.1,xi_plus20,0,5,Adjusted_minus_Heston,-0.37842868404014507,0.026177513966848157,-0.4297508379020699,-0.3271065301782202,-0.48201490544185727,-0.27484246263843287,4096,-0.362116897702862
63,1.1,xi_plus20,5,1,Heston_minus_BS,0.18494631212366652,0.008471985012709998,0.1683366172959275,0.20155600695140555,0.15142208532543217,0.21847053892190088,4096,0.18069946855545044
63,1.1,xi_plus20,5,1,Adjusted_minus_Heston,-0.27815981273866075,0.01997963400130863,-0.3173307535552217,-0.2389888719220998,-0.3572205972656309,-0.19909902821169062,4096,-0.2817235187278889
63,1.1,xi_plus20,5,5,Heston_minus_BS,0.19129315731442464,0.01013950180794933,0.17141422333582515,0.21117209129302414,0.15117045198375642,0.23141586264509287,4096,0.1782710474340038
63,1.1,xi_plus20,5,5,Adjusted_minus_Heston,-0.3097363147985951,0.02614571054856639,-0.360996116676735,-0.2584765129204552,-0.41319668788898034,-0.20627594170820987,4096,-0.29488244852780326
63,1.1,xi_plus20,10,1,Heston_minus_BS,0.16113152821601767,0.0080840661547234,0.14528236516913237,0.17698069126290297,0.12914232299241366,0.1931207334396217,4096,0.15694825458044206
63,1.1,xi_plus20,10,1,Adjusted_minus_Heston,-0.17988774569353264,0.01965612018167202,-0.2184244236061037,-0.14135106778096157,-0.25766836380783914,-0.10210712757922612,4096,-0.18594688707707907
63,1.1,xi_plus20,10,5,Heston_minus_BS,0.17272963712945671,0.010112537775875296,0.152903567307652,0.19255570695126142,0.13271363032638134,0.2127456439325321,4096,0.15984702179334553
63,1.1,xi_plus20,10,5,Adjusted_minus_Heston,-0.2434414115186786,0.0263280060785081,-0.29505861170621706,-0.19182421133114014,-0.3476231405464152,-0.139259682490942,4096,-0.22997181021916552
63,1.1,rho_minus10pp,0,1,Heston_minus_BS,0.27399107260823713,0.010604778958442222,0.2531999425541709,0.29478220266230337,0.23202723362426816,0.3159549115922061,4096,0.27068626386748196
63,1.1,rho_minus10pp,0,1,Adjusted_minus_Heston,-0.4486803053028895,0.021557657618580642,-0.4909450300053439,-0.4064155806004351,-0.533985437708076,-0.36337517289770294,4096,-0.44922256057708837
63,1.1,rho_minus10pp,0,5,Heston_minus_BS,0.27785965171615257,0.011867113525201136,0.2545936598802352,0.30112564355206994,0.23090066811757576,0.3248186353147294,4096,0.26666531946233124
63,1.1,rho_minus10pp,0,5,Adjusted_minus_Heston,-0.44979501196009675,0.026466512384300502,-0.5016837597799171,-0.39790626414027636,-0.5545248199565053,-0.3450652039636882,4096,-0.4344595627757589
63,1.1,rho_minus10pp,5,1,Heston_minus_BS,0.237284939109179,0.00987187776871247,0.21793069369100806,0.25663918452734996,0.19822124048999293,0.2763486377283651,4096,0.23458486374051868
63,1.1,rho_minus10pp,5,1,Adjusted_minus_Heston,-0.34293104751999043,0.020418380201022053,-0.38296216932992394,-0.3028999257100569,-0.4237279809051077,-0.26213411413487314,4096,-0.3463355656586289
63,1.1,rho_minus10pp,5,5,Heston_minus_BS,0.25301180087861364,0.011660015438385353,0.23015183384281787,0.2758717679144094,0.20687231863910163,0.2991512831181256,4096,0.24216417517611885
63,1.1,rho_minus10pp,5,5,Adjusted_minus_Heston,-0.38140585241310015,0.026322168929909916,-0.4330116086171171,-0.3298000962090832,-0.4855644834427682,-0.2772472213834321,4096,-0.36759098264208456
63,1.1,rho_minus10pp,10,1,Heston_minus_BS,0.20552212649929533,0.009361363708712314,0.1871687660837715,0.22387548691481915,0.16847856709252013,0.24256568590607053,4096,0.20322193639280012
63,1.1,rho_minus10pp,10,1,Adjusted_minus_Heston,-0.24537953695295894,0.019891794334152516,-0.2843782642843633,-0.20638080962155458,-0.3240927338816029,-0.16666634002431496,4096,-0.25135216004795485
63,1.1,rho_minus10pp,10,5,Heston_minus_BS,0.22948849290207218,0.01154411582769505,0.20685575209027607,0.2521212337138683,0.18380763338542616,0.2751693524187182,4096,0.21893706480259484
63,1.1,rho_minus10pp,10,5,Adjusted_minus_Heston,-0.31544613167724184,0.026390560858467357,-0.36718597322965296,-0.2637062901248307,-0.41987539426736337,-0.2110168690871203,4096,-0.30308063029583354
63,1.1,rho_plus10pp,0,1,Heston_minus_BS,0.22132294777605235,0.0077542160974891005,0.20612047010235346,0.23652542544975125,0.19063898189264353,0.25200691365946115,4096,0.22119053121144194
63,1.1,rho_plus10pp,0,1,Adjusted_minus_Heston,-0.3695385520173299,0.015527141107783988,-0.3999801870014122,-0.33909691703324757,-0.43098051623759365,-0.3080965877970661,4096,-0.37124609514824736
63,1.1,rho_plus10pp,0,5,Heston_minus_BS,0.2255961103055038,0.008948655918622421,0.20805188144960146,0.24314033916140615,0.1901856639809183,0.2610065566300893,4096,0.21990311742536928
63,1.1,rho_plus10pp,0,5,Adjusted_minus_Heston,-0.3761354501054405,0.018734277571510038,-0.41286481551556664,-0.3394060846953144,-0.45026827367230826,-0.3020026265385728,4096,-0.3668606378667772
63,1.1,rho_plus10pp,5,1,Heston_minus_BS,0.18783927630521863,0.007249192505247543,0.17362691933349883,0.20205163327693842,0.1591537234760545,0.21652482913438276,4096,0.18873745614484633
63,1.1,rho_plus10pp,5,1,Adjusted_minus_Heston,-0.2939449079163715,0.014646465216600707,-0.32265993953975897,-0.26522987629298406,-0.3519019771247257,-0.23598783870801732,4096,-0.297826048686473
63,1.1,rho_plus10pp,5,5,Heston_minus_BS,0.20387051729123679,0.008823207085267917,0.18657223632539657,0.221168798257077,0.16895648061971852,0.23878455396275505,4096,0.198758008714257
63,1.1,rho_plus10pp,5,5,Adjusted_minus_Heston,-0.3275557578658401,0.018566540136611652,-0.36395626674462556,-0.2911552489870547,-0.40102483287771734,-0.2540866828539629,4096,-0.3194480099054326
63,1.1,rho_plus10pp,10,1,Heston_minus_BS,0.15718038243280236,0.006912471452162226,0.14362818172026284,0.17073258314534187,0.12982725794651623,0.18453350691908849,4096,0.15901031941305516
63,1.1,rho_plus10pp,10,1,Adjusted_minus_Heston,-0.22374633379532724,0.014176227933282723,-0.2515394447872666,-0.1959532228033879,-0.27984264176398527,-0.1676500258266692,4096,-0.2296115735484613
63,1.1,rho_plus10pp,10,5,Heston_minus_BS,0.18298795415468883,0.008767011751784818,0.16579984658250985,0.2001760617268678,0.14829628627889713,0.21767962203048052,4096,0.1784319215317075
63,1.1,rho_plus10pp,10,5,Adjusted_minus_Heston,-0.28061766341450056,0.01854693273156512,-0.31697973112351313,-0.24425559570548797,-0.3540091505774004,-0.20722617625160072,4096,-0.2736309447144186
252,0.9,reference,0,1,Heston_minus_BS,1.2461842227155318,0.03769958170566226,1.1722725542783183,1.3200958911527452,1.097004387599781,1.3953640578312825,4096,1.2569108410707992
252,0.9,reference,0,1,Adjusted_minus_Heston,-1.5498160554276597,0.057877097857330154,-1.6632866212375887,-1.4363454896177306,-1.7788397083356677,-1.3207924025196516,4096,-1.5857109557808964
252,0.9,reference,0,5,Heston_minus_BS,1.2861239822821542,0.043292345825116305,1.2012474567154372,1.3710005078488712,1.1148131952716207,1.4574347692926877,4096,1.3297767689924793
252,0.9,reference,0,5,Adjusted_minus_Heston,-1.6025625365921146,0.06595118339953478,-1.7318626980243073,-1.4732623751599219,-1.8635359007542305,-1.3415891724299986,4096,-1.6899252795505504
252,0.9,reference,5,1,Heston_minus_BS,1.2012225000554637,0.036748094336145384,1.1291762639598342,1.2732687361510933,1.0558077658367855,1.346637234274142,4096,1.216492497473603
252,0.9,reference,5,1,Adjusted_minus_Heston,-1.4481927120023952,0.055931394792458004,-1.557848642389287,-1.3385367816155034,-1.6695170841950884,-1.226868339809702,4096,-1.490390391696938
252,0.9,reference,5,5,Heston_minus_BS,1.2239312280480807,0.043036308016402576,1.1395566757332898,1.3083057803628717,1.0536336002387694,1.394228855857392,4096,1.2714814053175747
252,0.9,reference,5,5,Adjusted_minus_Heston,-1.490688191049351,0.06535247076264845,-1.6188145503356153,-1.3625618317630868,-1.7492924081702677,-1.2320839739284344,4096,-1.5832271015585768
252,0.9,reference,10,1,Heston_minus_BS,1.1500980586852565,0.036652617295534526,1.078239009477378,1.221957107893135,1.0050611336764224,1.2951349836940906,4096,1.169923948926799
252,0.9,reference,10,1,Adjusted_minus_Heston,-1.336479420512099,0.05527802607937732,-1.4448543931402151,-1.2281044478839827,-1.555218367814719,-1.117740473209479,4096,-1.3849309349302656
252,0.9,reference,10,5,Heston_minus_BS,1.160550169473721,0.043068926347158,1.0761116675038225,1.2449886714436196,0.9901234686884324,1.3309768702590097,4096,1.212014815049562
252,0.9,reference,10,5,Adjusted_minus_Heston,-1.3766947182486922,0.06518788329435113,-1.5044983966500414,-1.248891039847343,-1.6346476514488901,-1.1187417850484942,4096,-1.4744180309431107
252,0.9,kappa_minus20,0,1,Heston_minus_BS,1.4880283282089153,0.044608386491766884,1.4005716477173293,1.5754850087005012,1.3115098778564018,1.6645467785614287,4096,1.4968922827446702
252,0.9,kappa_minus20,0,1,Adjusted_minus_Heston,-1.7868296639723538,0.06662999667887781,-1.9174606683413542,-1.6561986596033533,-2.0504891389215176,-1.52317018902319,4096,-1.8263578194428423
252,0.9,kappa_minus20,0,5,Heston_minus_BS,1.538315317532298,0.05079437332465124,1.4387307409988193,1.637899894065777,1.3373184922481263,1.73931214281647,4096,1.5812667221851098
252,0.9,kappa_minus20,0,5,Adjusted_minus_Heston,-1.8480998951769427,0.07560229998561896,-1.9963214901340176,-1.6998783002198679,-2.14726339079027,-1.5489363995636156,4096,-1.9422205098841359
252,0.9,kappa_minus20,5,1,Heston_minus_BS,1.4307756034288985,0.04325231129643999,1.3459775672956364,1.5155736395621606,1.259623235799076,1.601927971058721,4096,1.446265485897845
252,0.9,kappa_minus20,5,1,Adjusted_minus_Heston,-1.6701269483981638,0.06420970100340544,-1.7960128579042505,-1.544241038892077,-1.92420914706301,-1.4160447497333175,4096,-1.717381433020143
252,0.9,kappa_minus20,5,5,Heston_minus_BS,1.4654947412853403,0.05031776743618323,1.3668445713104993,1.5641449112601813,1.2663838782490247,1.664605604321656,4096,1.513733259100655
252,0.9,kappa_minus20,5,5,Adjusted_minus_Heston,-1.7206337954154276,0.07478850583970253,-1.8672599115802249,-1.5740076792506303,-2.0165770516782544,-1.4246905391526008,4096,-1.820950217908233
252,0.9,kappa_minus20,10,1,Heston_minus_BS,1.3702464287944613,0.04280821404125804,1.286319064631386,1.4541737929575367,1.2008513845169413,1.5396414730719814,4096,1.392449669779449
252,0.9,kappa_minus20,10,1,Adjusted_minus_Heston,-1.5426958173450545,0.06323844732744927,-1.6666775418066975,-1.4187140928834114,-1.7929346984801215,-1.2924569362099874,4096,-1.5976429433695538
252,0.9,kappa_minus20,10,5,Heston_minus_BS,1.3923360045289424,0.0501570888924166,1.2940008518225838,1.4906711572353009,1.1938609575303984,1.5908110515274863,4096,1.4458968162896313
252,0.9,kappa_minus20,10,5,Adjusted_minus_Heston,-1.5910377098441633,0.07446681498707976,-1.7370331371110312,-1.4450422825772953,-1.8857080133000548,-1.2963674063882717,4096,-1.6975635316583042
252,0.9,kappa_plus20,0,1,Heston_minus_BS,1.06966685410353,0.03250053619639864,1.0059481403487012,1.1333855678583586,0.9410599992899649,1.198273708917095,4096,1.08183666062097
252,0.9,kappa_plus20,0,1,Adjusted_minus_Heston,-1.365455016935608,0.05116703627682589,-1.4657702153835424,-1.2651398184876734,-1.5679264951268919,-1.162983538744324,4096,-1.3980412293594084
252,0.9,kappa_plus20,0,5,Heston_minus_BS,1.1020264123204346,0.037639441352691774,1.0282326516590463,1.175820172981823,0.953084556713581,1.2509682679272882,4096,1.145783256823308
252,0.9,kappa_plus20,0,5,Adjusted_minus_Heston,-1.412036599023716,0.058493155549298716,-1.5267149727139149,-1.2973582253335172,-1.6434980345476478,-1.1805751634997843,4096,-1.4929180797719541
252,0.9,kappa_plus20,5,1,Heston_minus_BS,1.0345262383787155,0.031863690722929064,0.9720560878532701,1.096996388904161,0.9084394248607847,1.1606130518966462,4096,1.0495955192730764
252,0.9,kappa_plus20,5,1,Adjusted_minus_Heston,-1.2756713893103448,0.04955896794897109,-1.372833899911482,-1.1785088787092077,-1.4717796306392896,-1.0795631479814,4096,-1.3135227689391105
252,0.9,kappa_plus20,5,5,Heston_minus_BS,1.048375180190785,0.03755090410838717,0.974755000644871,1.121995359736699,0.899783672542964,1.196966687838606,4096,1.0949332413787085
252,0.9,kappa_plus20,5,5,Adjusted_minus_Heston,-1.3125887107374765,0.05804089796886619,-1.4263804137851699,-1.1987970076897831,-1.5422605319414,-1.082916889533553,4096,-1.3978812628154833
252,0.9,kappa_plus20,10,1,Heston_minus_BS,0.9911290469220639,0.032038564270707275,0.9283160492058264,1.0539420446383014,0.8643502467601608,1.117907847083967,4096,1.0090528346239551
252,0.9,kappa_plus20,10,1,Adjusted_minus_Heston,-1.1764139191616616,0.04911595284693627,-1.2727078794008895,-1.0801199589224337,-1.3707691192926608,-0.9820587190306626,4096,-1.2194684510318794
252,0.9,kappa_plus20,10,5,Heston_minus_BS,0.9929195316664515,0.03772935508395385,0.9189494912270836,1.0668895721058194,0.8436218812470972,1.1422171820858058,4096,1.0422831925508296
252,0.9,kappa_plus20,10,5,Adjusted_minus_Heston,-1.2110734424904552,0.05797615880864602,-1.3247382216008368,-1.0974086633800737,-1.4404890863892146,-0.981657798591696,4096,-1.3007816381637338
252,0.9,theta_minus20,0,1,Heston_minus_BS,1.5250905246927617,0.04749861573522762,1.4319674241539175,1.618213625231606,1.337135238638662,1.7130458107468616,4096,1.5132029507990579
252,0.9,theta_minus20,0,1,Adjusted_minus_Heston,-1.8797153279603103,0.06106990486177797,-1.9994455306685797,-1.7599851252520409,-2.1213731375599933,-1.6380575183606272,4096,-1.9026252077447605
252,0.9,theta_minus20,0,5,Heston_minus_BS,1.5851911218505168,0.053553633413413876,1.480196895989761,1.6901853477112727,1.373275714808679,1.7971065288923547,4096,1.6125440071451587
252,0.9,theta_minus20,0,5,Adjusted_minus_Heston,-1.946158019694763,0.06936368699152244,-2.082148542733645,-1.8101674966558814,-2.2206348950406163,-1.67168114434891,4096,-2.0228985945317586
252,0.9,theta_minus20,5,1,Heston_minus_BS,1.4747724131646431,0.04548839152632349,1.3855904445559357,1.5639543817733506,1.294771722425986,1.6547731039033002,4096,1.4697468046202198
252,0.9,theta_minus20,5,1,Adjusted_minus_Heston,-1.7804159021044805,0.0586950541180053,-1.8954901067135659,-1.6653416974953952,-2.0126762641370646,-1.5481555400718965,4096,-1.8095423821291268
252,0.9,theta_minus20,5,5,Heston_minus_BS,1.512879605061336,0.052696333489723066,1.4095661529610373,1.6161930571616347,1.304356592721897,1.721402617400775,4096,1.5462862762348768
252,0.9,theta_minus20,5,5,Adjusted_minus_Heston,-1.8329289853150823,0.06852189554389389,-1.967269139634858,-1.6985888309953066,-2.1040748340638893,-1.5617831365662753,4096,-1.9148663766897978
252,0.9,theta_minus20,10,1,Heston_minus_BS,1.4254373702429108,0.04446474629544211,1.3382623025991252,1.5126124378866965,1.2494873140166511,1.6013874264691705,4096,1.427441975785293
252,0.9,theta_minus20,10,1,Adjusted_minus_Heston,-1.6699465405721412,0.05771128035731318,-1.783092013966509,-1.5568010671777734,-1.8983140422394016,-1.4415790389048808,4096,-1.7052321787967357
252,0.9,theta_minus20,10,5,Heston_minus_BS,1.4413530827751146,0.052191424930617396,1.3390295258493323,1.543676639700897,1.2348280282958979,1.6478781372543314,4096,1.4808779203774511
252,0.9,theta_minus20,10,5,Adjusted_minus_Heston,-1.717365374147616,0.06814290399800361,-1.8509624990699027,-1.5837682492253293,-1.9870115273091458,-1.4477192209860863,4096,-1.8045065159209261
252,0.9,theta_plus20,0,1,Heston_minus_BS,1.0843343653235094,0.031875522087245485,1.0218410188941056,1.146827711752913,0.9582007342840554,1.2104679963629632,4096,1.1142522031984436
252,0.9,theta_plus20,0,1,Adjusted_minus_Heston,-1.2868982381798786,0.0558596042145103,-1.3964134200185343,-1.1773830563412229,-1.5079385301229629,-1.0658579462367943,4096,-1.333175954715637
252,0.9,theta_plus20,0,5,Heston_minus_BS,1.1097231027305465,0.037294412061468274,1.0366057869903018,1.1828404184707912,0.9621465517357357,1.2572996537253573,4096,1.1669184664920371
252,0.9,theta_plus20,0,5,Adjusted_minus_Heston,-1.3293713325910859,0.06371972654457916,-1.4542966258753212,-1.2044460393068506,-1.5815146686566248,-1.077227996525547,4096,-1.4250778000843205
252,0.9,theta_plus20,5,1,Heston_minus_BS,1.0459518135797725,0.031854915289421,0.9834988676731186,1.1084047594864266,0.9198997250551857,1.1720039021043593,4096,1.0785699782323612
252,0.9,theta_plus20,5,1,Adjusted_minus_Heston,-1.1842703571605713,0.05434440119517282,-1.2908149176258996,-1.077725796695243,-1.3993148866478162,-0.9692258276733263,4096,-1.2368770468575128
252,0.9,theta_plus20,5,5,Heston_minus_BS,1.0569890137819087,0.037544740336841714,0.983380918578,1.1305971089858173,0.9084218966016007,1.2055561309622167,4096,1.1163103528959277
252,0.9,theta_plus20,5,5,Adjusted_minus_Heston,-1.21915503128015,0.06335555171907506,-1.3433663439911792,-1.0949437185691209,-1.4698573025390242,-0.9684527600212757,4096,-1.3199905248571535
252,0.9,theta_plus20,10,1,Heston_minus_BS,0.9953965572019592,0.032552470904172695,0.9315760231953476,1.0592170912085708,0.8665841931813423,1.124208921222576,4096,1.0306050425845374
252,0.9,theta_plus20,10,1,Adjusted_minus_Heston,-1.072413944480966,0.054027254676899644,-1.1783367254133639,-0.966491163548568,-1.2862035034045343,-0.8586243855573976,4096,-1.131305352538989
252,0.9,theta_plus20,10,5,Heston_minus_BS,1.001416671332748,0.038023051205084105,0.9268708268832518,1.0759625157822441,0.8509568451824686,1.1518764974830273,4096,1.0628446790129058
252,0.9,theta_plus20,10,5,Adjusted_minus_Heston,-1.1069901846903654,0.06339747982502018,-1.2312836992753837,-0.982696670105347,-1.3578583683453094,-0.8561220010354214,4096,-1.2129648957157435
252,0.9,xi_minus20,0,1,Heston_minus_BS,1.0046061148668248,0.03117021845107561,0.9434955468701144,1.0657166828635352,0.8812634187765127,1.127948810957137,4096,1.0212227832033114
252,0.9,xi_minus20,0,1,Adjusted_minus_Heston,-1.2474714906337454,0.047032981045734626,-1.3396816941263736,-1.1552612871411172,-1.4335842282281548,-1.061358753039336,4096,-1.277893481167967
252,0.9,xi_minus20,0,5,Heston_minus_BS,1.0319262476994626,0.03566890443208931,0.9619958103146024,1.101856685084323,0.8907819420813619,1.1730705533175634,4096,1.0731534874510154
252,0.9,xi_minus20,0,5,Adjusted_minus_Heston,-1.2881915575605296,0.05348320160497906,-1.3930476987997342,-1.183335416321325,-1.4998282610970808,-1.0765548540239784,4096,-1.3578826086524514
252,0.9,xi_minus20,5,1,Heston_minus_BS,0.9564232148945491,0.03044474978350515,0.8967349597510075,1.0161114700380907,0.8359512481681532,1.0768951816209449,4096,0.9774514986807373
252,0.9,xi_minus20,5,1,Adjusted_minus_Heston,-1.1625807912052744,0.04552328182273766,-1.2518311637565076,-1.073330418654041,-1.3427195452441252,-0.9824420371664234,4096,-1.1980935271127071
252,0.9,xi_minus20,5,5,Heston_minus_BS,0.9744280804219276,0.03548192572408844,0.9048642229205917,1.0439919379232636,0.8340236623985355,1.1148324984453197,4096,1.0191310353707133
252,0.9,xi_minus20,5,5,Adjusted_minus_Heston,-1.196920500599111,0.05302284634125869,-1.300874095335782,-1.09296690586244,-1.406735546726499,-0.987105454471723,4096,-1.2707560054197002
252,0.9,xi_minus20,10,1,Heston_minus_BS,0.9029995544576278,0.030399669008108282,0.8433996821335573,0.9625994267816983,0.7827059754569394,1.0232931334583162,4096,0.9284499607518104
252,0.9,xi_minus20,10,1,Adjusted_minus_Heston,-1.0692431696091405,0.04502884382993954,-1.157524174986176,-0.980962164232105,-1.2474253985380719,-0.891060940680209,4096,-1.1098137441201823
252,0.9,xi_minus20,10,5,Heston_minus_BS,0.91591562020001,0.035529614967497646,0.8462582658642953,0.9855729745357248,0.7753224925637601,1.05650874783626,4096,0.9641113181995529
252,0.9,xi_minus20,10,5,Adjusted_minus_Heston,-1.1038733822687818,0.05290471331016918,-1.2075953720636914,-1.0001513924738723,-1.3132209678753277,-0.894525796662236,4096,-1.181862090527587
252,0.9,xi_plus20,0,1,Heston_minus_BS,1.5137580034649436,0.04454618796929993,1.426423265879933,1.6010927410499542,1.3374856769394399,1.6900303299904473,4096,1.5163306854684113
252,0.9,xi_plus20,0,1,Adjusted_minus_Heston,-1.84021226437829,0.06850233291358561,-1.9745140653111133,-1.705910463445467,-2.1112807024548355,-1.569143826301745,4096,-1.8792362596845977
252,0.9,xi_plus20,0,5,Heston_minus_BS,1.567728205306575,0.051358632979240024,1.4670373731963613,1.6684190374167889,1.3644985657993907,1.7709578448137595,4096,1.6121560360996887
252,0.9,xi_plus20,0,5,Adjusted_minus_Heston,-1.9060555133268888,0.07817103882576412,-2.059313232422871,-1.7527977942309065,-2.2153836850265485,-1.5967273416272292,4096,-2.0094290898748355
252,0.9,xi_plus20,5,1,Heston_minus_BS,1.4746461959466282,0.043380013164023554,1.3895977947517761,1.5596945971414802,1.30298850325249,1.6463038886407664,4096,1.4818586200971096
252,0.9,xi_plus20,5,1,Adjusted_minus_Heston,-1.724064014597807,0.06609466309035682,-1.853645474199786,-1.594482554995828,-1.985605137754874,-1.46252289144074,4096,-1.7704919863147301
252,0.9,xi_plus20,5,5,Heston_minus_BS,1.5021133663884465,0.05104062230354909,1.4020460080293389,1.6021807247475541,1.3001421169752163,1.7040846158016767,4096,1.5508801161735515
252,0.9,xi_plus20,5,5,Adjusted_minus_Heston,-1.7747769310921147,0.07742020085033048,-1.9265625997042588,-1.6229912624799705,-2.0811339853335395,-1.4684198768506898,4096,-1.8843065087203466
252,0.9,xi_plus20,10,1,Heston_minus_BS,1.4288804323806157,0.04326071463408476,1.3440659211386743,1.513694943622557,1.2576948121663465,1.6000660525948849,4096,1.440754058842973
252,0.9,xi_plus20,10,1,Adjusted_minus_Heston,-1.596311651180939,0.0652621976361246,-1.724261026079193,-1.468362276282685,-1.8545586513376104,-1.3380646510242675,4096,-1.6500736386437447
252,0.9,xi_plus20,10,5,Heston_minus_BS,1.4352402092466061,0.05106888792262099,1.3351174349128248,1.5353629835803875,1.2331571108366015,1.6373233076566107,4096,1.4883653057498232
252,0.9,xi_plus20,10,5,Adjusted_minus_Heston,-1.6410617639317784,0.07719663961038412,-1.792409131016565,-1.4897143968469917,-1.9465341709860315,-1.3355893568775252,4096,-1.7567532757613518
252,0.9,rho_minus10pp,0,1,Heston_minus_BS,1.4608805476673186,0.04176179951931775,1.3790047246538872,1.5427563706807499,1.295626237551375,1.6261348577832622,4096,1.4737151275509228
252,0.9,rho_minus10pp,0,1,Adjusted_minus_Heston,-1.7466800159313167,0.06758275145435697,-1.879178937446374,-1.6141810944162593,-2.014109606990028,-1.4792504248726053,4096,-1.7912664808465333
252,0.9,rho_minus10pp,0,5,Heston_minus_BS,1.506884015588596,0.048464664917354176,1.4118669336416596,1.6019010975355326,1.3151060065443974,1.6986620246327948,4096,1.5588922683135125
252,0.9,rho_minus10pp,0,5,Adjusted_minus_Heston,-1.8069558064330895,0.07716603423798574,-1.958243170355115,-1.655668442511064,-2.112307105925893,-1.5016045069402861,4096,-1.9143716079717599
252,0.9,rho_minus10pp,5,1,Heston_minus_BS,1.4178784338786061,0.041003028648087886,1.3374902141360019,1.4982666536212104,1.2556266322346255,1.5801302355225868,4096,1.4350128385251075
252,0.9,rho_minus10pp,5,1,Adjusted_minus_Heston,-1.6280557049876663,0.06538499896598006,-1.7562458372303065,-1.499865572745026,-1.8867886384441515,-1.369322771531181,4096,-1.6802498381362778
252,0.9,rho_minus10pp,5,5,Heston_minus_BS,1.4416788500462077,0.04836593829222954,1.3468553259386953,1.53650237415372,1.2502915090410502,1.633066191051365,4096,1.4975167543901442
252,0.9,rho_minus10pp,5,5,Adjusted_minus_Heston,-1.6756146227016253,0.0765225497263851,-1.825640407271465,-1.5255888381317857,-1.9784196097687472,-1.3728096356345034,4096,-1.7892702621821908
252,0.9,rho_minus10pp,10,1,Heston_minus_BS,1.36638447789758,0.04124455747433974,1.2855227303937573,1.4472462254014027,1.203176930092879,1.529592025702281,4096,1.3877788096901522
252,0.9,rho_minus10pp,10,1,Adjusted_minus_Heston,-1.4981945938101944,0.06472286907971193,-1.6250865916332458,-1.371302595987143,-1.7543074338123308,-1.242081753808058,4096,-1.5579419281113742
252,0.9,rho_minus10pp,10,5,Heston_minus_BS,1.3747200611607586,0.04859187760694705,1.2794535732069439,1.4699865491145734,1.1824386627631644,1.5670014595583528,4096,1.4343876687777959
252,0.9,rho_minus10pp,10,5,Adjusted_minus_Heston,-1.5419199034414994,0.0763939881792738,-1.6916936375106717,-1.3921461693723272,-1.8442161636333465,-1.2396236432496524,4096,-1.6618251977250886
252,0.9,rho_plus10pp,0,1,Heston_minus_BS,1.0536363460939904,0.03388804957565601,0.9871973520548722,1.1200753401331085,0.9195390055038306,1.1877336866841501,4096,1.0627114647026965
252,0.9,rho_plus10pp,0,1,Adjusted_minus_Heston,-1.3301422651010069,0.048109734123567165,-1.4244634898006836,-1.2358210404013301,-1.5205157886071952,-1.1397687415948186,4096,-1.3582037270156615
252,0.9,rho_plus10pp,0,5,Heston_minus_BS,1.087460141585446,0.038492153981984384,1.0119946007536416,1.1629256824172503,0.9351440435153162,1.2397762396555756,4096,1.123815932948063
252,0.9,rho_plus10pp,0,5,Adjusted_minus_Heston,-1.3747284841507692,0.05470897952378486,-1.481987816274684,-1.2674691520268544,-1.5912156751342013,-1.1582412931673371,4096,-1.4437033883571773
252,0.9,rho_plus10pp,5,1,Heston_minus_BS,1.007563514014722,0.03281329395032668,0.9432316250902064,1.0718954029392378,0.8777190552795425,1.1374079727499018,4096,1.0214095763207653
252,0.9,rho_plus10pp,5,1,Adjusted_minus_Heston,-1.2458679729442421,0.04646719999030747,-1.3369689380876686,-1.1547670078008156,-1.4297418760279874,-1.0619940698604968,4096,-1.2789796393216077
252,0.9,rho_plus10pp,5,5,Heston_minus_BS,1.0286228212109834,0.0381130691694075,0.9539004926300608,1.1033451497919058,0.877806787790818,1.1794388546311487,4096,1.0689445835497968
252,0.9,rho_plus10pp,5,5,Adjusted_minus_Heston,-1.2824267931592779,0.05418501929664526,-1.3886588784854699,-1.1761947078330859,-1.4968406375230536,-1.0680129487955021,4096,-1.3555597034379008
252,0.9,rho_plus10pp,10,1,Heston_minus_BS,0.9577037220526419,0.0324588880430553,0.8940666613125593,1.0213407827927246,0.8292616718434659,1.0861457722618177,4096,0.9763823851876535
252,0.9,rho_plus10pp,10,1,Adjusted_minus_Heston,-1.1528139562335509,0.04587888444390621,-1.2427615031788244,-1.0628664092882774,-1.3343598542775217,-0.9712680581895801,4096,-1.1909334209877454
252,0.9,rho_plus10pp,10,5,Heston_minus_BS,0.9691694272362765,0.037987904000512204,0.8946924904089152,1.0436463640636378,0.818848680989423,1.11949017348313,4096,1.0134901777198677
252,0.9,rho_plus10pp,10,5,Adjusted_minus_Heston,-1.1882750555940234,0.05401552774156008,-1.2941748453600106,-1.0823752658280361,-1.4020182102287053,-0.9745319009593415,4096,-1.2655723710512468
252,1.0,reference,0,1,Heston_minus_BS,2.1970775412749095,0.053422838897101345,2.09233974374799,2.301815338801829,1.9856796971209012,2.408475385428918,4096,2.155833366363149
252,1.0,reference,0,1,Adjusted_minus_Heston,-2.9497594356137276,0.08496203206824625,-3.1163311921124723,-2.7831876791149828,-3.285960034177304,-2.6135588370501512,4096,-2.9013835224645024
252,1.0,reference,0,5,Heston_minus_BS,2.234487270969308,0.057194593882633336,2.122354783864833,2.346619758073783,2.0081643331834473,2.4608102087551686,4096,2.2236937031100945
252,1.0,reference,0,5,Adjusted_minus_Heston,-2.997793631593838,0.09167419382838043,-3.17752487294802,-2.8180623902396555,-3.3605547154292355,-2.63503254775844,4096,-3.000867425061271
252,1.0,reference,5,1,Heston_minus_BS,2.0532451480006624,0.051048388072093505,1.9531625645148067,2.153327731486518,1.8512431689077224,2.255247127093602,4096,2.022442281237371
252,1.0,reference,5,1,Adjusted_minus_Heston,-2.666853870104939,0.08109235701922209,-2.8258389604858403,-2.5078687797240375,-2.9877418986174193,-2.3459658415924585,4096,-2.6348639308960493
252,1.0,reference,5,5,Heston_minus_BS,2.1193454695941965,0.05601631844438658,2.009523042696738,2.229167896491655,1.8976850486757892,2.3410058905126037,4096,2.1159385926468475
252,1.0,reference,5,5,Adjusted_minus_Heston,-2.7865427966156515,0.08989917470080176,-2.9627940358241442,-2.610291557407159,-3.142280007803154,-2.430805585428149,4096,-2.8009038321032147
252,1.0,reference,10,1,Heston_minus_BS,1.9116422077545414,0.04941740073468821,1.8147572458298153,2.0085271696792675,1.716094157619478,2.107190257889605,4096,1.8916785325394128
252,1.0,reference,10,1,Adjusted_minus_Heston,-2.3843679104440882,0.07850115663973185,-2.5382728398619703,-2.230462981026206,-2.6950023810157346,-2.073733439872442,4096,-2.3692625923735795
252,1.0,reference,10,5,Heston_minus_BS,2.005349130347068,0.05511714591905902,1.8972895702654466,2.1134086904286895,1.7872467968927674,2.2234514638013687,4096,2.009446033763083
252,1.0,reference,10,5,Adjusted_minus_Heston,-2.5761969550634545,0.08858743034036748,-2.7498764624421415,-2.4025174476847675,-2.92674350368787,-2.2256504064390388,4096,-2.602002171870934
252,1.0,kappa_minus20,0,1,Heston_minus_BS,2.46939428888432,0.06253781368528478,2.3467861871291547,2.592002390639485,2.221927863211244,2.716860714557396,4096,2.423973415580204
252,1.0,kappa_minus20,0,1,Adjusted_minus_Heston,-3.2943020711943807,0.09855355931097472,-3.4875206075689094,-3.101083534819852,-3.684285276919801,-2.9043188654689605,4096,-3.2388344357003653
252,1.0,kappa_minus20,0,5,Heston_minus_BS,2.5140833612461,0.06661217840012333,2.3834872903870177,2.6446794321051823,2.2504943944502465,2.7776723280419535,4096,2.4974786841374095
252,1.0,kappa_minus20,0,5,Adjusted_minus_Heston,-3.3486939336284762,0.10608540540909221,-3.556678981628267,-3.1407088856286856,-3.7684811718709366,-2.928906695386016,4096,-3.3475651517768155
252,1.0,kappa_minus20,5,1,Heston_minus_BS,2.3037154486118476,0.05950201367547764,2.1870591647181747,2.4203717325055205,2.0682618921648355,2.53916900505886,4096,2.271519932852109
252,1.0,kappa_minus20,5,1,Adjusted_minus_Heston,-2.963925763513595,0.09384455306774785,-3.147912088484943,-2.779939438542247,-3.335275107982721,-2.592576419044469,4096,-2.928070284651195
252,1.0,kappa_minus20,5,5,Heston_minus_BS,2.384819184840452,0.06503783745619264,2.257309677826121,2.5123286918547834,2.12745999333137,2.642178376349534,4096,2.3772050565540677
252,1.0,kappa_minus20,5,5,Adjusted_minus_Heston,-3.1046453540917143,0.10387171282001967,-3.3082903615588837,-2.901000346624545,-3.515672858658265,-2.6936178495251637,4096,-3.11682161954534
252,1.0,kappa_minus20,10,1,Heston_minus_BS,2.1464795242710046,0.05723945068188063,2.034259093462034,2.258699955079975,1.9199790850484497,2.3729799634935596,4096,2.128016525820941
252,1.0,kappa_minus20,10,1,Adjusted_minus_Heston,-2.6353551545257483,0.0905612842829428,-2.8129044883467063,-2.4578058207047904,-2.9937123788227735,-2.276997930228723,4096,-2.6197034479254904
252,1.0,kappa_minus20,10,5,Heston_minus_BS,2.2583157226000248,0.06375865624884497,2.1333141059386094,2.38331733926144,2.006018339019879,2.5106131061801706,4096,2.2598316343202174
252,1.0,kappa_minus20,10,5,Adjusted_minus_Heston,-2.8620673395798395,0.10217698936930543,-3.062389768065631,-2.661744911094048,-3.266388707008896,-2.457745972150783,4096,-2.8877271644133824
252,1.0,kappa_plus20,0,1,Heston_minus_BS,1.9937952899944058,0.04682178343171201,1.9019991486031622,2.0855914313856494,1.8085182758698937,2.179072304118918,4096,1.9554111985675968
252,1.0,kappa_plus20,0,1,Adjusted_minus_Heston,-2.6585605268339285,0.07473177788417426,-2.805075425376396,-2.512045628291461,-2.954279306679,-2.362841746988857,4096,-2.615370608028594
252,1.0,kappa_plus20,0,5,Heston_minus_BS,2.025890719478723,0.050396513088042785,1.927086165230959,2.1246952737264864,1.8264682544874518,2.225313184469994,4096,2.0193786612097906
252,1.0,kappa_plus20,0,5,Adjusted_minus_Heston,-2.7012080292502096,0.08076574958053022,-2.859552791552508,-2.5428632669479114,-3.020803649686865,-2.381612408813554,4096,-2.706471369185106
252,1.0,kappa_plus20,5,1,Heston_minus_BS,1.8673418008762717,0.04493907426797505,1.7792367926270418,1.9554468091255015,1.6895147962720245,2.045168805480519,4096,1.8372953478079026
252,1.0,kappa_plus20,5,1,Adjusted_minus_Heston,-2.411943897216023,0.07146398472314197,-2.55205214524111,-2.2718356491909364,-2.6947317949955796,-2.129155999436467,4096,-2.3827881419905035
252,1.0,kappa_plus20,5,5,Heston_minus_BS,1.9221131153326962,0.0495124323385231,1.825041839818378,2.0191843908470144,1.7261890186117168,2.1180372120536757,4096,1.921760181317902
252,1.0,kappa_plus20,5,5,Adjusted_minus_Heston,-2.5153944663687926,0.0792990006975289,-2.6708636037379696,-2.3599253289996156,-2.8291860606963337,-2.2016028720412515,4096,-2.530465279516883
252,1.0,kappa_plus20,10,1,Heston_minus_BS,1.7386223290309366,0.043772534275955094,1.6528043731363482,1.824440284925525,1.565411403327091,1.9118332547347823,4096,1.717231569880993
252,1.0,kappa_plus20,10,1,Adjusted_minus_Heston,-2.164861683569013,0.06935462346733556,-2.3008344371748066,-2.0288889299632196,-2.4393026939269116,-1.8904206732111146,4096,-2.15016839023346
252,1.0,kappa_plus20,10,5,Heston_minus_BS,1.8183090400940998,0.04889310040956234,1.72245199174398,1.9141660884442195,1.6248356823697923,2.0117823978184073,4096,1.8242142711301526
252,1.0,kappa_plus20,10,5,Adjusted_minus_Heston,-2.33011058353401,0.0782499452477281,-2.483523002099692,-2.176698164968328,-2.6397509933669747,-2.020470173701045,4096,-2.3551261918614403
252,1.0,theta_minus20,0,1,Heston_minus_BS,2.2338064176376777,0.06351639054971922,2.109279773408776,2.3583330618665794,1.9824676960748442,2.4851451392005113,4096,2.1699244518443646
252,1.0,theta_minus20,0,1,Adjusted_minus_Heston,-3.1003757337070548,0.09294705715790737,-3.282602478940097,-2.9181489884740124,-3.4681736251947557,-2.732577842219354,4096,-3.032597576687418
252,1.0,theta_minus20,0,5,Heston_minus_BS,2.2793348717415522,0.06694791365940235,2.1480805773148917,2.410589166168213,2.0144173774566454,2.544252366026459,4096,2.2460713801961427
252,1.0,theta_minus20,0,5,Adjusted_minus_Heston,-3.156706830755094,0.09948086740963498,-3.35174339495981,-2.9616702665503776,-3.5503594583414695,-2.763054203168718,4096,-3.1392344406250436
252,1.0,theta_minus20,5,1,Heston_minus_BS,2.0855091074497416,0.05992119846642178,1.9680309935547686,2.202987221344715,1.84839680798313,2.322621406916353,4096,2.0355483152335143
252,1.0,theta_minus20,5,1,Adjusted_minus_Heston,-2.7973577023612686,0.08821236493446713,-2.970301877710555,-2.624413527011982,-3.146420091404109,-2.448295313318428,4096,-2.747772896349134
252,1.0,theta_minus20,5,5,Heston_minus_BS,2.159846448954104,0.06501526409989299,2.032381197985884,2.287311699922324,1.902576581766896,2.417116316141312,4096,2.1362566387049307
252,1.0,theta_minus20,5,5,Adjusted_minus_Heston,-2.93236299333232,0.0971842524999035,-3.122896944190784,-2.7418290424738556,-3.3169277579224157,-2.547798228742224,4096,-2.927204086815907
252,1.0,theta_minus20,10,1,Heston_minus_BS,1.9532662845092446,0.057060850897358156,1.8413960063401535,2.065136562678336,1.7274725769054855,2.1790599921130034,4096,1.9178620307706482
252,1.0,theta_minus20,10,1,Adjusted_minus_Heston,-2.495528893180627,0.08479844972284138,-2.661779939381572,-2.3292778469796818,-2.8310821851638313,-2.1599756011974227,4096,-2.4647330855143847
252,1.0,theta_minus20,10,5,Heston_minus_BS,2.0448770138365457,0.06337123443006133,1.9206349544890244,2.169119073184067,1.794112685012753,2.2956413426603386,4096,2.031133902509201
252,1.0,theta_minus20,10,5,Adjusted_minus_Heston,-2.709231071492403,0.09536274778780177,-2.8961938831963585,-2.5222682597884476,-3.0865880167826605,-2.3318741262021456,4096,-2.7165663061970893
252,1.0,theta_plus20,0,1,Heston_minus_BS,2.2527635067893588,0.048474190091333205,2.1577277503248524,2.347799263253865,2.0609478059772584,2.444579207601459,4096,2.2329742202590936
252,1.0,theta_plus20,0,1,Adjusted_minus_Heston,-2.834150324399406,0.07965656081807604,-2.990320473925232,-2.6779801748735803,-3.1493568086916066,-2.5189438401072057,4096,-2.8021121976460597
252,1.0,theta_plus20,0,5,Heston_minus_BS,2.2844241388674895,0.0531178009960513,2.180284381403168,2.388563896331811,2.074233350646833,2.494614927088146,4096,2.295429940932642
252,1.0,theta_plus20,0,5,Adjusted_minus_Heston,-2.8756587597136525,0.08647777687756991,-3.04520219978854,-2.706115319638765,-3.2178572646332695,-2.5334602547940355,4096,-2.89574655021658
252,1.0,theta_plus20,5,1,Heston_minus_BS,2.1139033277825368,0.04725366462272926,2.021260464545837,2.2065461910192363,1.9269173301109772,2.3008893254540963,4096,2.1019520849994215
252,1.0,theta_plus20,5,1,Adjusted_minus_Heston,-2.5679819809680366,0.07657103012829954,-2.71810281347289,-2.4178611484631833,-2.8709788083165817,-2.2649851536194916,4096,-2.55097780413828
252,1.0,theta_plus20,5,5,Heston_minus_BS,2.1732884269818946,0.05265171700219232,2.0700624474445264,2.276514406519263,1.964941965149176,2.381634888814613,4096,2.189888574918885
252,1.0,theta_plus20,5,5,Adjusted_minus_Heston,-2.6753424036540587,0.08516021110156974,-2.842302698760913,-2.5083821085472047,-3.01232721026921,-2.3383575970389074,4096,-2.705956286886866
252,1.0,theta_plus20,10,1,Heston_minus_BS,1.9662676197890636,0.0467976091665933,1.8745188730952498,2.0580163664828777,1.7810862648926196,2.1514489746855077,4096,1.9623740025128389
252,1.0,theta_plus20,10,1,Adjusted_minus_Heston,-2.3017210471221836,0.07471228752149606,-2.4481977339615284,-2.155244360282839,-2.5973627022629713,-2.006079391981396,4096,-2.300177933817803
252,1.0,theta_plus20,10,5,Heston_minus_BS,2.06060946634435,0.05245492001847825,1.957769315846765,2.1634496168419353,1.8530417436979427,2.2681771889907574,4096,2.0828762774817307
252,1.0,theta_plus20,10,5,Adjusted_minus_Heston,-2.4757157804086884,0.08428922643271318,-2.6409684722174203,-2.3104630885999566,-2.8092540408445528,-2.142177519972824,4096,-2.5169926263994387
252,1.0,xi_minus20,0,1,Heston_minus_BS,1.8622456372706453,0.04379180716962169,1.776389896030383,1.9481013785109076,1.6889584474023365,2.035532827138954,4096,1.843042445383364
252,1.0,xi_minus20,0,1,Adjusted_minus_Heston,-2.4383609113848936,0.06839604806025003,-2.5724543362433887,-2.3042674865263986,-2.7090087729940473,-2.16771304977574,4096,-2.4043109659397253
252,1.0,xi_minus20,0,5,Heston_minus_BS,1.887606568492572,0.04732292865237747,1.7948279101153863,1.9803852268697577,1.7003464882966215,2.0748666486885226,4096,1.8928718763445747
252,1.0,xi_minus20,0,5,Adjusted_minus_Heston,-2.4747968018575692,0.07393212795845491,-2.619743951966193,-2.3298496517489453,-2.7673513120032975,-2.182242291711841,4096,-2.4818066253455124
252,1.0,xi_minus20,5,1,Heston_minus_BS,1.7261499721172577,0.04207250241342141,1.6436650025761337,1.8086349416583818,1.5596661893012125,1.892633754933303,4096,1.7154485823084658
252,1.0,xi_minus20,5,1,Adjusted_minus_Heston,-2.206539966743713,0.06542395001014499,-2.334806464201333,-2.078273469286093,-2.465427032158252,-1.9476529013291737,4096,-2.1855912838179177
252,1.0,xi_minus20,5,5,Heston_minus_BS,1.782978084962316,0.04652329603705393,1.6917671410811908,1.8741890288434413,1.598882205967283,1.9670739639573491,4096,1.7941277915317144
252,1.0,xi_minus20,5,5,Adjusted_minus_Heston,-2.3029247583111636,0.07258479588752223,-2.445230405336833,-2.160619111285494,-2.590147782878162,-2.0157017337441654,4096,-2.318910262710371
252,1.0,xi_minus20,10,1,Heston_minus_BS,1.5893336335164756,0.0410022807816827,1.5089468799984627,1.6697203870344886,1.4270847912312457,1.7515824758017056,4096,1.5873518650750615
252,1.0,xi_minus20,10,1,Adjusted_minus_Heston,-1.974701334038084,0.06347107520284312,-2.0991391355599345,-1.8502635325162335,-2.2258607396597494,-1.7235419284164184,4096,-1.9672533918311563
252,1.0,xi_minus20,10,5,Heston_minus_BS,1.6786918676728089,0.045964412881361306,1.5885766385086586,1.7688070968369591,1.4968075277252415,1.8605762076203762,4096,1.6957947863347242
252,1.0,xi_minus20,10,5,Adjusted_minus_Heston,-2.131699130302245,0.07160724492779574,-2.272088246184946,-1.9913100144195437,-2.4150539185549036,-1.8483443420495858,4096,-2.1567845205939933
252,1.0,xi_plus20,0,1,Heston_minus_BS,2.535940454636339,0.06362124731236234,2.41120823416698,2.660672675105698,2.2841868076591068,2.787694101613571,4096,2.4720709473248155
252,1.0,xi_plus20,0,1,Adjusted_minus_Heston,-3.3923240766835288,0.10146399357612032,-3.5912486459284816,-3.193399507438576,-3.7938240707696123,-2.9908240825974453,4096,-3.327184312752971
252,1.0,xi_plus20,0,5,Heston_minus_BS,2.586181081924166,0.0676145329482278,2.453619851409084,2.718742312439248,2.318625729310528,2.853736434537804,4096,2.557919193518531
252,1.0,xi_plus20,0,5,Adjusted_minus_Heston,-3.452563340676277,0.10922725895318318,-3.666708129100834,-3.23841855225172,-3.8847831092668113,-3.020343572085743,4096,-3.4486952048307966
252,1.0,xi_plus20,5,1,Heston_minus_BS,2.3891471916773406,0.06058711409548955,2.2703635212494837,2.5079308621051974,2.149399818312007,2.6288945650426743,4096,2.337823570174736
252,1.0,xi_plus20,5,1,Adjusted_minus_Heston,-3.0611618360794255,0.09666309629426699,-3.2506740375461924,-2.8716496346126585,-3.4436643497556148,-2.6786593224032362,4096,-3.015743080024392
252,1.0,xi_plus20,5,5,Heston_minus_BS,2.4631726777476453,0.06604526789701427,2.3336880595690332,2.5926572959262573,2.201827014764537,2.7245183407307536,4096,2.4438816200300426
252,1.0,xi_plus20,5,5,Adjusted_minus_Heston,-3.2035871454822895,0.10699785026939031,-3.413361081287471,-2.993813209677108,-3.626984990730266,-2.780189300234313,4096,-3.213359073054707
252,1.0,xi_plus20,10,1,Heston_minus_BS,2.248244030442095,0.05839207596511755,2.1337638276698154,2.362724233214375,2.0171825737778613,2.479305487106329,4096,2.2100654877393273
252,1.0,xi_plus20,10,1,Adjusted_minus_Heston,-2.7310335226723375,0.09339892902005156,-2.9141461823304167,-2.5479208630142582,-3.1006195021662775,-2.3614475431783974,4096,-2.7059403308519316
252,1.0,xi_plus20,10,5,Heston_minus_BS,2.3422736634950927,0.06479200445858514,2.2152461227569913,2.469301204233194,2.0858872500485215,2.598660076941664,4096,2.3321231933026407
252,1.0,xi_plus20,10,5,Adjusted_minus_Heston,-2.955811311351568,0.10532401926371035,-3.162303628721891,-2.7493189939812446,-3.3725856923025526,-2.539036930400583,4096,-2.9794144922483006
252,1.0,rho_minus10pp,0,1,Heston_minus_BS,2.6128959301171966,0.06140239718040582,2.4925138617674407,2.7332779984669524,2.3699224255674367,2.8558694346669564,4096,2.556732247443006
252,1.0,rho_minus10pp,0,1,Adjusted_minus_Heston,-3.4172870629825702,0.09918060021252185,-3.611734940297101,-3.2228391856680396,-3.8097515126388637,-3.0248226133262768,4096,-3.3580780214221653
252,1.0,rho_minus10pp,0,5,Heston_minus_BS,2.660644732110121,0.06576338819565873,2.5317127513371025,2.7895767128831395,2.4004144864729926,2.9208749777472494,4096,2.6425128735845194
252,1.0,rho_minus10pp,0,5,Adjusted_minus_Heston,-3.475349219451859,0.10710069235036439,-3.6853247816265235,-3.2653736572771943,-3.8991540178804422,-3.0515444210232756,4096,-3.4795982704503783
252,1.0,rho_minus10pp,5,1,Heston_minus_BS,2.4608545107407656,0.05882553689597056,2.345524488974423,2.576184532507108,2.2280778193904114,2.6936312020911197,4096,2.4160078711844077
252,1.0,rho_minus10pp,5,1,Adjusted_minus_Heston,-3.0911477614586644,0.0946974999739367,-3.276806325910466,-2.905489197006863,-3.465872275440842,-2.7164232474764867,4096,-3.051038091218873
252,1.0,rho_minus10pp,5,5,Heston_minus_BS,2.53542493046608,0.06448486977396087,2.408999540625905,2.661850320306255,2.280253870069532,2.790595990862628,4096,2.5255510746082788
252,1.0,rho_minus10pp,5,5,Adjusted_minus_Heston,-3.2299149902776736,0.10506210274011607,-3.435893808920046,-3.023936171635301,-3.6456529495487326,-2.8141770310066145,4096,-3.247489493519179
252,1.0,rho_minus10pp,10,1,Heston_minus_BS,2.3102740415389,0.05713017969104286,2.1982678412566146,2.4222802418211855,2.0842059951350076,2.5363420879427925,4096,2.2772082300142085
252,1.0,rho_minus10pp,10,1,Adjusted_minus_Heston,-2.7660686390369285,0.0917416562384979,-2.9459321433782044,-2.5862051346956525,-3.129096676264446,-2.403040601809411,4096,-2.7456292866570626
252,1.0,rho_minus10pp,10,5,Heston_minus_BS,2.411255400226579,0.06352884454850123,2.2867043393917883,2.53580646106137,2.159867397334861,2.662643403118297,4096,2.409780139491489
252,1.0,rho_minus10pp,10,5,Adjusted_minus_Heston,-2.9856609679636597,0.1035759480396432,-3.1887261157243403,-2.782595820202979,-3.395518110972512,-2.575803824954807,4096,-3.0167429715719787
252,1.0,rho_plus10pp,0,1,Heston_minus_BS,1.825937713398825,0.04589719150639084,1.735954274661887,1.915921152135763,1.6443193730507397,2.0075560537469106,4096,1.7982452281105448
252,1.0,rho_plus10pp,0,1,Adjusted_minus_Heston,-2.4725138877810138,0.07060045594162548,-2.610929150099157,-2.3340986254628704,-2.7518847428397755,-2.193143032722252,4096,-2.433844660643069
252,1.0,rho_plus10pp,0,5,Heston_minus_BS,1.8539088895188507,0.04913366914507891,1.7575801957071264,1.950237583330575,1.6594835847788292,2.048334194258872,4096,1.8497871960003618
252,1.0,rho_plus10pp,0,5,Adjusted_minus_Heston,-2.511066641141447,0.0761239040325522,-2.6603108635025454,-2.3618224187803487,-2.812294159807463,-2.2098391224754312,4096,-2.5129351883669706
252,1.0,rho_plus10pp,5,1,Heston_minus_BS,1.6923104218784204,0.04376153045978255,1.6065140394436872,1.7781068043131536,1.5191430390312324,1.8654778047256084,4096,1.6741280825551752
252,1.0,rho_plus10pp,5,1,Adjusted_minus_Heston,-2.2351183292600796,0.06738987198069178,-2.367239102184068,-2.102997556336091,-2.501784682988912,-1.9684519755312473,4096,-2.2100477447127744
252,1.0,rho_plus10pp,5,5,Heston_minus_BS,1.7496554020043715,0.04807404001663362,1.6554041571526792,1.8439066468560639,1.5594231225318314,1.9398876814769117,4096,1.752055800378729
252,1.0,rho_plus10pp,5,5,Adjusted_minus_Heston,-2.3350300438989606,0.07464039162977369,-2.481365775717837,-2.1886943120800844,-2.630387202056297,-2.0396728857416244,4096,-2.3461623863605774
252,1.0,rho_plus10pp,10,1,Heston_minus_BS,1.5616719550292477,0.04224861207242507,1.4788417148475501,1.6445021952109453,1.3944912941921788,1.7288526158663167,4096,1.5533275538828384
252,1.0,rho_plus10pp,10,1,Adjusted_minus_Heston,-1.997657700755123,0.06521904535581803,-2.125522473732347,-1.869792927777899,-2.2557339443736644,-1.7395814571365815,4096,-1.9866069612962647
252,1.0,rho_plus10pp,10,5,Heston_minus_BS,1.6466382646778004,0.047254410380864635,1.5539939393498643,1.7392825900057365,1.4596493159900588,1.833627213365542,4096,1.6556546127444367
252,1.0,rho_plus10pp,10,5,Adjusted_minus_Heston,-2.1596533115894627,0.07353386826377992,-2.303819656257471,-2.0154869669214546,-2.450631880759275,-1.8686747424196508,4096,-2.180180309418775
252,1.1,reference,0,1,Heston_minus_BS,2.630682861503294,0.06648607394359694,2.500334023911997,2.7610316990945907,2.3675928987064463,2.8937728243001413,4096,2.5706463906772967
252,1.1,reference,0,1,Adjusted_minus_Heston,-3.8152688905470287,0.10854757209440181,-4.028081123344322,-3.602456657749736,-4.244799091536654,-3.385738689557403,4096,-3.7348225777250024
252,1.1,reference,0,5,Heston_minus_BS,2.6382276562472615,0.06980649015174241,2.50136899836761,2.775086314126913,2.3619985783717867,2.9144567341227363,4096,2.6060323531074885
252,1.1,reference,0,5,Adjusted_minus_Heston,-3.807599448077748,0.11623571321701251,-4.035484615688733,-3.579714280466763,-4.267552151735233,-3.347646744420263,4096,-3.7784697523594497
252,1.1,reference,5,1,Heston_minus_BS,2.3939426555865153,0.062308659902864855,2.2717838197812905,2.51610149139174,2.147383007175438,2.6405023039975926,4096,2.3477256135586444
252,1.1,reference,5,1,Adjusted_minus_Heston,-3.34668199478223,0.10186047208256989,-3.5463838773708685,-3.146980112193592,-3.7497508815600384,-2.943613108004422,4096,-3.28964061035797
252,1.1,reference,5,5,Heston_minus_BS,2.483907255818157,0.06757102100522137,2.35143133235846,2.6163831792778542,2.2165240829526645,2.75129042868365,4096,2.461401393606691
252,1.1,reference,5,5,Adjusted_minus_Heston,-3.5106065621517004,0.11288759477293307,-3.7319275980367848,-3.289285526266616,-3.95731053107957,-3.0639025932238306,4096,-3.4975164192465433
252,1.1,reference,10,1,Heston_minus_BS,2.1693278520943715,0.05868747468166216,2.054268507299655,2.284387196889088,1.937097482412174,2.401558221776569,4096,2.1373520518484197
252,1.1,reference,10,1,Adjusted_minus_Heston,-2.8931496504637786,0.09639630752492845,-3.082138800953055,-2.704160499974502,-3.274596462648864,-2.5117028382786932,4096,-2.860193958450937
252,1.1,reference,10,5,Heston_minus_BS,2.3330160022105737,0.06555262909781254,2.204497223808917,2.4615347806122303,2.0736197448047027,2.5924122596164447,4096,2.3203267040263724
252,1.1,reference,10,5,Adjusted_minus_Heston,-3.2180337930355947,0.10998116109095098,-3.433656639367421,-3.0024109467037685,-3.653236804185256,-2.7828307818859335,4096,-3.2211748069893176
252,1.1,kappa_minus20,0,1,Heston_minus_BS,2.63186598100493,0.0722488443608479,2.490218981548467,2.773512980461393,2.345972339711928,2.917759622297932,4096,2.5769937591049352
252,1.1,kappa_minus20,0,1,Adjusted_minus_Heston,-3.9995657287151025,0.12271747416645304,-4.240158670378455,-3.75897278705175,-4.4851672058058485,-3.5139642516243565,4096,-3.9098307888055475
252,1.1,kappa_minus20,0,5,Heston_minus_BS,2.6401282198806033,0.07545131114333434,2.4922026451111208,2.788053794650086,2.3415621974905125,2.938694242270694,4096,2.609593839748
252,1.1,kappa_minus20,0,5,Adjusted_minus_Heston,-3.9835172481099237,0.13185063653137036,-4.242016151536179,-3.7250183446836687,-4.505259276210526,-3.461775220009321,4096,-3.950995450867813
252,1.1,kappa_minus20,5,1,Heston_minus_BS,2.3859987089751877,0.06754224625216981,2.25357919966946,2.5184182182809156,2.118729399784609,2.6532680181657664,4096,2.3463305931723974
252,1.1,kappa_minus20,5,1,Adjusted_minus_Heston,-3.450389896434187,0.11498361502258464,-3.67582027111617,-3.224959521752204,-3.9053879615057103,-2.9953918313626633,4096,-3.3886878169223156
252,1.1,kappa_minus20,5,5,Heston_minus_BS,2.4818031668724947,0.07291631703429503,2.3388475582299697,2.6247587755150197,2.1932682903491783,2.770338043395811,4096,2.4620467048578334
252,1.1,kappa_minus20,5,5,Adjusted_minus_Heston,-3.6391354623794387,0.12800199539232082,-3.890088937582533,-3.3881819871763446,-4.145648153055937,-3.13262277170294,4096,-3.6255292463258684
252,1.1,kappa_minus20,10,1,Heston_minus_BS,2.159816271744403,0.0634336302781515,2.0354518826248458,2.2841806608639605,1.9088050382625514,2.410827505226255,4096,2.1356688667768546
252,1.1,kappa_minus20,10,1,Adjusted_minus_Heston,-2.9201301704790943,0.10869263533844481,-3.1332268060710877,-2.707033534887101,-3.350234396692571,-2.4900259442656174,4096,-2.887202564677092
252,1.1,kappa_minus20,10,5,Heston_minus_BS,2.328660659196445,0.07061206363793902,2.1902226394851843,2.467098678907706,2.0492438716858157,2.6080774467070746,4096,2.3197986216220934
252,1.1,kappa_minus20,10,5,Adjusted_minus_Heston,-3.300285482453156,0.12466628553801652,-3.544699153509907,-3.0558718113964045,-3.7935985400423635,-2.806972424863948,4096,-3.30580596595002
252,1.1,kappa_plus20,0,1,Heston_minus_BS,2.6203132139199647,0.062491784820171,2.4977953537553668,2.7428310740845627,2.3730289276287486,2.867597500211181,4096,2.557277895119075
252,1.1,kappa_plus20,0,1,Adjusted_minus_Heston,-3.585963463490958,0.09719682788900726,-3.776522068946313,-3.395404858035603,-3.9705779897597817,-3.2013489372221344,4096,-3.514390786392852
252,1.1,kappa_plus20,0,5,Heston_minus_BS,2.6277575488040066,0.06599263649955055,2.4983761167675937,2.7571389808404194,2.366620151876921,2.888894945731092,4096,2.5946645967808633
252,1.1,kappa_plus20,0,5,Adjusted_minus_Heston,-3.5825504311113456,0.10380243429610334,-3.7860596150213865,-3.3790412472013047,-3.9933037957986905,-3.1717970664240007,4096,-3.557155893255474
252,1.1,kappa_plus20,5,1,Heston_minus_BS,2.392797884479939,0.05873441816635011,2.2776465049432293,2.5079492640166485,2.160381756203384,2.625214012756494,4096,2.342289330969658
252,1.1,kappa_plus20,5,1,Adjusted_minus_Heston,-3.1787988325798935,0.09133039953387358,-3.3578560502776704,-2.9997416148821165,-3.5401994987701118,-2.817398166389675,4096,-3.127133812699416
252,1.1,kappa_plus20,5,5,Heston_minus_BS,2.4779373375894713,0.06400356977067691,2.352455557324047,2.6034191178548958,2.224670814375635,2.7312038608033076,4096,2.4535629555779312
252,1.1,kappa_plus20,5,5,Adjusted_minus_Heston,-3.3221460431471543,0.10085430278918914,-3.519875287105882,-3.1244167991884266,-3.721233448898012,-2.923058637396297,4096,-3.3105753791699093
252,1.1,kappa_plus20,10,1,Heston_minus_BS,2.17192460319829,0.055501499506450336,2.0631115012037715,2.280737705192809,1.9523013561900715,2.391547850206509,4096,2.1344363269031557
252,1.1,kappa_plus20,10,1,Adjusted_minus_Heston,-2.7839439208664016,0.08652985500632514,-2.953589462376139,-2.614298379356664,-3.1263485025197473,-2.441539339213056,4096,-2.752810235985773
252,1.1,kappa_plus20,10,5,Heston_minus_BS,2.3302595452315567,0.062220907979150225,2.208272750886658,2.452246339576455,2.0840471372119787,2.5764719532511347,4096,2.3147397102751084
252,1.1,kappa_plus20,10,5,Adjusted_minus_Heston,-3.065363674023441,0.09829495973421275,-3.2580752146884455,-2.8726521333584367,-3.4543235834554555,-2.6764037645914267,4096,-3.0677938597956893
252,1.1,theta_minus20,0,1,Heston_minus_BS,2.0007373799124704,0.06662500272961945,1.8701161663980386,2.131358593426902,1.737097666363652,2.2643770934612886,4096,1.9500245131199963
252,1.1,theta_minus20,0,1,Adjusted_minus_Heston,-3.430919200513139,0.11402336112180664,-3.6544669556879885,-3.207371445338289,-3.8821174749210487,-2.979720926105229,4096,-3.3467708435415404
252,1.1,theta_minus20,0,5,Heston_minus_BS,2.006311106317676,0.06912768831933007,1.8707832689326271,2.141838943702725,1.732768093932958,2.2798541187023944,4096,1.9752754407176114
252,1.1,theta_minus20,0,5,Adjusted_minus_Heston,-3.4108737088021006,0.12239517966349235,-3.6508347780848003,-3.170912639519401,-3.895199844400048,-2.9265475732041533,4096,-3.376349771878555
252,1.1,theta_minus20,5,1,Heston_minus_BS,1.8075033564663283,0.06209727113017017,1.685758957537373,1.9292477553952836,1.561780187953148,2.0532265249795087,4096,1.7704214682202926
252,1.1,theta_minus20,5,1,Adjusted_minus_Heston,-2.918994913207891,0.10672119904164569,-3.128226462257234,-2.7097633641585483,-3.3412980305392095,-2.496691795876573,4096,-2.8611215948361357
252,1.1,theta_minus20,5,5,Heston_minus_BS,1.8793131183766203,0.06668993857018357,1.7485645953245141,2.0100616414287265,1.615416449245003,2.143209787508238,4096,1.8582563207270326
252,1.1,theta_minus20,5,5,Adjusted_minus_Heston,-3.0908211853852157,0.1187618297526346,-3.3236589142546356,-2.8579834565157958,-3.5607699057414925,-2.620872465028939,4096,-3.073981000729048
252,1.1,theta_minus20,10,1,Heston_minus_BS,1.641150565407775,0.05815881419014907,1.527127682483369,1.7551734483321808,1.4110121416143109,1.871288989201239,4096,1.6179260362228363
252,1.1,theta_minus20,10,1,Adjusted_minus_Heston,-2.425484452201915,0.10080682088313901,-2.623120605820168,-2.227848298583662,-2.8243839687880903,-2.0265849356157397,4096,-2.394641831349757
252,1.1,theta_minus20,10,5,Heston_minus_BS,1.7589264703579295,0.0644758084081065,1.6325188457193378,1.8853340949965212,1.503791266408666,2.014061674307193,4096,1.747948351206397
252,1.1,theta_minus20,10,5,Adjusted_minus_Heston,-2.77604335965224,0.11561128864559268,-3.0027043157521485,-2.5493824035523316,-3.2335251723769316,-2.3185615469275485,4096,-2.7770997963696216
252,1.1,theta_plus20,0,1,Heston_minus_BS,3.2874219410678163,0.06999290116905152,3.150197816286915,3.4246460658487177,3.0104552219887055,3.564388660146927,4096,3.223302692463066
252,1.1,theta_plus20,0,1,Adjusted_minus_Heston,-4.100424977021708,0.1043442559420508,-4.30499642581734,-3.895853528226077,-4.513322367190176,-3.6875275868532413,4096,-4.025337195204508
252,1.1,theta_plus20,0,5,Heston_minus_BS,3.299108854778125,0.07482241801451393,3.1524162523207155,3.4458014572355347,3.0030314057094927,3.5951863038467575,4096,3.2701809369392456
252,1.1,theta_plus20,0,5,Adjusted_minus_Heston,-4.101325576628858,0.11150521690396976,-4.319936400620784,-3.882714752636931,-4.542559381347223,-3.6600917719104924,4096,-4.078520647978948
252,1.1,theta_plus20,5,1,Heston_minus_BS,3.020052967726343,0.066388568127191,2.889895294525918,3.1502106409267676,2.757348842144556,3.28275709330813,4096,2.969486656976555
252,1.1,theta_plus20,5,1,Adjusted_minus_Heston,-3.6670070724685075,0.09826851551794145,-3.8596667680981906,-3.4743473768388244,-4.055862340319776,-3.2781518046172384,4096,-3.612996010535742
252,1.1,theta_plus20,5,5,Heston_minus_BS,3.1246322545106464,0.07295835569681261,2.981594227243167,3.267670281778126,2.835931028111307,3.413333480909986,4096,3.104991064953067
252,1.1,theta_plus20,5,5,Adjusted_minus_Heston,-3.823293159902087,0.10844898057011979,-4.035912099731029,-3.610674220073145,-4.252433227455988,-3.3941530923481857,4096,-3.8151714581942775
252,1.1,theta_plus20,10,1,Heston_minus_BS,2.753033650229638,0.06341998061096145,2.62869602187585,2.877371278583426,2.5020764294187146,3.0039908710405614,4096,2.71656852112575
252,1.1,theta_plus20,10,1,Adjusted_minus_Heston,-3.246221075291608,0.09330129657925214,-3.4291423223061885,-3.063299828277027,-3.6154207165090617,-2.877021434074154,4096,-3.21390109264372
252,1.1,theta_plus20,10,5,Heston_minus_BS,2.9510179724789967,0.0713340577575419,2.811164451916868,3.090871493041125,2.6687442046294922,3.233291740328501,4096,2.940809269703899
252,1.1,theta_plus20,10,5,Adjusted_minus_Heston,-3.5490510139153706,0.1058040574373532,-3.7564844669885913,-3.34161756084215,-3.967724938902478,-3.130377088928263,4096,-3.5557876260182777
252,1.1,xi_minus20,0,1,Heston_minus_BS,2.4577206065129813,0.057100799073280334,2.3457720082087627,2.5696692048172,2.2317688212322926,2.68367239179367,4096,2.413372435271901
252,1.1,xi_minus20,0,1,Adjusted_minus_Heston,-3.313777341738147,0.08834249271075072,-3.486976638248465,-3.140578045227829,-3.6633546553327117,-2.9642000281435825,4096,-3.2503486472419896
252,1.1,xi_minus20,0,5,Heston_minus_BS,2.459421127367582,0.06053518591839626,2.3407392643878246,2.5781029903473396,2.219879237366948,2.698963017368216,4096,2.440715744352732
252,1.1,xi_minus20,0,5,Adjusted_minus_Heston,-3.309072212461456,0.09445013690146353,-3.4942458108587533,-3.1238986140641587,-3.6828178937697493,-2.9353265311531627,4096,-3.2888411965809294
252,1.1,xi_minus20,5,1,Heston_minus_BS,2.2297652750064496,0.053784164972009996,2.1243190820056785,2.3352114680072207,2.016937638747618,2.4425929112652813,4096,2.1967886023532817
252,1.1,xi_minus20,5,1,Adjusted_minus_Heston,-2.9346318485428977,0.08298363791034902,-3.097324877309906,-2.7719388197758894,-3.263003805489882,-2.6062598915959136,4096,-2.8897914107471196
252,1.1,xi_minus20,5,5,Heston_minus_BS,2.3131010249336086,0.058801049435664096,2.197819011897473,2.428383037969744,2.0804212321462,2.5457808177210173,4096,2.3022451896674943
252,1.1,xi_minus20,5,5,Adjusted_minus_Heston,-3.068824275852087,0.09174752709608941,-3.248699290264831,-2.8889492614393433,-3.431875544466476,-2.705773007237698,4096,-3.0614407963927768
252,1.1,xi_minus20,10,1,Heston_minus_BS,2.007529678710719,0.051018272236470055,1.907506138629501,2.1075532187919372,1.8056468700485748,2.2094124873728633,4096,1.986237461555522
252,1.1,xi_minus20,10,1,Adjusted_minus_Heston,-2.5669075662900758,0.0785810989280937,-2.7209692260387515,-2.4128459065414,-2.877858373989537,-2.2559567585906146,4096,-2.5411850450868942
252,1.1,xi_minus20,10,5,Heston_minus_BS,2.168695606775059,0.05727432207587133,2.0564068090825858,2.2809844044675325,1.942057179050499,2.3953340344996192,4096,2.1657821740141214
252,1.1,xi_minus20,10,5,Adjusted_minus_Heston,-2.83198187018165,0.08939341794012384,-3.007241551279579,-2.6567221890837214,-3.18571776711703,-2.4782459732462705,4096,-2.837596629158457
252,1.1,xi_plus20,0,1,Heston_minus_BS,2.758438638493232,0.07596539872187244,2.609505172682696,2.907372104303768,2.457838336232342,3.059038940754122,4096,2.6864551798986724
252,1.1,xi_plus20,0,1,Adjusted_minus_Heston,-4.135898339861695,0.12760976707051108,-4.386082834392813,-3.8857138453305784,-4.640858956119116,-3.6309377236042746,4096,-4.0410028429027145
252,1.1,xi_plus20,0,5,Heston_minus_BS,2.771725795928585,0.07923241893266647,2.6163871950032043,2.9270643968539654,2.458197670219381,3.0852539216377886,4096,2.7285251881435206
252,1.1,xi_plus20,0,5,Adjusted_minus_Heston,-4.123418242472443,0.1369589840122228,-4.391932283154455,-3.854904201790431,-4.665374352545023,-3.5814621323998623,4096,-4.086323064480789
252,1.1,xi_plus20,5,1,Heston_minus_BS,2.520975274847052,0.07103224830384991,2.381713464836162,2.6602370848579424,2.2398957877428796,2.802054761951225,4096,2.4650895499640884
252,1.1,xi_plus20,5,1,Adjusted_minus_Heston,-3.580171878234272,0.11969446239616956,-3.814838073935522,-3.345505682533022,-4.053811090041418,-3.106532666427125,4096,-3.5135433625986483
252,1.1,xi_plus20,5,5,Heston_minus_BS,2.6140823089944236,0.07655873894942047,2.463985573879963,2.764179044108884,2.31113411868522,2.9170304993036273,4096,2.5822957457448252
252,1.1,xi_plus20,5,5,Adjusted_minus_Heston,-3.7713396173069,0.13303248886193603,-4.032155593593021,-3.5105236410207783,-4.297758316283628,-3.2449209183301724,4096,-3.7534417658725236
252,1.1,xi_plus20,10,1,Heston_minus_BS,2.3027011848998256,0.06667965296339125,2.17197282722687,2.433429542572781,2.0388452166210005,2.5665571531786506,4096,2.2634215126943187
252,1.1,xi_plus20,10,1,Adjusted_minus_Heston,-3.043461118169348,0.11329429282494306,-3.265579503261352,-2.8213427330773437,-3.491774419232901,-2.5951478171057945,4096,-3.0059349331766345
252,1.1,xi_plus20,10,5,Heston_minus_BS,2.4615098262570827,0.07411465159380413,2.316204830628495,2.6068148218856706,2.1682330575452324,2.754786594968933,4096,2.4412939728846093
252,1.1,xi_plus20,10,5,Adjusted_minus_Heston,-3.424761245029153,0.12964600145051233,-3.6789378655612994,-3.170584624497007,-3.9377793806361847,-2.9117431094221216,4096,-3.42629374794363
252,1.1,rho_minus10pp,0,1,Heston_minus_BS,3.092873344166154,0.07846251589210386,2.939044171613405,3.2467025167189028,2.7823917776878444,3.403354910644463,4096,3.0112884302070784
252,1.1,rho_minus10pp,0,1,Adjusted_minus_Heston,-4.396013892989645,0.12711090177984424,-4.645220340436673,-4.146807445542617,-4.899000465015284,-3.8930273209640056,4096,-4.2968587108990866
252,1.1,rho_minus10pp,0,5,Heston_minus_BS,3.1088393578839653,0.08230025366990475,2.947486133621667,3.2701925821462634,2.783171599331174,3.4345071164367567,4096,3.061551486215088
252,1.1,rho_minus10pp,0,5,Adjusted_minus_Heston,-4.389855450264719,0.13617866968346407,-4.6568396507910945,-4.122871249738343,-4.9287238029236615,-3.8509870976057754,4096,-4.351227420680333
252,1.1,rho_minus10pp,5,1,Heston_minus_BS,2.834312293671691,0.07356774394443179,2.6900795342594566,2.9785450530839257,2.5431996761059703,3.125424911237412,4096,2.76909121989761
252,1.1,rho_minus10pp,5,1,Adjusted_minus_Heston,-3.853742704449487,0.11926491122237684,-4.087566746405317,-3.619918662493657,-4.325682152747838,-3.381803256151137,4096,-3.7821977872429047
252,1.1,rho_minus10pp,5,5,Heston_minus_BS,2.938115983510179,0.07967773390286279,2.7819043232314016,3.094327643788956,2.6228257158666928,3.253406251153665,4096,2.902273409736282
252,1.1,rho_minus10pp,5,5,Adjusted_minus_Heston,-4.044647570313634,0.13226427295080292,-4.303957425917697,-3.7853377147095713,-4.568026386146541,-3.5212687544807273,4096,-4.0248936243593105
252,1.1,rho_minus10pp,10,1,Heston_minus_BS,2.590724088687125,0.06928792907082475,2.45488209234437,2.72656608502988,2.3165469926387354,2.8649011847355146,4096,2.5424841091083
252,1.1,rho_minus10pp,10,1,Adjusted_minus_Heston,-3.3300230449519233,0.11287183245873343,-3.5513131781349556,-3.108732911768891,-3.7766646413194898,-2.8833814485843567,4096,-3.286914292388448
252,1.1,rho_minus10pp,10,5,Heston_minus_BS,2.7715774243546227,0.07729575997704526,2.620035727483017,2.9231191212262284,2.4657127911990147,3.077442057510231,4096,2.747354606126221
252,1.1,rho_minus10pp,10,5,Adjusted_minus_Heston,-3.704820233145533,0.12887419651134532,-3.9574836965501734,-3.4521567697408924,-4.214784283578215,-3.194856182712851,4096,-3.7041707378024404
252,1.1,rho_plus10pp,0,1,Heston_minus_BS,2.2225746212783872,0.05552116921057621,2.1137229559740427,2.3314262865827318,2.0028735398994537,2.4422757026573207,4096,2.182672734609527
252,1.1,rho_plus10pp,0,1,Adjusted_minus_Heston,-3.2207048567889576,0.08998184637452239,-3.3971181774068646,-3.0442915361710505,-3.5767692054696734,-2.864640508108242,4096,-3.157468032523204
252,1.1,rho_plus10pp,0,5,Heston_minus_BS,2.223408315690919,0.05839154412873967,2.1089291556069725,2.337887475774865,1.9923489635397742,2.4544676678420636,4096,2.2050000362558846
252,1.1,rho_plus10pp,0,5,Adjusted_minus_Heston,-3.2128558053646983,0.09629914540861906,-3.4016544653020797,-3.024057145427317,-3.5939181403796203,-2.8317934703497762,4096,-3.1917857199894604
252,1.1,rho_plus10pp,5,1,Heston_minus_BS,2.009422754293782,0.05204279909495107,1.9073905847784156,2.1114549238091485,1.8034858224582524,2.2153596861293114,4096,1.9809556272071154
252,1.1,rho_plus10pp,5,1,Adjusted_minus_Heston,-2.8290126239496782,0.08447115825866602,-2.994622001010331,-2.6634032468890254,-3.1632708011212203,-2.494754446778136,4096,-2.785028801734162
252,1.1,rho_plus10pp,5,5,Heston_minus_BS,2.086081259423066,0.05653627049357549,1.975239443934961,2.1969230749111714,1.862363352520552,2.3097991663255804,4096,2.0756795104145462
252,1.1,rho_plus10pp,5,5,Adjusted_minus_Heston,-2.965516964441559,0.09352970557774974,-3.1488860172248305,-2.7821479116582877,-3.3356204357598576,-2.5954134931232606,4096,-2.9576716042200566
252,1.1,rho_plus10pp,10,1,Heston_minus_BS,1.8057304895428579,0.04906965859922913,1.7095272911883055,1.9019336878974102,1.6115584789308746,1.9999025001548412,4096,1.788943133133544
252,1.1,rho_plus10pp,10,1,Adjusted_minus_Heston,-2.4491578032339945,0.07995942610846324,-2.6059217333247884,-2.2923938731432005,-2.7655627462898753,-2.1327528601781136,4096,-2.4249755567582714
252,1.1,rho_plus10pp,10,5,Heston_minus_BS,1.951473498347085,0.054876880798640594,1.8438849884764723,2.0590620082176976,1.7343219104826937,2.168625086211476,4096,1.9491616514665269
252,1.1,rho_plus10pp,10,5,Adjusted_minus_Heston,-2.7216987414623155,0.09112110671831243,-2.9003456314988783,-2.5430518514257527,-3.0822712216010255,-2.3611262613236055,4096,-2.7272338701694063
